ts_us,ax,ay,az,gx,gy,gz,mx,my,mz,temp,roll,pitch,yaw,sys_cal,gyro_cal,acc_cal,mag_cal
3969530193,-0.2400,0.6900,-9.7800,0.0625,-0.0000,0.0625,51.0625,-8.0000,42.0625,26.0,1.1250,3.9375,85.3750,3,3,3,3
3969540193,-0.2400,0.6800,-9.7800,-0.0625,0.0625,-0.0000,51.0625,-8.0000,42.0625,26.0,1.1250,3.9375,85.3750,3,3,3,3
3969550193,-0.2200,0.6700,-9.7800,-0.0625,-0.0000,-0.0625,51.0625,-8.0000,42.0625,26.0,1.1250,3.9375,85.3750,3,3,3,3
3969560193,-0.2200,0.6900,-9.8100,-0.0625,0.0625,-0.0625,51.0625,-8.0000,42.0625,26.0,1.1250,3.9375,85.3750,3,3,3,3
3969570193,-0.2200,0.7000,-9.8000,-0.1875,-0.0000,-0.0000,50.0625,-7.5625,42.8750,26.0,1.1250,3.9375,85.3750,3,3,3,3
3969580193,-0.2300,0.6700,-9.7900,-0.1250,-0.1250,0.0625,50.0625,-7.5625,42.8750,26.0,1.1250,3.9375,85.3750,3,3,3,3
3969590193,-0.2300,0.7200,-9.7900,-0.0625,0.0625,0.0625,50.0625,-7.5625,42.8750,26.0,1.1250,3.9375,85.3750,3,3,3,3
3969600193,-0.2300,0.7000,-9.7900,0.0625,0.1875,0.1250,50.0625,-7.5625,42.8750,26.0,1.1250,3.9375,85.3750,3,3,3,3
3969610193,-0.2200,0.7000,-9.8000,-0.1250,0.0625,-0.0000,50.0625,-7.5625,42.8750,26.0,1.1250,3.9375,85.3750,3,3,3,3
3969620193,-0.2200,0.6800,-9.7900,-0.1250,0.1250,-0.0000,51.0625,-7.5625,42.5625,26.0,1.1250,3.9375,85.3750,3,3,3,3
3969630193,-0.2400,0.7100,-9.7800,0.0625,0.0625,-0.0625,51.0625,-7.5625,42.5625,26.0,1.1250,3.9375,85.3750,3,3,3,3
3969640193,-0.2300,0.7200,-9.7900,-0.0000,-0.0000,-0.0625,51.0625,-7.5625,42.5625,26.0,1.1250,3.9375,85.3750,3,3,3,3
3969650193,-0.2300,0.6900,-9.8000,0.0625,-0.0000,-0.0625,51.0625,-7.5625,42.5625,26.0,1.1250,3.9375,85.3750,3,3,3,3
3969660193,-0.2300,0.7100,-9.8000,-0.0625,0.0625,0.1250,51.0625,-7.5625,42.5625,26.0,1.1250,3.9375,85.3750,3,3,3,3
3969670193,-0.2300,0.7100,-9.8100,0.0625,-0.0000,-0.0625,50.7500,-7.5625,42.1875,26.0,1.1250,3.9375,85.3750,3,3,3,3
3969680193,-0.2300,0.6800,-9.7800,0.0625,-0.0625,-0.0000,50.7500,-7.5625,42.1875,26.0,1.1250,3.9375,85.3750,3,3,3,3
3969690193,-0.2100,0.6800,-9.7700,0.1250,0.0625,-0.0000,50.7500,-7.5625,42.1875,26.0,1.1250,3.9375,85.3750,3,3,3,3
3969700193,-0.2200,0.7200,-9.7900,-0.0625,0.1250,0.1250,50.7500,-7.5625,42.1875,26.0,1.1250,3.9375,85.3750,3,3,3,3
3969710193,-0.2200,0.7000,-9.8000,-0.1250,0.1250,-0.0625,50.7500,-7.5625,42.1875,26.0,1.1250,3.9375,85.3750,3,3,3,3
3969720193,-0.2300,0.6900,-9.8100,0.0625,-0.1250,0.0625,51.5000,-6.8750,42.8750,26.0,1.1250,3.9375,85.3750,3,3,3,3
3969730193,-0.2100,0.7000,-9.8100,0.2500,0.1875,-0.0000,51.5000,-6.8750,42.8750,26.0,1.1250,3.9375,85.3750,3,3,3,3
3969740193,-0.2000,0.6900,-9.8100,-0.0625,-0.0000,-0.0625,51.5000,-6.8750,42.8750,26.0,1.1250,3.9375,85.3750,3,3,3,3
3969750193,-0.2200,0.7000,-9.7900,-0.0000,0.1250,-0.1875,51.5000,-6.8750,42.8750,26.0,1.1250,3.9375,85.3750,3,3,3,3
3969760193,-0.2300,0.6800,-9.8300,-0.0000,-0.0000,-0.0000,51.5000,-6.8750,42.8750,26.0,1.1250,3.9375,85.3750,3,3,3,3
3969770193,-0.2300,0.7000,-9.7900,-0.0625,-0.0625,-0.0000,50.3750,-7.1875,42.8750,26.0,1.1250,3.9375,85.3750,3,3,3,3
3969780193,-0.2300,0.7100,-9.8100,0.0625,-0.0000,-0.0000,50.3750,-7.1875,42.8750,26.0,1.1250,3.9375,85.3750,3,3,3,3
3969790193,-0.2300,0.6800,-9.7500,0.1250,0.1875,0.0625,50.3750,-7.1875,42.8750,26.0,1.1250,3.9375,85.3750,3,3,3,3
3969800193,-0.2300,0.7100,-9.8000,0.2500,0.0625,-0.0625,50.3750,-7.1875,42.8750,26.0,1.1250,3.9375,85.3750,3,3,3,3
3969810193,-0.2400,0.6900,-9.8000,-0.0000,0.0625,0.0625,50.3750,-7.1875,42.8750,26.0,1.1250,3.9375,85.3750,3,3,3,3
3969820193,-0.2200,0.6800,-9.8200,0.2500,0.1250,-0.0625,51.0625,-8.0000,42.8750,26.0,1.1250,3.9375,85.3750,3,3,3,3
3969830193,-0.2300,0.6700,-9.7900,0.1250,-0.1875,0.0625,51.0625,-8.0000,42.8750,26.0,1.1250,3.9375,85.3750,3,3,3,3
3969840193,-0.2300,0.7100,-9.7700,0.0625,-0.1250,-0.0625,51.0625,-8.0000,42.8750,26.0,1.1250,3.9375,85.3750,3,3,3,3
3969850193,-0.2300,0.7100,-9.7800,0.0625,0.1250,-0.0000,51.0625,-8.0000,42.8750,26.0,1.1250,3.9375,85.3750,3,3,3,3
3969860193,-0.2200,0.6900,-9.7900,0.0625,0.0625,-0.0625,51.0625,-8.0000,42.8750,26.0,1.1250,3.9375,85.3750,3,3,3,3
3969870193,-0.2100,0.7100,-9.8100,0.0625,-0.0000,0.1875,50.3750,-7.5625,43.2500,26.0,1.1250,3.9375,85.3750,3,3,3,3
3969880193,-0.2200,0.7100,-9.8100,0.0625,0.0625,-0.0000,50.3750,-7.5625,43.2500,26.0,1.1250,3.9375,85.3750,3,3,3,3
3969890193,-0.2300,0.7000,-9.7900,-0.0625,-0.0000,-0.0625,50.3750,-7.5625,43.2500,26.0,1.1250,3.9375,85.3750,3,3,3,3
3969900193,-0.2000,0.7200,-9.7900,-0.0625,-0.0625,0.1250,50.3750,-7.5625,43.2500,26.0,1.1250,3.9375,85.3750,3,3,3,3
3969910193,-0.2400,0.6900,-9.7800,-0.1250,-0.0625,-0.1250,50.3750,-7.5625,43.2500,26.0,1.1250,3.9375,85.3750,3,3,3,3
3969920193,-0.2100,0.7000,-9.8200,-0.0625,0.1250,-0.0625,51.8750,-7.1875,42.5625,26.0,1.1250,3.9375,85.3750,3,3,3,3
3969930193,-0.2300,0.6800,-9.8100,-0.0000,0.0625,0.0625,51.8750,-7.1875,42.5625,26.0,1.1250,3.9375,85.3750,3,3,3,3
3969940193,-0.2300,0.6800,-9.7700,-0.0000,-0.0000,-0.0000,51.8750,-7.1875,42.5625,26.0,1.1250,3.9375,85.3750,3,3,3,3
3969950193,-0.2400,0.6700,-9.8100,-0.1250,-0.0625,0.0625,51.8750,-7.1875,42.5625,26.0,1.1250,3.9375,85.3750,3,3,3,3
3969960193,-0.2400,0.6700,-9.7900,-0.1250,-0.1250,0.0625,51.8750,-7.1875,42.5625,26.0,1.1250,3.9375,85.3750,3,3,3,3
3969970193,-0.2400,0.6800,-9.8200,-0.0625,-0.0625,-0.0000,51.8750,-6.8750,42.1875,26.0,1.1250,3.9375,85.3750,3,3,3,3
3969980193,-0.2300,0.7200,-9.8000,0.0625,-0.0625,-0.0000,51.8750,-6.8750,42.1875,26.0,1.1250,3.9375,85.3750,3,3,3,3
3969990193,-0.2300,0.6900,-9.7900,-0.0000,-0.0000,-0.0000,51.8750,-6.8750,42.1875,26.0,1.1250,3.9375,85.3750,3,3,3,3
3970000193,-0.2300,0.7100,-9.8100,-0.0625,-0.1250,-0.0000,51.8750,-6.8750,42.1875,26.0,1.1250,3.9375,85.3750,3,3,3,3
3970010193,-0.2300,0.6800,-9.8100,-0.0625,0.0625,0.0625,51.8750,-6.8750,42.1875,26.0,1.1250,3.9375,85.3750,3,3,3,3
3970020193,-0.2100,0.6800,-9.7600,-0.0625,0.1250,-0.1250,50.0625,-7.1875,42.5625,26.0,1.1250,3.9375,85.3750,3,3,3,3
3970030193,-0.2200,0.7000,-9.8000,0.1875,-0.0000,-0.0000,50.0625,-7.1875,42.5625,26.0,1.1250,3.9375,85.3750,3,3,3,3
3970040193,-0.2100,0.7100,-9.7900,0.1250,-0.0000,-0.0625,50.0625,-7.1875,42.5625,26.0,1.1250,3.9375,85.3750,3,3,3,3
3970050193,-0.2100,0.6900,-9.7600,-0.0000,-0.1250,0.0625,50.0625,-7.1875,42.5625,26.0,1.1250,3.9375,85.3750,3,3,3,3
3970060193,-0.2100,0.7000,-9.8200,-0.0625,-0.0625,0.0625,50.0625,-7.1875,42.5625,26.0,1.1250,3.9375,85.3750,3,3,3,3
3970070193,-0.2100,0.7000,-9.7900,-0.1875,-0.0625,-0.0000,51.5000,-8.3750,42.5625,26.0,1.1250,3.9375,85.3750,3,3,3,3
3970080193,-0.2200,0.7000,-9.8100,0.0625,-0.0000,-0.0625,51.5000,-8.3750,42.5625,26.0,1.1250,3.9375,85.3750,3,3,3,3
3970090193,-0.2300,0.6900,-9.7900,-0.1250,-0.0000,-0.0000,51.5000,-8.3750,42.5625,26.0,1.1250,3.9375,85.3750,3,3,3,3
3970100193,-0.2200,0.6800,-9.7800,-0.0000,-0.0625,-0.0625,51.5000,-8.3750,42.5625,26.0,1.1250,3.9375,85.3750,3,3,3,3
3970110193,-0.2400,0.7000,-9.8700,-0.0625,-0.0625,0.1250,51.5000,-8.3750,42.5625,26.0,1.1250,3.9375,85.3750,3,3,3,3
3970120193,-0.2300,0.6900,-9.7900,-0.1250,-0.0625,-0.0625,50.7500,-8.0000,42.1875,26.0,1.1250,3.9375,85.3750,3,3,3,3
3970130193,-0.2300,0.6800,-9.7900,-0.1875,0.1875,-0.0000,50.7500,-8.0000,42.1875,26.0,1.1250,3.9375,85.3750,3,3,3,3
3970140193,-0.2200,0.7000,-9.7700,0.1250,0.0625,0.0625,50.7500,-8.0000,42.1875,26.0,1.1250,3.9375,85.3750,3,3,3,3
3970150193,-0.2400,0.6900,-9.7900,-0.0000,0.1250,-0.0000,50.7500,-8.0000,42.1875,26.0,1.1250,3.9375,85.3750,3,3,3,3
3970160193,-0.2300,0.7000,-9.7900,0.1250,-0.0000,-0.0625,50.7500,-8.0000,42.1875,26.0,1.1250,3.9375,85.3750,3,3,3,3
3970170193,-0.2300,0.7100,-9.8100,-0.1250,-0.0000,0.0625,50.5000,-7.1875,42.0625,26.0,1.1250,3.9375,85.3750,3,3,3,3
3970180193,-0.2200,0.6900,-9.8100,-0.0625,-0.0625,0.0625,50.5000,-7.1875,42.0625,26.0,1.1250,3.9375,85.3750,3,3,3,3
3970190193,-0.2200,0.6900,-9.7600,-0.0625,-0.0000,0.0625,50.5000,-7.1875,42.0625,26.0,1.1250,3.9375,85.3750,3,3,3,3
3970200193,-0.2300,0.7100,-9.7600,-0.1250,-0.0000,-0.0625,50.5000,-7.1875,42.0625,26.0,1.1250,3.9375,85.3750,3,3,3,3
3970210193,-0.2200,0.6900,-9.8100,-0.1250,0.0625,-0.0625,50.5000,-7.1875,42.0625,26.0,1.1250,3.9375,85.3750,3,3,3,3
3970220193,-0.2300,0.7100,-9.8200,-0.0625,-0.0000,-0.1250,50.0625,-6.5625,42.5625,26.0,1.1250,3.9375,85.3750,3,3,3,3
3970230193,-0.2100,0.7200,-9.8100,-0.0625,0.0625,-0.0000,50.0625,-6.5625,42.5625,26.0,1.1250,3.9375,85.3750,3,3,3,3
3970240193,-0.2300,0.7000,-9.7900,-0.0625,0.1250,-0.0000,50.0625,-6.5625,42.5625,26.0,1.1250,3.9375,85.3750,3,3,3,3
3970250193,-0.2200,0.6900,-9.7900,-0.1250,-0.1250,0.0625,50.0625,-6.5625,42.5625,26.0,1.1250,3.9375,85.3750,3,3,3,3
3970260193,-0.2300,0.7000,-9.8000,-0.0625,-0.0000,-0.0000,50.0625,-6.5625,42.5625,26.0,1.1250,3.9375,85.3750,3,3,3,3
3970270193,-0.2300,0.6800,-9.8200,-0.1250,-0.1250,-0.1250,51.0625,-7.1875,42.8750,26.0,1.1250,3.9375,85.3750,3,3,3,3
3970280193,-0.2300,0.6900,-9.7800,-0.1250,-0.1875,-0.1875,51.0625,-7.1875,42.8750,26.0,1.1250,3.9375,85.3750,3,3,3,3
3970290193,-0.2300,0.7100,-9.7900,-0.0000,-0.2500,-0.0625,51.0625,-7.1875,42.8750,26.0,1.1250,3.9375,85.3750,3,3,3,3
3970300193,-0.2100,0.7000,-9.7800,-0.3125,-0.0000,-0.0625,51.0625,-7.1875,42.8750,26.0,1.1250,3.9375,85.3750,3,3,3,3
3970310193,-0.2100,0.6900,-9.8000,-0.2500,-0.0000,0.1250,51.0625,-7.1875,42.8750,26.0,1.1250,3.9375,85.3750,3,3,3,3
3970320193,-0.2400,0.6900,-9.8100,0.1250,-0.1250,-0.0000,51.0625,-8.0000,41.0000,26.0,1.1250,3.9375,85.3750,3,3,3,3
3970330193,-0.2300,0.7100,-9.7900,-0.0625,0.0625,0.0625,51.0625,-8.0000,41.0000,26.0,1.1250,3.9375,85.3750,3,3,3,3
3970340193,-0.2300,0.6900,-9.8000,-0.1250,0.1875,0.0625,51.0625,-8.0000,41.0000,26.0,1.1250,3.9375,85.3750,3,3,3,3
3970350193,-0.2400,0.7000,-9.7800,-0.1250,-0.0000,-0.0625,51.0625,-8.0000,41.0000,26.0,1.1250,3.9375,85.3750,3,3,3,3
3970360193,-0.2300,0.7100,-9.8000,-0.1875,-0.0000,-0.0000,51.0625,-8.0000,41.0000,26.0,1.1250,3.9375,85.3750,3,3,3,3
3970370193,-0.2400,0.7100,-9.7700,-0.1875,-0.0000,-0.0625,50.7500,-8.3750,42.1875,26.0,1.1250,3.9375,85.3750,3,3,3,3
3970380193,-0.2400,0.6900,-9.8100,-0.0625,-0.0625,0.1250,50.7500,-8.3750,42.1875,26.0,1.1250,3.9375,85.3750,3,3,3,3
3970390193,-0.2300,0.6900,-9.7600,0.1250,-0.1250,-0.0625,50.7500,-8.3750,42.1875,26.0,1.1250,3.9375,85.3750,3,3,3,3
3970400193,-0.2200,0.6800,-9.8000,0.1250,-0.0000,-0.0625,50.7500,-8.3750,42.1875,26.0,1.1250,3.9375,85.3750,3,3,3,3
3970410193,-0.2300,0.6800,-9.8300,0.0625,0.0625,-0.0000,50.7500,-8.3750,42.1875,26.0,1.1250,3.9375,85.3750,3,3,3,3
3970420193,-0.2300,0.6800,-9.8000,0.1875,-0.0625,-0.0625,50.5000,-8.3750,42.0625,26.0,1.1250,3.9375,85.3750,3,3,3,3
3970430193,-0.2300,0.6800,-9.8000,-0.0625,-0.1250,0.1250,50.5000,-8.3750,42.0625,26.0,1.1250,3.9375,85.3750,3,3,3,3
3970440193,-0.2300,0.6700,-9.7900,0.1250,-0.1250,0.0625,50.5000,-8.3750,42.0625,26.0,1.1250,3.9375,85.3750,3,3,3,3
3970450193,-0.2300,0.6900,-9.8000,-0.0625,-0.0625,0.0625,50.5000,-8.3750,42.0625,26.0,1.1250,3.9375,85.3750,3,3,3,3
3970460193,-0.2200,0.7200,-9.7900,0.1250,-0.0625,-0.0625,50.5000,-8.3750,42.0625,26.0,1.1250,3.9375,85.3750,3,3,3,3
3970470193,-0.2100,0.6900,-9.7900,0.1875,-0.0000,-0.0000,51.0625,-7.5625,41.7500,26.0,1.1250,3.9375,85.3750,3,3,3,3
3970480193,-0.2300,0.6800,-9.8300,0.1875,-0.0000,-0.0000,51.0625,-7.5625,41.7500,26.0,1.1250,3.9375,85.3750,3,3,3,3
3970490193,-0.2300,0.7100,-9.8300,-0.0625,-0.1875,0.0625,51.0625,-7.5625,41.7500,26.0,1.1250,3.9375,85.3750,3,3,3,3
3970500193,-0.2200,0.7000,-9.8000,0.1875,-0.1875,0.0625,51.0625,-7.5625,41.7500,26.0,1.1250,3.9375,85.3750,3,3,3,3
3970510193,-0.2400,0.7100,-9.7700,-0.0000,-0.0000,0.0625,51.0625,-7.5625,41.7500,26.0,1.1250,3.9375,85.3750,3,3,3,3
3970520193,-0.2200,0.6800,-9.8000,-0.0625,-0.2500,-0.0625,50.7500,-7.5625,41.7500,26.0,1.1250,3.9375,85.3750,3,3,3,3
3970530193,-0.2400,0.7100,-9.8100,-0.0000,0.1250,-0.0000,50.7500,-7.5625,41.7500,26.0,1.1250,3.9375,85.3750,3,3,3,3
3970540193,-0.2400,0.6800,-9.8100,0.0625,-0.0000,0.1250,50.7500,-7.5625,41.7500,26.0,1.1250,3.9375,85.3750,3,3,3,3
3970550193,-0.2400,0.6800,-9.7800,0.0625,-0.0000,0.0625,50.7500,-7.5625,41.7500,26.0,1.1250,3.9375,85.3750,3,3,3,3
3970560193,-0.2400,0.7100,-9.8300,-0.1250,-0.1250,-0.0000,50.7500,-7.5625,41.7500,26.0,1.1250,3.9375,85.3750,3,3,3,3
3970570193,-0.2200,0.6900,-9.7800,-0.1250,-0.0000,-0.0625,51.0625,-6.8750,42.5625,26.0,1.1250,3.9375,85.3750,3,3,3,3
3970580193,-0.2200,0.6800,-9.8300,-0.0625,-0.0000,-0.0625,51.0625,-6.8750,42.5625,26.0,1.1250,3.9375,85.3750,3,3,3,3
3970590193,-0.2300,0.7100,-9.8000,-0.0000,-0.0000,-0.0000,51.0625,-6.8750,42.5625,26.0,1.1250,3.9375,85.3750,3,3,3,3
3970600193,-0.2300,0.7100,-9.7600,0.0625,-0.0000,0.0625,51.0625,-6.8750,42.5625,26.0,1.1250,3.9375,85.3750,3,3,3,3
3970610193,-0.2300,0.7100,-9.8100,-0.0000,-0.0625,0.0625,51.0625,-6.8750,42.5625,26.0,1.1250,3.9375,85.3750,3,3,3,3
3970620193,-0.2200,0.6700,-9.8000,-0.0000,-0.0000,-0.0000,51.0625,-7.1875,42.8750,26.0,1.1250,3.9375,85.3750,3,3,3,3
3970630193,-0.2200,0.7000,-9.8000,0.1250,-0.0625,-0.0000,51.0625,-7.1875,42.8750,26.0,1.1250,3.9375,85.3750,3,3,3,3
3970640193,-0.2200,0.7100,-9.8100,0.1250,-0.1875,-0.0000,51.0625,-7.1875,42.8750,26.0,1.1250,3.9375,85.3750,3,3,3,3
3970650193,-0.2200,0.7100,-9.7600,0.0625,-0.0625,-0.0000,51.0625,-7.1875,42.8750,26.0,1.1250,3.9375,85.3750,3,3,3,3
3970660193,-0.2300,0.7000,-9.7900,0.0625,0.1250,0.1250,51.0625,-7.1875,42.8750,26.0,1.1250,3.9375,85.3750,3,3,3,3
3970670193,-0.2400,0.7000,-9.8200,-0.0000,-0.1875,-0.0000,50.3750,-7.5625,43.7500,26.0,1.1250,3.9375,85.3750,3,3,3,3
3970680193,-0.2300,0.6900,-9.8000,-0.0000,-0.0000,-0.0000,50.3750,-7.5625,43.7500,26.0,1.1250,3.9375,85.3750,3,3,3,3
3970690193,-0.2400,0.7100,-9.8300,-0.0625,-0.0000,0.0625,50.3750,-7.5625,43.7500,26.0,1.1250,3.9375,85.3750,3,3,3,3
3970700193,-0.2200,0.6900,-9.7900,0.2500,0.0625,-0.1250,50.3750,-7.5625,43.7500,26.0,1.1250,3.9375,85.3750,3,3,3,3
3970710193,-0.2400,0.6800,-9.8200,0.1875,-0.1250,-0.0625,50.3750,-7.5625,43.7500,26.0,1.1250,3.9375,85.3750,3,3,3,3
3970720193,-0.2200,0.6900,-9.7800,0.1250,-0.1875,0.1250,51.0625,-6.8750,41.3750,26.0,1.1250,3.9375,85.3750,3,3,3,3
3970730193,-0.2300,0.7100,-9.8000,-0.0000,0.1250,-0.0625,51.0625,-6.8750,41.3750,26.0,1.1250,3.9375,85.3750,3,3,3,3
3970740193,-0.2000,0.6600,-9.7900,-0.0000,-0.0625,0.0625,51.0625,-6.8750,41.3750,26.0,1.1250,3.9375,85.3750,3,3,3,3
3970750193,-0.2300,0.6900,-9.8000,0.0625,-0.0000,-0.0000,51.0625,-6.8750,41.3750,26.0,1.1250,3.9375,85.3750,3,3,3,3
3970760193,-0.2300,0.7000,-9.8000,0.1250,-0.0000,-0.0625,51.0625,-6.8750,41.3750,26.0,1.1250,3.9375,85.3750,3,3,3,3
3970770193,-0.2300,0.7100,-9.8000,0.1250,-0.0000,-0.0625,51.0625,-6.8750,41.3750,26.0,1.1250,3.9375,85.3750,3,3,3,3
3970780193,-0.2300,0.6900,-9.8000,0.1875,-0.0625,-0.1875,51.0625,-7.5625,42.8750,26.0,1.1250,3.9375,85.3750,3,3,3,3
3970790193,-0.2300,0.7100,-9.7700,0.0625,-0.0000,-0.0000,51.0625,-7.5625,42.8750,26.0,1.1250,3.9375,85.3750,3,3,3,3
3970800193,-0.2300,0.6800,-9.8100,-0.0000,-0.0625,0.0625,51.0625,-7.5625,42.8750,26.0,1.1250,3.9375,85.3750,3,3,3,3
3970810193,-0.2300,0.7000,-9.8000,-0.0000,-0.0625,0.0625,51.0625,-7.5625,42.8750,26.0,1.1250,3.9375,85.3750,3,3,3,3
3970820193,-0.2400,0.7000,-9.8000,0.1875,-0.0625,-0.1250,51.0625,-7.5625,42.8750,26.0,1.1250,3.9375,85.3750,3,3,3,3
3970830193,-0.2400,0.6800,-9.7900,-0.0000,-0.0625,-0.0625,50.7500,-6.5625,42.5625,26.0,1.1250,3.9375,85.3750,3,3,3,3
3970840193,-0.2200,0.6900,-9.7900,0.1875,-0.1875,-0.0625,50.7500,-6.5625,42.5625,26.0,1.1250,3.9375,85.3750,3,3,3,3
3970850193,-0.2300,0.7000,-9.7900,-0.0000,0.0625,-0.0000,50.7500,-6.5625,42.5625,26.0,1.1250,3.9375,85.3750,3,3,3,3
3970860193,-0.2300,0.6900,-9.8000,0.0625,-0.0625,-0.0000,50.7500,-6.5625,42.5625,26.0,1.1250,3.9375,85.3750,3,3,3,3
3970870193,-0.2200,0.6900,-9.8100,-0.0000,-0.0625,-0.1875,50.7500,-6.5625,42.5625,26.0,1.1250,3.9375,85.3750,3,3,3,3
3970880193,-0.2200,0.7200,-9.8100,0.1250,0.1250,0.0625,51.0625,-6.8750,41.7500,26.0,1.1250,3.9375,85.3750,3,3,3,3
3970890193,-0.2000,0.6900,-9.7900,-0.1250,-0.0625,-0.0625,51.0625,-6.8750,41.7500,26.0,1.1250,3.9375,85.3750,3,3,3,3
3970900193,-0.2400,0.6800,-9.7900,0.0625,0.0625,0.0625,51.0625,-6.8750,41.7500,26.0,1.1250,3.9375,85.3750,3,3,3,3
3970910193,-0.2300,0.7100,-9.8000,0.0625,0.0625,-0.1250,51.0625,-6.8750,41.7500,26.0,1.1250,3.9375,85.3750,3,3,3,3
3970920193,-0.2300,0.6900,-9.8100,0.1875,-0.1250,0.0625,51.0625,-6.8750,41.7500,26.0,1.1250,3.9375,85.3750,3,3,3,3
3970930193,-0.2100,0.7100,-9.7800,-0.0000,0.0625,0.1875,51.0625,-7.1875,42.5625,26.0,1.1250,3.9375,85.3750,3,3,3,3
3970940193,-0.2300,0.6900,-9.7900,-0.0000,0.0625,0.1250,51.0625,-7.1875,42.5625,26.0,1.1250,3.9375,85.3750,3,3,3,3
3970950193,-0.2300,0.6900,-9.7700,-0.0625,0.0625,0.0625,51.0625,-7.1875,42.5625,26.0,1.1250,3.9375,85.3750,3,3,3,3
3970960193,-0.2200,0.7000,-9.7700,-0.0625,-0.0625,0.0625,51.0625,-7.1875,42.5625,26.0,1.1250,3.9375,85.3750,3,3,3,3
3970970193,-0.2100,0.6900,-9.8100,-0.1250,0.0625,-0.0000,51.0625,-7.1875,42.5625,26.0,1.1250,3.9375,85.3750,3,3,3,3
3970980193,-0.2100,0.7000,-9.8200,-0.1250,0.1250,-0.0625,51.5000,-6.8750,41.7500,26.0,1.1250,3.9375,85.3750,3,3,3,3
3970990193,-0.2300,0.7000,-9.8000,0.0625,-0.0000,0.0625,51.5000,-6.8750,41.7500,26.0,1.1250,3.9375,85.3750,3,3,3,3
3971000193,-0.2000,0.6900,-9.7700,-0.0000,-0.0000,0.0625,51.5000,-6.8750,41.7500,26.0,1.1250,3.9375,85.3750,3,3,3,3
3971010193,-0.2300,0.6900,-9.8000,0.0625,0.1250,0.0625,51.5000,-6.8750,41.7500,26.0,1.1250,3.9375,85.3750,3,3,3,3
3971020193,-0.2400,0.7000,-9.8000,-0.0625,0.0625,0.0625,51.5000,-6.8750,41.7500,26.0,1.1250,3.9375,85.3750,3,3,3,3
3971030193,-0.2200,0.7000,-9.8100,-0.1250,-0.1875,-0.0625,50.7500,-8.3750,41.7500,26.0,1.1250,3.9375,85.3750,3,3,3,3
3971040193,-0.2500,0.7000,-9.7900,-0.0000,-0.1250,0.0625,50.7500,-8.3750,41.7500,26.0,1.1250,3.9375,85.3750,3,3,3,3
3971050193,-0.2300,0.7100,-9.7700,-0.1250,-0.0625,0.1250,50.7500,-8.3750,41.7500,26.0,1.1250,3.9375,85.3750,3,3,3,3
3971060193,-0.2200,0.7000,-9.8100,-0.0625,0.1250,0.1250,50.7500,-8.3750,41.7500,26.0,1.1250,3.9375,85.3750,3,3,3,3
3971070193,-0.2200,0.7100,-9.8000,0.0625,0.1250,-0.0625,50.7500,-8.3750,41.7500,26.0,1.1250,3.9375,85.3750,3,3,3,3
3971080193,-0.2100,0.6900,-9.8100,0.0625,0.0625,0.2500,50.5000,-7.5625,42.8750,26.0,1.1250,3.9375,85.3750,3,3,3,3
3971090193,-0.2300,0.6800,-9.8000,-0.0625,0.1250,-0.0000,50.5000,-7.5625,42.8750,26.0,1.1250,3.9375,85.3750,3,3,3,3
3971100193,-0.2300,0.6800,-9.7700,-0.0625,0.1250,0.0625,50.5000,-7.5625,42.8750,26.0,1.1250,3.9375,85.3750,3,3,3,3
3971110193,-0.2300,0.6900,-9.7800,-0.0625,-0.0625,0.0625,50.5000,-7.5625,42.8750,26.0,1.1250,3.9375,85.3750,3,3,3,3
3971120193,-0.2200,0.6900,-9.8300,-0.0625,-0.0000,0.1250,50.5000,-7.5625,42.8750,26.0,1.1250,3.9375,85.3750,3,3,3,3
3971130193,-0.2300,0.7000,-9.8200,-0.0625,-0.0625,-0.0625,51.0625,-8.6875,41.7500,26.0,1.1250,3.9375,85.3750,3,3,3,3
3971140193,-0.2400,0.7100,-9.8000,-0.0625,-0.0625,-0.0625,51.0625,-8.6875,41.7500,26.0,1.1250,3.9375,85.3750,3,3,3,3
3971150193,-0.2400,0.6800,-9.7700,-0.0000,-0.0625,0.1250,51.0625,-8.6875,41.7500,26.0,1.1250,3.9375,85.3750,3,3,3,3
3971160193,-0.2100,0.7000,-9.8000,0.0625,0.1250,-0.0000,51.0625,-8.6875,41.7500,26.0,1.1250,3.9375,85.3750,3,3,3,3
3971170193,-0.2200,0.7200,-9.8100,0.0625,0.0625,-0.1250,51.0625,-8.6875,41.7500,26.0,1.1250,3.9375,85.3750,3,3,3,3
3971180193,-0.2300,0.7100,-9.8000,-0.0000,0.0625,-0.0000,50.7500,-7.5625,43.3750,26.0,1.1250,3.9375,85.3750,3,3,3,3
3971190193,-0.2300,0.6900,-9.8000,0.0625,0.1250,0.0625,50.7500,-7.5625,43.3750,26.0,1.1250,3.9375,85.3750,3,3,3,3
3971200193,-0.2200,0.6800,-9.7800,-0.1250,-0.1250,0.0625,50.7500,-7.5625,43.3750,26.0,1.1250,3.9375,85.3750,3,3,3,3
3971210193,-0.2300,0.7000,-9.8000,-0.0000,-0.0625,-0.1250,50.7500,-7.5625,43.3750,26.0,1.1250,3.9375,85.3750,3,3,3,3
3971220193,-0.2300,0.7000,-9.8000,-0.1875,-0.0000,-0.0000,50.7500,-7.5625,43.3750,26.0,1.1250,3.9375,85.3750,3,3,3,3
3971230193,-0.2200,0.7100,-9.8100,-0.1250,0.1250,-0.0625,51.0625,-7.5625,42.1875,26.0,1.1250,3.9375,85.3750,3,3,3,3
3971240193,-0.2300,0.7200,-9.8100,0.1250,0.2500,0.0625,51.0625,-7.5625,42.1875,26.0,1.1250,3.9375,85.3750,3,3,3,3
3971250193,-0.2300,0.7100,-9.7800,-0.0000,0.3125,0.0625,51.0625,-7.5625,42.1875,26.0,1.1250,3.9375,85.3750,3,3,3,3
3971260193,-0.2300,0.6900,-9.7700,0.0625,-0.0000,-0.0000,51.0625,-7.5625,42.1875,26.0,1.1250,3.9375,85.3750,3,3,3,3
3971270193,-0.2200,0.7000,-9.8100,-0.0000,-0.0000,-0.0625,51.0625,-7.5625,42.1875,26.0,1.1250,3.9375,85.3750,3,3,3,3
3971280193,-0.2300,0.7100,-9.8200,-0.0625,-0.1250,0.0625,50.7500,-7.1875,42.5625,26.0,1.1250,3.9375,85.3750,3,3,3,3
3971290193,-0.2200,0.7000,-9.8100,-0.0000,-0.1250,0.0625,50.7500,-7.1875,42.5625,26.0,1.1250,3.9375,85.3750,3,3,3,3
3971300193,-0.2200,0.6800,-9.7900,-0.0000,-0.2500,-0.1250,50.7500,-7.1875,42.5625,26.0,1.1250,3.9375,85.3750,3,3,3,3
3971310193,-0.2200,0.7200,-9.8000,-0.1250,-0.0000,0.1875,50.7500,-7.1875,42.5625,26.0,1.1250,3.9375,85.3750,3,3,3,3
3971320193,-0.2400,0.7000,-9.8000,-0.0000,0.1875,0.0625,50.7500,-7.1875,42.5625,26.0,1.1250,3.9375,85.3750,3,3,3,3
3971330193,-0.2300,0.6800,-9.7800,-0.1250,0.0625,0.1875,50.7500,-8.0000,42.1875,26.0,1.1250,3.9375,85.3750,3,3,3,3
3971340193,-0.2300,0.7000,-9.7700,-0.1250,0.1875,-0.0000,50.7500,-8.0000,42.1875,26.0,1.1250,3.9375,85.3750,3,3,3,3
3971350193,-0.2200,0.7100,-9.7600,-0.0000,-0.0000,-0.0625,50.7500,-8.0000,42.1875,26.0,1.1250,3.9375,85.3750,3,3,3,3
3971360193,-0.2300,0.7000,-9.8000,-0.0000,-0.1250,-0.0625,50.7500,-8.0000,42.1875,26.0,1.1250,3.9375,85.3750,3,3,3,3
3971370193,-0.2300,0.7100,-9.8000,0.1250,-0.0625,0.0625,50.7500,-8.0000,42.1875,26.0,1.1250,3.9375,85.3750,3,3,3,3
3971380193,-0.2400,0.7000,-9.7800,-0.1250,0.0625,-0.0000,50.7500,-7.5625,42.1875,26.0,1.1250,3.9375,85.3750,3,3,3,3
3971390193,-0.2200,0.7100,-9.7800,-0.0000,-0.0625,-0.0625,50.7500,-7.5625,42.1875,26.0,1.1250,3.9375,85.3750,3,3,3,3
3971400193,-0.2300,0.6800,-9.8100,-0.0000,0.0625,-0.0000,50.7500,-7.5625,42.1875,26.0,1.1250,3.9375,85.3750,3,3,3,3
3971410193,-0.2300,0.7000,-9.7900,-0.0625,-0.0000,0.0625,50.7500,-7.5625,42.1875,26.0,1.1250,3.9375,85.3750,3,3,3,3
3971420193,-0.2100,0.7100,-9.8200,0.0625,-0.0000,-0.0625,50.7500,-7.5625,42.1875,26.0,1.1250,3.9375,85.3750,3,3,3,3
3971430193,-0.2300,0.6800,-9.7900,-0.0625,-0.0625,-0.0000,50.7500,-7.1875,41.7500,26.0,1.1250,3.9375,85.3750,3,3,3,3
3971440193,-0.2500,0.6900,-9.7900,-0.0625,-0.1250,-0.0625,50.7500,-7.1875,41.7500,26.0,1.1250,3.9375,85.3750,3,3,3,3
3971450193,-0.2200,0.7100,-9.7700,-0.1250,-0.0000,0.0625,50.7500,-7.1875,41.7500,26.0,1.1250,3.9375,85.3750,3,3,3,3
3971460193,-0.2300,0.6900,-9.8000,-0.0625,-0.0625,-0.0000,50.7500,-7.1875,41.7500,26.0,1.1250,3.9375,85.3750,3,3,3,3
3971470193,-0.2400,0.6900,-9.8000,-0.0625,0.1250,0.0625,50.7500,-7.1875,41.7500,26.0,1.1250,3.9375,85.3750,3,3,3,3
3971480193,-0.2300,0.6800,-9.8000,-0.0625,-0.1250,0.1250,51.0625,-6.8750,41.3750,26.0,1.1250,3.9375,85.3750,3,3,3,3
3971490193,-0.2300,0.6900,-9.8000,-0.0625,0.0625,-0.0000,51.0625,-6.8750,41.3750,26.0,1.1250,3.9375,85.3750,3,3,3,3
3971500193,-0.2500,0.7100,-9.7900,-0.0625,-0.1250,0.0625,51.0625,-6.8750,41.3750,26.0,1.1250,3.9375,85.3750,3,3,3,3
3971510193,-0.2300,0.7000,-9.8100,-0.0000,-0.0000,-0.1250,51.0625,-6.8750,41.3750,26.0,1.1250,3.9375,85.3750,3,3,3,3
3971520193,-0.2300,0.6700,-9.8000,-0.0625,0.1875,-0.0625,51.0625,-6.8750,41.3750,26.0,1.1250,3.9375,85.3750,3,3,3,3
3971530193,-0.2200,0.6900,-9.8200,-0.0625,-0.0625,0.1250,49.6875,-7.5625,43.2500,26.0,1.1250,3.9375,85.3750,3,3,3,3
3971540193,-0.2200,0.6900,-9.7900,-0.0625,-0.0625,-0.0625,49.6875,-7.5625,43.2500,26.0,1.1250,3.9375,85.3750,3,3,3,3
3971550193,-0.2300,0.6900,-9.7600,-0.2500,-0.0625,-0.1250,49.6875,-7.5625,43.2500,26.0,1.1250,3.9375,85.3750,3,3,3,3
3971560193,-0.2300,0.7100,-9.7900,0.1875,0.0625,0.1250,49.6875,-7.5625,43.2500,26.0,1.1250,3.9375,85.3750,3,3,3,3
3971570193,-0.2100,0.7000,-9.8200,0.0625,-0.0000,0.0625,49.6875,-7.5625,43.2500,26.0,1.1250,3.9375,85.3750,3,3,3,3
3971580193,-0.2200,0.6900,-9.8000,-0.0625,0.1875,0.0625,50.7500,-8.6875,42.0625,26.0,1.1250,3.9375,85.3750,3,3,3,3
3971590193,-0.2300,0.6800,-9.8300,-0.0000,0.2500,-0.0625,50.7500,-8.6875,42.0625,26.0,1.1250,3.9375,85.3750,3,3,3,3
3971600193,-0.2300,0.7200,-9.7900,-0.1250,-0.0000,0.1250,50.7500,-8.6875,42.0625,26.0,1.1250,3.9375,85.3750,3,3,3,3
3971610193,-0.2200,0.7100,-9.7800,-0.0625,-0.0000,0.0625,50.7500,-8.6875,42.0625,26.0,1.1250,3.9375,85.3750,3,3,3,3
3971620193,-0.2200,0.6900,-9.8200,-0.0000,-0.0000,-0.0625,50.7500,-8.6875,42.0625,26.0,1.1250,3.9375,85.3750,3,3,3,3
3971630193,-0.2300,0.7000,-9.8000,-0.0000,0.1250,0.0625,50.5000,-8.0000,41.3750,26.0,1.1250,3.9375,85.3750,3,3,3,3
3971640193,-0.2300,0.7100,-9.7900,-0.1875,-0.1875,-0.0000,50.5000,-8.0000,41.3750,26.0,1.1250,3.9375,85.3750,3,3,3,3
3971650193,-0.2300,0.6900,-9.7700,-0.0625,0.0625,0.0625,50.5000,-8.0000,41.3750,26.0,1.1250,3.9375,85.3750,3,3,3,3
3971660193,-0.2200,0.6900,-9.7800,-0.0625,0.1250,-0.0625,50.5000,-8.0000,41.3750,26.0,1.1250,3.9375,85.3750,3,3,3,3
3971670193,-0.2300,0.7100,-9.8000,-0.0000,-0.0625,0.0625,50.5000,-8.0000,41.3750,26.0,1.1250,3.9375,85.3750,3,3,3,3
3971680193,-0.2300,0.6900,-9.8100,0.0625,-0.1875,-0.0000,51.5000,-6.8750,41.7500,26.0,1.1250,3.9375,85.3750,3,3,3,3
3971690193,-0.2200,0.6900,-9.8000,-0.1250,-0.0000,-0.0625,51.5000,-6.8750,41.7500,26.0,1.1250,3.9375,85.3750,3,3,3,3
3971700193,-0.2300,0.7000,-9.8100,-0.1875,0.0625,0.0625,51.5000,-6.8750,41.7500,26.0,1.1250,3.9375,85.3750,3,3,3,3
3971710193,-0.2300,0.7100,-9.8000,-0.1875,0.0625,-0.0000,51.5000,-6.8750,41.7500,26.0,1.1250,3.9375,85.3750,3,3,3,3
3971720193,-0.2300,0.6800,-9.7900,0.0625,0.0625,-0.0000,51.5000,-6.8750,41.7500,26.0,1.1250,3.9375,85.3750,3,3,3,3
3971730193,-0.2300,0.7000,-9.8100,-0.1250,0.2500,0.1250,50.7500,-7.1875,42.5625,26.0,1.1250,3.9375,85.3750,3,3,3,3
3971740193,-0.2300,0.6900,-9.8000,-0.0625,0.1875,-0.0000,50.7500,-7.1875,42.5625,26.0,1.1250,3.9375,85.3750,3,3,3,3
3971750193,-0.2300,0.6900,-9.7800,-0.0000,-0.0000,-0.1250,50.7500,-7.1875,42.5625,26.0,1.1250,3.9375,85.3750,3,3,3,3
3971760193,-0.2300,0.7000,-9.7900,-0.0000,-0.0000,-0.0000,50.7500,-7.1875,42.5625,26.0,1.1250,3.9375,85.3750,3,3,3,3
3971770193,-0.2300,0.7000,-9.8100,-0.0625,-0.0625,0.0625,50.7500,-7.1875,42.5625,26.0,1.1250,3.9375,85.3750,3,3,3,3
3971780193,-0.2400,0.7000,-9.7800,-0.0625,-0.0000,0.0625,50.0625,-7.1875,41.3750,26.0,1.1250,3.9375,85.3750,3,3,3,3
3971790193,-0.2300,0.7000,-9.7900,-0.0625,-0.0000,0.0625,50.0625,-7.1875,41.3750,26.0,1.1250,3.9375,85.3750,3,3,3,3
3971800193,-0.2400,0.7100,-9.7800,-0.0625,-0.0625,0.1250,50.0625,-7.1875,41.3750,26.0,1.1250,3.9375,85.3750,3,3,3,3
3971810193,-0.2100,0.6900,-9.8200,0.0625,-0.0000,-0.0000,50.0625,-7.1875,41.3750,26.0,1.1250,3.9375,85.3750,3,3,3,3
3971820193,-0.2300,0.6900,-9.7700,-0.0000,0.1250,0.0625,50.0625,-7.1875,41.3750,26.0,1.1250,3.9375,85.3750,3,3,3,3
3971830193,-0.2200,0.7000,-9.8200,0.1875,0.0625,0.0625,50.7500,-7.5625,42.1875,26.0,1.1250,3.9375,85.3750,3,3,3,3
3971840193,-0.2300,0.7000,-9.7800,-0.0000,0.1250,-0.0625,50.7500,-7.5625,42.1875,26.0,1.1250,3.9375,85.3750,3,3,3,3
3971850193,-0.2300,0.7100,-9.8000,-0.0000,-0.0625,-0.1250,50.7500,-7.5625,42.1875,26.0,1.1250,3.9375,85.3750,3,3,3,3
3971860193,-0.2300,0.6900,-9.8100,-0.0625,-0.0625,-0.0000,50.7500,-7.5625,42.1875,26.0,1.1250,3.9375,85.3750,3,3,3,3
3971870193,-0.2300,0.7200,-9.8000,-0.0000,0.0625,-0.1875,50.7500,-7.5625,42.1875,26.0,1.1250,3.9375,85.3750,3,3,3,3
3971880193,-0.2300,0.7100,-9.8200,-0.1875,-0.0000,0.0625,51.8750,-7.1875,41.7500,26.0,1.1250,3.9375,85.3750,3,3,3,3
3971890193,-0.2400,0.7100,-9.8100,-0.0000,0.4375,0.0625,51.8750,-7.1875,41.7500,26.0,1.1250,3.9375,85.3750,3,3,3,3
3971900193,-0.2200,0.7000,-9.7600,-0.0000,0.1250,-0.0000,51.8750,-7.1875,41.7500,26.0,1.1250,3.9375,85.3750,3,3,3,3
3971910193,-0.2300,0.6800,-9.7700,-0.0000,0.0625,0.0625,51.8750,-7.1875,41.7500,26.0,1.1250,3.9375,85.3750,3,3,3,3
3971920193,-0.2200,0.7000,-9.7900,-0.0000,0.1250,0.1875,51.8750,-7.1875,41.7500,26.0,1.1250,3.9375,85.3750,3,3,3,3
3971930193,-0.2100,0.7100,-9.7800,-0.0000,0.1875,0.1250,50.5000,-8.0000,42.0625,26.0,1.1250,3.9375,85.3750,3,3,3,3
3971940193,-0.2300,0.7100,-9.8100,-0.0625,-0.0625,0.0625,50.5000,-8.0000,42.0625,26.0,1.1250,3.9375,85.3750,3,3,3,3
3971950193,-0.2100,0.7000,-9.7900,-0.0625,0.0625,-0.0000,50.5000,-8.0000,42.0625,26.0,1.1250,3.9375,85.3750,3,3,3,3
3971960193,-0.2100,0.6900,-9.7900,-0.0625,0.2500,-0.0000,50.5000,-8.0000,42.0625,26.0,1.1250,3.9375,85.3750,3,3,3,3
3971970193,-0.2300,0.6900,-9.8000,0.0625,-0.0625,-0.0000,50.5000,-8.0000,42.0625,26.0,1.1250,3.9375,85.3750,3,3,3,3
3971980193,-0.2300,0.6900,-9.8300,-0.0625,0.1250,-0.0625,51.0625,-7.5625,42.8750,26.0,1.1250,3.9375,85.3750,3,3,3,3
3971990193,-0.2300,0.7000,-9.8000,-0.1875,-0.1250,0.1250,51.0625,-7.5625,42.8750,26.0,1.1250,3.9375,85.3750,3,3,3,3
3972000193,-0.2300,0.6700,-9.7800,0.1250,-0.0625,0.0625,51.0625,-7.5625,42.8750,26.0,1.1250,3.9375,85.3750,3,3,3,3
3972010193,-0.2100,0.7100,-9.7800,-0.0000,-0.0000,0.1875,51.0625,-7.5625,42.8750,26.0,1.1250,3.9375,85.3750,3,3,3,3
3972020193,-0.2200,0.7100,-9.8000,-0.1875,0.1875,-0.0000,51.0625,-7.5625,42.8750,26.0,1.1250,3.9375,85.3750,3,3,3,3
3972030193,-0.2300,0.6800,-9.8200,-0.0000,-0.0625,-0.0000,51.5000,-8.6875,42.5625,26.0,1.1250,3.9375,85.3750,3,3,3,3
3972040193,-0.2300,0.7000,-9.8300,0.1250,0.0625,-0.0625,51.5000,-8.6875,42.5625,26.0,1.1250,3.9375,85.3750,3,3,3,3
3972050193,-0.2300,0.7000,-9.7800,0.1250,-0.0625,-0.1250,51.5000,-8.6875,42.5625,26.0,1.1250,3.9375,85.3750,3,3,3,3
3972060193,-0.2300,0.7000,-9.8300,0.0625,-0.0000,0.0625,51.5000,-8.6875,42.5625,26.0,1.1250,3.9375,85.3750,3,3,3,3
3972070193,-0.2200,0.7000,-9.8100,-0.1250,-0.0000,-0.0000,51.5000,-8.6875,42.5625,26.0,1.1250,3.9375,85.3750,3,3,3,3
3972080193,-0.2300,0.7100,-9.8200,-0.0625,-0.1875,0.0625,50.3750,-7.1875,42.5625,26.0,1.1250,3.9375,85.3750,3,3,3,3
3972090193,-0.2300,0.7000,-9.8100,0.0625,-0.0625,-0.0000,50.3750,-7.1875,42.5625,26.0,1.1250,3.9375,85.3750,3,3,3,3
3972100193,-0.2300,0.6900,-9.7900,0.0625,0.0625,0.0625,50.3750,-7.1875,42.5625,26.0,1.1250,3.9375,85.3750,3,3,3,3
3972110193,-0.2100,0.6800,-9.8100,-0.0000,0.1250,-0.0000,50.3750,-7.1875,42.5625,26.0,1.1250,3.9375,85.3750,3,3,3,3
3972120193,-0.2200,0.6900,-9.8100,-0.0000,-0.0625,0.0625,50.3750,-7.1875,42.5625,26.0,1.1250,3.9375,85.3750,3,3,3,3
3972130193,-0.2300,0.7000,-9.7900,0.0625,-0.0625,-0.1250,51.0625,-6.8750,41.7500,26.0,1.1250,3.9375,85.3750,3,3,3,3
3972140193,-0.2100,0.7100,-9.8100,-0.0000,-0.0625,0.0625,51.0625,-6.8750,41.7500,26.0,1.1250,3.9375,85.3750,3,3,3,3
3972150193,-0.2100,0.6800,-9.7800,-0.0625,-0.1250,-0.0625,51.0625,-6.8750,41.7500,26.0,1.1250,3.9375,85.3750,3,3,3,3
3972160193,-0.2100,0.6900,-9.8000,-0.0625,0.0625,-0.0625,51.0625,-6.8750,41.7500,26.0,1.1250,3.9375,85.3750,3,3,3,3
3972170193,-0.2300,0.7000,-9.7800,-0.0000,-0.1250,-0.0000,51.0625,-6.8750,41.7500,26.0,1.1250,3.9375,85.3750,3,3,3,3
3972180193,-0.2200,0.7100,-9.8100,0.1250,-0.0625,-0.0000,51.8750,-6.8750,42.5625,26.0,1.1250,3.9375,85.3750,3,3,3,3
3972190193,-0.2300,0.7000,-9.7900,0.2500,0.1875,-0.0625,51.8750,-6.8750,42.5625,26.0,1.1250,3.9375,85.3750,3,3,3,3
3972200193,-0.2300,0.6900,-9.7700,0.1250,0.1250,0.0625,51.8750,-6.8750,42.5625,26.0,1.1250,3.9375,85.3750,3,3,3,3
3972210193,-0.2300,0.7100,-9.7900,-0.0625,-0.0625,0.1250,51.8750,-6.8750,42.5625,26.0,1.1250,3.9375,85.3750,3,3,3,3
3972220193,-0.2300,0.7100,-9.8100,-0.0000,0.1250,-0.0000,51.8750,-6.8750,42.5625,26.0,1.1250,3.9375,85.3750,3,3,3,3
3972230193,-0.2400,0.7100,-9.8200,0.0625,-0.0000,0.0625,51.0625,-7.1875,41.3750,26.0,1.1250,3.9375,85.3750,3,3,3,3
3972240193,-0.2400,0.7000,-9.8000,-0.0000,-0.0000,0.0625,51.0625,-7.1875,41.3750,26.0,1.1250,3.9375,85.3750,3,3,3,3
3972250193,-0.2300,0.6900,-9.7600,0.1875,0.2500,-0.0625,51.0625,-7.1875,41.3750,26.0,1.1250,3.9375,85.3750,3,3,3,3
3972260193,-0.2200,0.6900,-9.7800,-0.0000,-0.0625,-0.0625,51.0625,-7.1875,41.3750,26.0,1.1250,3.9375,85.3750,3,3,3,3
3972270193,-0.2300,0.7000,-9.7800,-0.1250,0.1250,-0.0000,51.0625,-7.1875,41.3750,26.0,1.1250,3.9375,85.3750,3,3,3,3
3972280193,-0.2300,0.6900,-9.8000,0.0625,-0.1250,-0.0625,50.5000,-8.0000,42.5625,26.0,1.1250,3.9375,85.3750,3,3,3,3
3972290193,-0.2300,0.6900,-9.8100,-0.0625,-0.0000,-0.0625,50.5000,-8.0000,42.5625,26.0,1.1250,3.9375,85.3750,3,3,3,3
3972300193,-0.2300,0.6900,-9.8000,0.0625,0.1250,-0.0000,50.5000,-8.0000,42.5625,26.0,1.1250,3.9375,85.3750,3,3,3,3
3972310193,-0.2300,0.7000,-9.8100,-0.1250,0.0625,-0.0000,50.5000,-8.0000,42.5625,26.0,1.1250,3.9375,85.3750,3,3,3,3
3972320193,-0.2200,0.6800,-9.8000,0.1250,-0.0000,-0.0625,50.5000,-8.0000,42.5625,26.0,1.1250,3.9375,85.3750,3,3,3,3
3972330193,-0.2200,0.6900,-9.8200,0.0625,-0.0000,-0.0000,50.7500,-7.5625,42.5625,26.0,1.1250,3.9375,85.3750,3,3,3,3
3972340193,-0.2300,0.6900,-9.8000,-0.1875,-0.1250,-0.0000,50.7500,-7.5625,42.5625,26.0,1.1250,3.9375,85.3750,3,3,3,3
3972350193,-0.2400,0.7000,-9.7900,0.0625,0.1250,0.0625,50.7500,-7.5625,42.5625,26.0,1.1250,3.9375,85.3750,3,3,3,3
3972360193,-0.2200,0.6800,-9.7900,-0.0000,0.0625,0.1250,50.7500,-7.5625,42.5625,26.0,1.1250,3.9375,85.3750,3,3,3,3
3972370193,-0.2200,0.6900,-9.8000,-0.0625,0.3125,0.1250,50.7500,-7.5625,42.5625,26.0,1.1250,3.9375,85.3750,3,3,3,3
3972380193,-0.2300,0.6800,-9.8200,-0.0625,0.1250,-0.0000,51.0625,-8.0000,42.1875,26.0,1.1250,3.9375,85.3750,3,3,3,3
3972390193,-0.2200,0.6800,-9.8200,0.1875,0.0625,-0.0000,51.0625,-8.0000,42.1875,26.0,1.1250,3.9375,85.3750,3,3,3,3
3972400193,-0.2200,0.6800,-9.7600,0.0625,-0.0000,-0.0000,51.0625,-8.0000,42.1875,26.0,1.1250,3.9375,85.3750,3,3,3,3
3972410193,-0.2300,0.7000,-9.8000,-0.0625,-0.0000,-0.0000,51.0625,-8.0000,42.1875,26.0,1.1250,3.9375,85.3750,3,3,3,3
3972420193,-0.2300,0.7000,-9.8200,-0.0000,-0.0625,0.1250,51.0625,-8.0000,42.1875,26.0,1.1250,3.9375,85.3750,3,3,3,3
3972430193,-0.2100,0.7100,-9.8000,-0.1875,-0.0625,-0.0625,50.0625,-7.1875,42.1875,26.0,1.1250,3.9375,85.3750,3,3,3,3
3972440193,-0.2200,0.6900,-9.7900,-0.0000,-0.0625,-0.0625,50.0625,-7.1875,42.1875,26.0,1.1250,3.9375,85.3750,3,3,3,3
3972450193,-0.2400,0.6900,-9.7700,0.0625,-0.0625,0.1250,50.0625,-7.1875,42.1875,26.0,1.1250,3.9375,85.3750,3,3,3,3
3972460193,-0.2300,0.7100,-9.7900,0.0625,-0.0625,-0.0625,50.0625,-7.1875,42.1875,26.0,1.1250,3.9375,85.3750,3,3,3,3
3972470193,-0.2300,0.7100,-9.7900,-0.0625,-0.1250,-0.0000,50.0625,-7.1875,42.1875,26.0,1.1250,3.9375,85.3750,3,3,3,3
3972480193,-0.2300,0.7000,-9.8400,0.1875,0.1875,-0.0000,50.7500,-6.5625,42.8750,26.0,1.1250,3.9375,85.3750,3,3,3,3
3972490193,-0.2200,0.6800,-9.8000,-0.0625,-0.0625,-0.0625,50.7500,-6.5625,42.8750,26.0,1.1250,3.9375,85.3750,3,3,3,3
3972500193,-0.2300,0.7100,-9.8100,-0.0000,-0.0625,0.1875,50.7500,-6.5625,42.8750,26.0,1.1250,3.9375,85.3750,3,3,3,3
3972510193,-0.2300,0.6900,-9.7900,0.1250,-0.0000,-0.1250,50.7500,-6.5625,42.8750,26.0,1.1250,3.9375,85.3750,3,3,3,3
3972520193,-0.2200,0.6900,-9.8200,-0.0625,-0.0625,-0.0000,50.7500,-6.5625,42.8750,26.0,1.1250,3.9375,85.3750,3,3,3,3
3972530193,-0.2300,0.7100,-9.8400,0.0625,0.0625,0.0625,50.3750,-7.1875,42.1875,26.0,1.1250,3.9375,85.3750,3,3,3,3
3972540193,-0.2300,0.6900,-9.8100,-0.0000,-0.0000,-0.0000,50.3750,-7.1875,42.1875,26.0,1.1250,3.9375,85.3750,3,3,3,3
3972550193,-0.2300,0.6900,-9.7900,-0.0000,0.0625,-0.0000,50.3750,-7.1875,42.1875,26.0,1.1250,3.9375,85.3750,3,3,3,3
3972560193,-0.2400,0.7000,-9.7800,-0.0625,0.1250,0.0625,50.3750,-7.1875,42.1875,26.0,1.1250,3.9375,85.3750,3,3,3,3
3972570193,-0.2300,0.7100,-9.8300,-0.1250,0.1250,0.0625,50.3750,-7.1875,42.1875,26.0,1.1250,3.9375,85.3750,3,3,3,3
3972580193,-0.2300,0.6700,-9.8300,0.0625,-0.1250,-0.0000,51.8750,-7.5625,42.5625,26.0,1.1250,3.9375,85.3750,3,3,3,3
3972590193,-0.2200,0.7100,-9.7700,0.3125,-0.0625,-0.0625,51.8750,-7.5625,42.5625,26.0,1.1250,3.9375,85.3750,3,3,3,3
3972600193,-0.2300,0.7000,-9.8000,-0.1875,-0.0000,-0.0625,51.8750,-7.5625,42.5625,26.0,1.1250,3.9375,85.3750,3,3,3,3
3972610193,-0.2100,0.6800,-9.7700,0.0625,-0.0000,0.0625,51.8750,-7.5625,42.5625,26.0,1.1250,3.9375,85.3750,3,3,3,3
3972620193,-0.2300,0.7100,-9.7900,-0.0625,-0.0000,-0.0625,51.8750,-7.5625,42.5625,26.0,1.1250,3.9375,85.3750,3,3,3,3
3972630193,-0.2100,0.7100,-9.8000,-0.0000,0.0625,-0.0625,50.7500,-7.5625,43.7500,26.0,1.1250,3.9375,85.3750,3,3,3,3
3972640193,-0.2100,0.6900,-9.8000,-0.0000,-0.1250,0.1250,50.7500,-7.5625,43.7500,26.0,1.1250,3.9375,85.3750,3,3,3,3
3972650193,-0.2200,0.6800,-9.8100,0.1875,0.0625,0.0625,50.7500,-7.5625,43.7500,26.0,1.1250,3.9375,85.3750,3,3,3,3
3972660193,-0.2300,0.6900,-9.8000,0.1250,0.0625,0.0625,50.7500,-7.5625,43.7500,26.0,1.1250,3.9375,85.3750,3,3,3,3
3972670193,-0.2100,0.7100,-9.7900,-0.2500,-0.0625,-0.0000,50.7500,-7.5625,43.7500,26.0,1.1250,3.9375,85.3750,3,3,3,3
3972680193,-0.2200,0.7000,-9.8000,-0.0625,-0.2500,-0.1250,50.7500,-7.5625,43.2500,26.0,1.1250,3.9375,85.3750,3,3,3,3
3972690193,-0.2300,0.6900,-9.8000,-0.0625,-0.2500,-0.1250,50.7500,-7.5625,43.2500,26.0,1.1250,3.9375,85.3750,3,3,3,3
3972700193,-0.2400,0.7500,-9.8200,0.0625,-0.0625,-0.1875,50.7500,-7.5625,43.2500,26.0,1.1250,3.9375,85.3750,3,3,3,3
3972710193,-0.2400,0.7000,-9.7900,-0.0625,-0.0625,0.1250,50.7500,-7.5625,43.2500,26.0,1.1250,3.9375,85.3750,3,3,3,3
3972720193,-0.2300,0.6900,-9.8100,-0.0625,-0.0000,0.0625,50.7500,-7.5625,43.2500,26.0,1.1250,3.9375,85.3750,3,3,3,3
3972730193,-0.2300,0.7100,-9.7900,-0.0625,-0.1250,0.1250,49.0000,-8.0000,42.5625,26.0,1.1250,3.9375,85.3750,3,3,3,3
3972740193,-0.2300,0.7000,-9.8000,0.0625,0.0625,-0.0625,49.0000,-8.0000,42.5625,26.0,1.1250,3.9375,85.3750,3,3,3,3
3972750193,-0.2300,0.7000,-9.7800,0.1250,0.1875,0.0625,49.0000,-8.0000,42.5625,26.0,1.1250,3.9375,85.3750,3,3,3,3
3972760193,-0.2300,0.6900,-9.7700,-0.0625,-0.0625,-0.1250,49.0000,-8.0000,42.5625,26.0,1.1250,3.9375,85.3750,3,3,3,3
3972770193,-0.2300,0.7100,-9.8100,0.0625,-0.0625,0.0625,49.0000,-8.0000,42.5625,26.0,1.1250,3.9375,85.3750,3,3,3,3
3972780193,-0.2300,0.6900,-9.8100,0.0625,-0.0625,0.0625,51.0625,-8.3750,41.7500,26.0,1.1250,3.9375,85.3750,3,3,3,3
3972790193,-0.2300,0.7000,-9.8000,-0.0000,-0.0625,-0.0625,51.0625,-8.3750,41.7500,26.0,1.1250,3.9375,85.3750,3,3,3,3
3972800193,-0.2300,0.7100,-9.8100,-0.0000,-0.1250,0.1250,51.0625,-8.3750,41.7500,26.0,1.1250,3.9375,85.3750,3,3,3,3
3972810193,-0.2300,0.7100,-9.7900,-0.0000,-0.0000,-0.0000,51.0625,-8.3750,41.7500,26.0,1.1250,3.9375,85.3750,3,3,3,3
3972820193,-0.2200,0.7100,-9.8000,0.0625,-0.0000,-0.0000,51.0625,-8.3750,41.7500,26.0,1.1250,3.9375,85.3750,3,3,3,3
3972830193,-0.2300,0.6900,-9.8100,-0.0000,0.0625,-0.0625,50.5000,-7.1875,42.1875,26.0,1.1250,3.9375,85.3750,3,3,3,3
3972840193,-0.2000,0.6900,-9.8100,-0.1875,-0.0000,-0.0000,50.5000,-7.1875,42.1875,26.0,1.1250,3.9375,85.3750,3,3,3,3
3972850193,-0.2300,0.7200,-9.8300,0.0625,-0.1250,0.0625,50.5000,-7.1875,42.1875,26.0,1.1250,3.9375,85.3750,3,3,3,3
3972860193,-0.2400,0.7000,-9.8100,0.0625,-0.2500,0.0625,50.5000,-7.1875,42.1875,26.0,1.1250,3.9375,85.3750,3,3,3,3
3972870193,-0.2300,0.7100,-9.8100,-0.0000,0.0625,-0.0000,50.5000,-7.1875,42.1875,26.0,1.1250,3.9375,85.3750,3,3,3,3
3972880193,-0.2400,0.7000,-9.8100,-0.0000,0.0625,-0.0000,50.5000,-7.1875,42.1875,26.0,1.1250,3.9375,85.3750,3,3,3,3
3972890193,-0.2300,0.7100,-9.8000,-0.1250,0.1875,-0.0000,50.3750,-8.0000,40.5625,26.0,1.1250,3.9375,85.3750,3,3,3,3
3972900193,-0.2200,0.7100,-9.8100,0.1250,0.1250,-0.0000,50.3750,-8.0000,40.5625,26.0,1.1250,3.9375,85.3750,3,3,3,3
3972910193,-0.2100,0.7000,-9.8100,0.1875,-0.1250,-0.0000,50.3750,-8.0000,40.5625,26.0,1.1250,3.9375,85.3750,3,3,3,3
3972920193,-0.2300,0.6900,-9.7900,0.0625,-0.0000,0.1875,50.3750,-8.0000,40.5625,26.0,1.1250,3.9375,85.3750,3,3,3,3
3972930193,-0.2300,0.6900,-9.8000,-0.0000,0.1875,-0.0000,50.3750,-8.0000,40.5625,26.0,1.1250,3.9375,85.3750,3,3,3,3
3972940193,-0.2400,0.6900,-9.8300,-0.0000,0.1250,-0.0000,51.0625,-8.0000,42.0625,26.0,1.1250,3.9375,85.3750,3,3,3,3
3972950193,-0.2200,0.7000,-9.8100,0.0625,-0.0000,0.0625,51.0625,-8.0000,42.0625,26.0,1.1250,3.9375,85.3750,3,3,3,3
3972960193,-0.2200,0.6900,-9.8000,-0.1250,0.2500,-0.0000,51.0625,-8.0000,42.0625,26.0,1.1250,3.9375,85.3750,3,3,3,3
3972970193,-0.2400,0.7000,-9.7900,-0.1250,-0.0000,0.0625,51.0625,-8.0000,42.0625,26.0,1.1250,3.9375,85.3750,3,3,3,3
3972980193,-0.2400,0.7100,-9.8200,-0.0625,-0.1250,-0.1250,51.0625,-8.0000,42.0625,26.0,1.1250,3.9375,85.3750,3,3,3,3
3972990193,-0.2300,0.7100,-9.8100,-0.0625,-0.0625,-0.0000,51.5000,-7.1875,42.1875,26.0,1.1250,3.9375,85.3750,3,3,3,3
3973000193,-0.2300,0.6800,-9.8200,0.1250,0.1250,0.0625,51.5000,-7.1875,42.1875,26.0,1.1250,3.9375,85.3750,3,3,3,3
3973010193,-0.2300,0.6800,-9.8000,-0.0000,0.3125,-0.0000,51.5000,-7.1875,42.1875,26.0,1.1250,3.9375,85.3750,3,3,3,3
3973020193,-0.2300,0.7100,-9.8100,0.1250,0.0625,-0.0625,51.5000,-7.1875,42.1875,26.0,1.1250,3.9375,85.3750,3,3,3,3
3973030193,-0.2300,0.6800,-9.8100,-0.0625,0.0625,-0.0625,51.5000,-7.1875,42.1875,26.0,1.1250,3.9375,85.3750,3,3,3,3
3973040193,-0.2300,0.7000,-9.8000,-0.0000,0.1875,-0.0625,51.0625,-7.5625,41.7500,26.0,1.1250,3.9375,85.3750,3,3,3,3
3973050193,-0.2100,0.7100,-9.8200,-0.1875,0.1250,0.0625,51.0625,-7.5625,41.7500,26.0,1.1250,3.9375,85.3750,3,3,3,3
3973060193,-0.2100,0.7200,-9.8000,0.1250,0.0625,0.1250,51.0625,-7.5625,41.7500,26.0,1.1250,3.9375,85.3750,3,3,3,3
3973070193,-0.2300,0.7000,-9.7900,-0.0000,-0.0000,-0.0000,51.0625,-7.5625,41.7500,26.0,1.1250,3.9375,85.3750,3,3,3,3
3973080193,-0.2200,0.6900,-9.7900,0.0625,0.0625,0.0625,51.0625,-7.5625,41.7500,26.0,1.1250,3.9375,85.3750,3,3,3,3
3973090193,-0.2300,0.7100,-9.8100,-0.1250,-0.0625,-0.0000,50.0625,-7.5625,42.8750,26.0,1.1250,3.9375,85.3750,3,3,3,3
3973100193,-0.2300,0.6900,-9.8300,-0.0625,0.0625,0.1250,50.0625,-7.5625,42.8750,26.0,1.1250,3.9375,85.3750,3,3,3,3
3973110193,-0.2200,0.7000,-9.8200,-0.0625,-0.1250,-0.0000,50.0625,-7.5625,42.8750,26.0,1.1250,3.9375,85.3750,3,3,3,3
3973120193,-0.2400,0.6900,-9.8100,-0.0000,0.0625,0.0625,50.0625,-7.5625,42.8750,26.0,1.1250,3.9375,85.3750,3,3,3,3
3973130193,-0.2300,0.6900,-9.8300,-0.0625,-0.1875,0.1250,50.0625,-7.5625,42.8750,26.0,1.1250,3.9375,85.3750,3,3,3,3
3973140193,-0.2300,0.6900,-9.8000,-0.0000,-0.0000,-0.0000,51.0625,-7.1875,42.1875,26.0,1.1250,3.9375,85.3750,3,3,3,3
3973150193,-0.2300,0.6900,-9.8000,0.1875,-0.0625,-0.0000,51.0625,-7.1875,42.1875,26.0,1.1250,3.9375,85.3750,3,3,3,3
3973160193,-0.2200,0.6800,-9.8100,-0.0000,-0.0625,0.0625,51.0625,-7.1875,42.1875,26.0,1.1250,3.9375,85.3750,3,3,3,3
3973170193,-0.2100,0.6800,-9.8000,-0.0000,0.0625,-0.1250,51.0625,-7.1875,42.1875,26.0,1.1250,3.9375,85.3750,3,3,3,3
3973180193,-0.2200,0.7000,-9.8100,-0.0625,-0.0625,-0.0000,51.0625,-7.1875,42.1875,26.0,1.1250,3.9375,85.3750,3,3,3,3
3973190193,-0.2100,0.7000,-9.8200,-0.0000,0.1875,-0.0625,51.0625,-7.5625,42.5625,26.0,1.1250,3.9375,85.3750,3,3,3,3
3973200193,-0.2300,0.7100,-9.8200,-0.0000,0.1875,-0.0000,51.0625,-7.5625,42.5625,26.0,1.1250,3.9375,85.3750,3,3,3,3
3973210193,-0.2300,0.7200,-9.8100,-0.0625,0.1250,-0.0000,51.0625,-7.5625,42.5625,26.0,1.1250,3.9375,85.3750,3,3,3,3
3973220193,-0.2300,0.6900,-9.8100,0.0625,0.1875,-0.0625,51.0625,-7.5625,42.5625,26.0,1.1250,3.9375,85.3750,3,3,3,3
3973230193,-0.2200,0.7100,-9.8100,0.1250,0.1250,-0.0000,51.0625,-7.5625,42.5625,26.0,1.1250,3.9375,85.3750,3,3,3,3
3973240193,-0.2400,0.6900,-9.8200,0.0625,0.1250,0.0625,51.0625,-8.0000,41.3750,26.0,1.1250,3.9375,85.3750,3,3,3,3
3973250193,-0.2300,0.6800,-9.8200,-0.1250,-0.0000,-0.0000,51.0625,-8.0000,41.3750,26.0,1.1250,3.9375,85.3750,3,3,3,3
3973260193,-0.2300,0.6900,-9.8000,0.0625,0.1250,0.0625,51.0625,-8.0000,41.3750,26.0,1.1250,3.9375,85.3750,3,3,3,3
3973270193,-0.2300,0.7100,-9.8100,0.0625,-0.0000,-0.0625,51.0625,-8.0000,41.3750,26.0,1.1250,3.9375,85.3750,3,3,3,3
3973280193,-0.2400,0.6900,-9.8000,-0.0625,-0.1250,0.0625,51.0625,-8.0000,41.3750,26.0,1.1250,3.9375,85.3750,3,3,3,3
3973290193,-0.2200,0.6900,-9.7900,-0.1250,0.2500,-0.0000,50.3750,-7.1875,41.0000,26.0,1.1250,3.9375,85.3750,3,3,3,3
3973300193,-0.2400,0.7200,-9.8100,-0.0625,0.1250,-0.0625,50.3750,-7.1875,41.0000,26.0,1.1250,3.9375,85.3750,3,3,3,3
3973310193,-0.2200,0.6900,-9.7900,-0.0625,0.0625,-0.0000,50.3750,-7.1875,41.0000,26.0,1.1250,3.9375,85.3750,3,3,3,3
3973320193,-0.2300,0.7000,-9.7800,0.1250,-0.0000,-0.0625,50.3750,-7.1875,41.0000,26.0,1.1250,3.9375,85.3750,3,3,3,3
3973330193,-0.2300,0.6700,-9.8300,0.1250,-0.0000,-0.0000,50.3750,-7.1875,41.0000,26.0,1.1250,3.9375,85.3750,3,3,3,3
3973340193,-0.2100,0.7100,-9.8100,-0.0000,-0.1250,-0.0000,50.3750,-6.8750,42.5625,26.0,1.1250,3.9375,85.3750,3,3,3,3
3973350193,-0.2200,0.6700,-9.8200,-0.0625,0.0625,0.1250,50.3750,-6.8750,42.5625,26.0,1.1250,3.9375,85.3750,3,3,3,3
3973360193,-0.2100,0.7100,-9.7700,0.0625,0.0625,0.0625,50.3750,-6.8750,42.5625,26.0,1.1250,3.9375,85.3750,3,3,3,3
3973370193,-0.2300,0.7000,-9.8100,0.0625,-0.0000,-0.0625,50.3750,-6.8750,42.5625,26.0,1.1250,3.9375,85.3750,3,3,3,3
3973380193,-0.2200,0.6900,-9.8000,-0.0000,0.2500,0.1875,50.3750,-6.8750,42.5625,26.0,1.1250,3.9375,85.3750,3,3,3,3
3973390193,-0.2300,0.7100,-9.8300,0.0625,0.0625,-0.0000,50.0625,-8.0000,42.5625,26.0,1.1250,3.9375,85.3750,3,3,3,3
3973400193,-0.2300,0.7000,-9.7900,-0.0000,0.0625,0.0625,50.0625,-8.0000,42.5625,26.0,1.1250,3.9375,85.3750,3,3,3,3
3973410193,-0.2300,0.6900,-9.7500,-0.0000,0.1250,-0.0000,50.0625,-8.0000,42.5625,26.0,1.1250,3.9375,85.3750,3,3,3,3
3973420193,-0.2300,0.7000,-9.8100,0.1250,0.0625,0.1250,50.0625,-8.0000,42.5625,26.0,1.1250,3.9375,85.3750,3,3,3,3
3973430193,-0.2200,0.6900,-9.7900,-0.1250,-0.0625,-0.0000,50.0625,-8.0000,42.5625,26.0,1.1250,3.9375,85.3750,3,3,3,3
3973440193,-0.2200,0.7100,-9.8100,-0.0000,0.0625,0.0625,51.0625,-7.1875,42.1875,26.0,1.1250,3.9375,85.3750,3,3,3,3
3973450193,-0.2300,0.6900,-9.7900,0.1250,-0.1250,-0.0000,51.0625,-7.1875,42.1875,26.0,1.1250,3.9375,85.3750,3,3,3,3
3973460193,-0.2200,0.6700,-9.7900,0.0625,0.1875,0.0625,51.0625,-7.1875,42.1875,26.0,1.1250,3.9375,85.3750,3,3,3,3
3973470193,-0.2200,0.6900,-9.8000,0.0625,-0.0000,0.0625,51.0625,-7.1875,42.1875,26.0,1.1250,3.9375,85.3750,3,3,3,3
3973480193,-0.2300,0.7000,-9.8100,-0.0000,-0.0000,-0.0625,51.0625,-7.1875,42.1875,26.0,1.1250,3.9375,85.3750,3,3,3,3
3973490193,-0.2200,0.7000,-9.8000,-0.1250,0.1875,0.1250,50.3750,-8.6875,41.7500,26.0,1.1250,3.9375,85.3750,3,3,3,3
3973500193,-0.2300,0.6800,-9.8000,0.0625,-0.0000,-0.0625,50.3750,-8.6875,41.7500,26.0,1.1250,3.9375,85.3750,3,3,3,3
3973510193,-0.2200,0.7000,-9.8000,-0.1875,-0.0625,0.0625,50.3750,-8.6875,41.7500,26.0,1.1250,3.9375,85.3750,3,3,3,3
3973520193,-0.2300,0.7000,-9.8100,-0.0000,-0.1250,0.0625,50.3750,-8.6875,41.7500,26.0,1.1250,3.9375,85.3750,3,3,3,3
3973530193,-0.2300,0.6900,-9.8100,-0.0625,0.1250,-0.1250,50.3750,-8.6875,41.7500,26.0,1.1250,3.9375,85.3750,3,3,3,3
3973540193,-0.2200,0.7100,-9.7800,0.1875,0.0625,-0.0000,51.0625,-8.0000,41.7500,26.0,1.1250,3.9375,85.3750,3,3,3,3
3973550193,-0.2200,0.7100,-9.7800,0.0625,-0.2500,-0.0000,51.0625,-8.0000,41.7500,26.0,1.1250,3.9375,85.3750,3,3,3,3
3973560193,-0.2300,0.6900,-9.7900,-0.0000,-0.0625,-0.1250,51.0625,-8.0000,41.7500,26.0,1.1250,3.9375,85.3750,3,3,3,3
3973570193,-0.2200,0.7000,-9.8000,-0.1250,-0.0625,0.1250,51.0625,-8.0000,41.7500,26.0,1.1250,3.9375,85.3750,3,3,3,3
3973580193,-0.2200,0.6700,-9.7900,-0.0000,-0.0625,-0.1250,51.0625,-8.0000,41.7500,26.0,1.1250,3.9375,85.3750,3,3,3,3
3973590193,-0.2200,0.6800,-9.8200,0.0625,0.0625,-0.0625,50.7500,-6.8750,42.8750,26.0,1.1250,3.9375,85.3750,3,3,3,3
3973600193,-0.2200,0.6900,-9.8100,-0.1250,0.0625,-0.1250,50.7500,-6.8750,42.8750,26.0,1.1250,3.9375,85.3750,3,3,3,3
3973610193,-0.2200,0.7000,-9.7700,-0.0000,0.0625,0.0625,50.7500,-6.8750,42.8750,26.0,1.1250,3.9375,85.3750,3,3,3,3
3973620193,-0.2300,0.7100,-9.7800,-0.1250,-0.1875,0.0625,50.7500,-6.8750,42.8750,26.0,1.1250,3.9375,85.3750,3,3,3,3
3973630193,-0.2200,0.6900,-9.8000,0.1250,-0.0000,-0.0625,50.7500,-6.8750,42.8750,26.0,1.1250,3.9375,85.3750,3,3,3,3
3973640193,-0.2200,0.7000,-9.8200,-0.0000,-0.1250,0.0625,51.0625,-8.3750,42.5625,26.0,1.1250,3.9375,85.3750,3,3,3,3
3973650193,-0.2300,0.7000,-9.8000,-0.1250,0.1250,-0.0000,51.0625,-8.3750,42.5625,26.0,1.1250,3.9375,85.3750,3,3,3,3
3973660193,-0.2300,0.7000,-9.7800,-0.0000,-0.2500,-0.0000,51.0625,-8.3750,42.5625,26.0,1.1250,3.9375,85.3750,3,3,3,3
3973670193,-0.2300,0.7000,-9.8300,0.1875,-0.0625,0.0625,51.0625,-8.3750,42.5625,26.0,1.1250,3.9375,85.3750,3,3,3,3
3973680193,-0.2200,0.7200,-9.7800,0.1250,-0.1250,-0.0000,51.0625,-8.3750,42.5625,26.0,1.1250,3.9375,85.3750,3,3,3,3
3973690193,-0.2200,0.7100,-9.8300,-0.0625,-0.1250,0.0625,51.0625,-7.1875,42.1875,26.0,1.1250,3.9375,85.3750,3,3,3,3
3973700193,-0.2400,0.6800,-9.7900,-0.1250,-0.0625,0.0625,51.0625,-7.1875,42.1875,26.0,1.1250,3.9375,85.3750,3,3,3,3
3973710193,-0.2200,0.7100,-9.7800,0.0625,0.0625,-0.0000,51.0625,-7.1875,42.1875,26.0,1.1250,3.9375,85.3750,3,3,3,3
3973720193,-0.2300,0.7100,-9.8000,-0.0625,-0.1875,0.0625,51.0625,-7.1875,42.1875,26.0,1.1250,3.9375,85.3750,3,3,3,3
3973730193,-0.2300,0.7000,-9.7900,-0.0000,0.0625,0.1250,51.0625,-7.1875,42.1875,26.0,1.1250,3.9375,85.3750,3,3,3,3
3973740193,-0.2200,0.6900,-9.8000,-0.1875,-0.0625,-0.0000,51.0625,-8.0000,42.5625,26.0,1.1250,3.9375,85.3750,3,3,3,3
3973750193,-0.2300,0.6800,-9.8200,0.1250,-0.1250,0.0625,51.0625,-8.0000,42.5625,26.0,1.1250,3.9375,85.3750,3,3,3,3
3973760193,-0.2300,0.6900,-9.7900,-0.0000,-0.0625,0.1250,51.0625,-8.0000,42.5625,26.0,1.1250,3.9375,85.3750,3,3,3,3
3973770193,-0.2300,0.6800,-9.8000,-0.0000,0.0625,0.0625,51.0625,-8.0000,42.5625,26.0,1.1250,3.9375,85.3750,3,3,3,3
3973780193,-0.2100,0.7100,-9.8000,-0.1250,0.1250,0.1250,51.0625,-8.0000,42.5625,26.0,1.1250,3.9375,85.3750,3,3,3,3
3973790193,-0.2300,0.7100,-9.8100,0.0625,-0.0000,-0.0000,50.7500,-7.5625,42.5625,26.0,1.1250,3.9375,85.3750,3,3,3,3
3973800193,-0.2200,0.7000,-9.7900,-0.0625,-0.1875,-0.0625,50.7500,-7.5625,42.5625,26.0,1.1250,3.9375,85.3750,3,3,3,3
3973810193,-0.2200,0.7100,-9.7500,-0.0625,-0.3125,-0.0625,50.7500,-7.5625,42.5625,26.0,1.1250,3.9375,85.3750,3,3,3,3
3973820193,-0.2300,0.7000,-9.8000,-0.0625,-0.1875,-0.0625,50.7500,-7.5625,42.5625,26.0,1.1250,3.9375,85.3750,3,3,3,3
3973830193,-0.2300,0.7300,-9.8000,-0.0625,0.1875,0.0625,50.7500,-7.5625,42.5625,26.0,1.1250,3.9375,85.3750,3,3,3,3
3973840193,-0.2300,0.6900,-9.8100,-0.0000,-0.0000,0.0625,50.7500,-7.1875,42.1875,26.0,1.1250,3.9375,85.3750,3,3,3,3
3973850193,-0.2400,0.7100,-9.8300,-0.0625,-0.1250,-0.1875,50.7500,-7.1875,42.1875,26.0,1.1250,3.9375,85.3750,3,3,3,3
3973860193,-0.2300,0.7000,-9.8000,-0.0625,-0.0000,-0.0625,50.7500,-7.1875,42.1875,26.0,1.1250,3.9375,85.3750,3,3,3,3
3973870193,-0.2300,0.7000,-9.7900,-0.0625,0.0625,-0.0000,50.7500,-7.1875,42.1875,26.0,1.1250,3.9375,85.3750,3,3,3,3
3973880193,-0.2300,0.6700,-9.8200,0.0625,0.0625,-0.0000,50.7500,-7.1875,42.1875,26.0,1.1250,3.9375,85.3750,3,3,3,3
3973890193,-0.2200,0.6900,-9.8300,0.1250,0.0625,0.0625,51.5000,-7.1875,41.7500,26.0,1.1250,3.9375,85.3750,3,3,3,3
3973900193,-0.2300,0.7100,-9.8300,-0.0000,0.0625,0.0625,51.5000,-7.1875,41.7500,26.0,1.1250,3.9375,85.3750,3,3,3,3
3973910193,-0.2400,0.6800,-9.7900,-0.0000,-0.1875,-0.1250,51.5000,-7.1875,41.7500,26.0,1.1250,3.9375,85.3750,3,3,3,3
3973920193,-0.2300,0.6900,-9.8100,-0.0000,-0.0000,0.1875,51.5000,-7.1875,41.7500,26.0,1.1250,3.9375,85.3750,3,3,3,3
3973930193,-0.2300,0.6900,-9.8000,0.0625,0.2500,-0.0000,51.5000,-7.1875,41.7500,26.0,1.1250,3.9375,85.3750,3,3,3,3
3973940193,-0.2200,0.7000,-9.8100,-0.0000,0.3750,-0.1250,51.0625,-6.5625,41.7500,26.0,1.1250,3.9375,85.3750,3,3,3,3
3973950193,-0.2400,0.6700,-9.7900,0.1875,0.0625,-0.1250,51.0625,-6.5625,41.7500,26.0,1.1250,3.9375,85.3750,3,3,3,3
3973960193,-0.2300,0.6900,-9.7800,-0.0000,-0.0625,-0.0625,51.0625,-6.5625,41.7500,26.0,1.1250,3.9375,85.3750,3,3,3,3
3973970193,-0.2300,0.7100,-9.8000,0.1250,0.1250,-0.0625,51.0625,-6.5625,41.7500,26.0,1.1250,3.9375,85.3750,3,3,3,3
3973980193,-0.2300,0.6900,-9.7800,0.0625,-0.0000,-0.0625,51.0625,-6.5625,41.7500,26.0,1.1250,3.9375,85.3750,3,3,3,3
3973990193,-0.2100,0.6900,-9.8100,-0.0000,0.0625,0.0625,51.0625,-7.5625,42.5625,26.0,1.1250,3.9375,85.3750,3,3,3,3
3974000193,-0.2100,0.7000,-9.8000,0.0625,0.3125,0.0625,51.0625,-7.5625,42.5625,26.0,1.1250,3.9375,85.3750,3,3,3,3
3974010193,-0.2300,0.6800,-9.8000,-0.0625,0.1875,0.1250,51.0625,-7.5625,42.5625,26.0,1.1250,3.9375,85.3750,3,3,3,3
3974020193,-0.2100,0.7000,-9.8000,-0.0625,0.1250,-0.0000,51.0625,-7.5625,42.5625,26.0,1.1250,3.9375,85.3750,3,3,3,3
3974030193,-0.2300,0.6900,-9.8200,0.1250,0.0625,0.0625,51.0625,-7.5625,42.5625,26.0,1.1250,3.9375,85.3750,3,3,3,3
3974040193,-0.2300,0.7000,-9.8100,-0.1250,-0.0000,0.0625,50.7500,-8.3750,42.5625,26.0,1.1250,3.9375,85.3750,3,3,3,3
3974050193,-0.2300,0.6800,-9.8100,-0.1250,0.1875,0.0625,50.7500,-8.3750,42.5625,26.0,1.1250,3.9375,85.3750,3,3,3,3
3974060193,-0.2300,0.7100,-9.7900,0.0625,0.2500,0.0625,50.7500,-8.3750,42.5625,26.0,1.1250,3.9375,85.3750,3,3,3,3
3974070193,-0.2300,0.7200,-9.7800,-0.0000,-0.0000,-0.0625,50.7500,-8.3750,42.5625,26.0,1.1250,3.9375,85.3750,3,3,3,3
3974080193,-0.2200,0.6900,-9.8000,0.0625,-0.0000,-0.0625,50.7500,-8.3750,42.5625,26.0,1.1250,3.9375,85.3750,3,3,3,3
3974090193,-0.2200,0.7100,-9.8000,0.1875,-0.0625,-0.0625,51.5000,-7.5625,42.1875,26.0,1.1250,3.9375,85.3750,3,3,3,3
3974100193,-0.2300,0.7000,-9.7900,0.0625,-0.0625,-0.0000,51.5000,-7.5625,42.1875,26.0,1.1250,3.9375,85.3750,3,3,3,3
3974110193,-0.2300,0.6900,-9.7500,-0.0625,0.0625,0.0625,51.5000,-7.5625,42.1875,26.0,1.1250,3.9375,85.3750,3,3,3,3
3974120193,-0.2300,0.7100,-9.8100,-0.0000,0.0625,-0.1250,51.5000,-7.5625,42.1875,26.0,1.1250,3.9375,85.3750,3,3,3,3
3974130193,-0.2300,0.6800,-9.8100,-0.0625,0.0625,0.0625,51.5000,-7.5625,42.1875,26.0,1.1250,3.9375,85.3750,3,3,3,3
3974140193,-0.2200,0.7000,-9.8000,-0.1250,-0.0625,-0.0000,50.7500,-7.5625,41.7500,26.0,1.1250,3.9375,85.3750,3,3,3,3
3974150193,-0.2400,0.7000,-9.8200,0.0625,-0.0000,0.0625,50.7500,-7.5625,41.7500,26.0,1.1250,3.9375,85.3750,3,3,3,3
3974160193,-0.2300,0.6900,-9.8000,-0.0000,-0.1875,0.0625,50.7500,-7.5625,41.7500,26.0,1.1250,3.9375,85.3750,3,3,3,3
3974170193,-0.2300,0.6700,-9.7900,0.1250,0.0625,-0.0625,50.7500,-7.5625,41.7500,26.0,1.1250,3.9375,85.3750,3,3,3,3
3974180193,-0.2200,0.6900,-9.7900,-0.1250,0.1250,-0.0625,50.7500,-7.5625,41.7500,26.0,1.1250,3.9375,85.3750,3,3,3,3
3974190193,-0.2300,0.6700,-9.7800,0.1250,0.0625,-0.0625,49.6875,-8.0000,42.8750,26.0,1.1250,3.9375,85.3750,3,3,3,3
3974200193,-0.2100,0.7000,-9.7900,-0.0000,0.0625,-0.0000,49.6875,-8.0000,42.8750,26.0,1.1250,3.9375,85.3750,3,3,3,3
3974210193,-0.2200,0.7000,-9.8200,-0.0000,0.1250,-0.0000,49.6875,-8.0000,42.8750,26.0,1.1250,3.9375,85.3750,3,3,3,3
3974220193,-0.2300,0.6900,-9.8000,-0.0000,0.1250,-0.0625,49.6875,-8.0000,42.8750,26.0,1.1250,3.9375,85.3750,3,3,3,3
3974230193,-0.2400,0.7100,-9.7900,0.0625,-0.0000,-0.0625,49.6875,-8.0000,42.8750,26.0,1.1250,3.9375,85.3750,3,3,3,3
3974240193,-0.2300,0.6700,-9.8200,0.0625,0.0625,-0.0625,50.3750,-7.5625,42.5625,26.0,1.1250,3.9375,85.3750,3,3,3,3
3974250193,-0.2200,0.7100,-9.7800,-0.2500,0.0625,-0.0000,50.3750,-7.5625,42.5625,26.0,1.1250,3.9375,85.3750,3,3,3,3
3974260193,-0.2200,0.6900,-9.7700,-0.1875,-0.1875,-0.0000,50.3750,-7.5625,42.5625,26.0,1.1250,3.9375,85.3750,3,3,3,3
3974270193,-0.2400,0.7000,-9.8100,0.1250,-0.0000,-0.0000,50.3750,-7.5625,42.5625,26.0,1.1250,3.9375,85.3750,3,3,3,3
3974280193,-0.2200,0.6900,-9.8100,0.1250,-0.1250,-0.1250,50.3750,-7.5625,42.5625,26.0,1.1250,3.9375,85.3750,3,3,3,3
3974290193,-0.2300,0.6900,-9.8100,0.0625,0.2500,-0.1250,50.7500,-7.5625,42.8750,26.0,1.1250,3.9375,85.3750,3,3,3,3
3974300193,-0.2200,0.7000,-9.8100,-0.0000,-0.0000,-0.0625,50.7500,-7.5625,42.8750,26.0,1.1250,3.9375,85.3750,3,3,3,3
3974310193,-0.2300,0.6900,-9.7800,0.1875,0.0625,0.1875,50.7500,-7.5625,42.8750,26.0,1.1250,3.9375,85.3750,3,3,3,3
3974320193,-0.2100,0.6800,-9.7800,0.0625,0.0625,0.0625,50.7500,-7.5625,42.8750,26.0,1.1250,3.9375,85.3750,3,3,3,3
3974330193,-0.2300,0.7000,-9.7800,0.1250,0.1250,-0.0625,50.7500,-7.5625,42.8750,26.0,1.1250,3.9375,85.3750,3,3,3,3
3974340193,-0.2300,0.7200,-9.8000,-0.0000,0.1250,-0.1250,50.7500,-7.5625,42.8750,26.0,1.1250,3.9375,85.3750,3,3,3,3
3974350193,-0.2300,0.6900,-9.8100,-0.0000,-0.0000,-0.0625,50.7500,-7.5625,42.8750,26.0,1.1250,3.9375,85.3750,3,3,3,3
3974360193,-0.2300,0.7100,-9.7900,-0.0000,-0.0625,-0.0000,50.7500,-7.5625,42.8750,26.0,1.1250,3.9375,85.3750,3,3,3,3
3974370193,-0.2300,0.7100,-9.8200,-0.0000,0.0625,-0.0625,50.7500,-7.5625,42.8750,26.0,1.1250,3.9375,85.3750,3,3,3,3
3974380193,-0.2200,0.7000,-9.7900,-0.1250,-0.0625,0.0625,50.7500,-7.5625,42.8750,26.0,1.1250,3.9375,85.3750,3,3,3,3
3974390193,-0.2300,0.7100,-9.7900,-0.1250,0.1250,0.1250,51.8750,-7.5625,42.1875,26.0,1.1250,3.9375,85.3750,3,3,3,3
3974400193,-0.2300,0.7100,-9.7900,-0.0625,-0.1250,-0.0000,51.8750,-7.5625,42.1875,26.0,1.1250,3.9375,85.3750,3,3,3,3
3974410193,-0.2200,0.7100,-9.7800,0.1250,-0.0625,-0.0000,51.8750,-7.5625,42.1875,26.0,1.1250,3.9375,85.3750,3,3,3,3
3974420193,-0.2300,0.7000,-9.8100,-0.0000,0.1875,-0.0000,51.8750,-7.5625,42.1875,26.0,1.1250,3.9375,85.3750,3,3,3,3
3974430193,-0.2200,0.7100,-9.8300,0.0625,0.1250,0.1250,51.8750,-7.5625,42.1875,26.0,1.1250,3.9375,85.3750,3,3,3,3
3974440193,-0.2300,0.6900,-9.8100,0.1250,-0.2500,-0.0000,50.7500,-6.5625,41.7500,26.0,1.1250,3.9375,85.3750,3,3,3,3
3974450193,-0.2200,0.6800,-9.8000,0.3125,0.0625,0.0625,50.7500,-6.5625,41.7500,26.0,1.1250,3.9375,85.3750,3,3,3,3
3974460193,-0.2300,0.7000,-9.7900,0.1250,-0.0625,-0.0000,50.7500,-6.5625,41.7500,26.0,1.1250,3.9375,85.3750,3,3,3,3
3974470193,-0.2300,0.6900,-9.7700,0.0625,-0.0625,-0.0000,50.7500,-6.5625,41.7500,26.0,1.1250,3.9375,85.3750,3,3,3,3
3974480193,-0.2400,0.6900,-9.7900,-0.0625,-0.1250,-0.0000,50.7500,-6.5625,41.7500,26.0,1.1250,3.9375,85.3750,3,3,3,3
3974490193,-0.2300,0.6800,-9.8000,0.0625,-0.0625,-0.1250,51.8750,-7.1875,42.5625,26.0,1.1250,3.9375,85.3750,3,3,3,3
3974500193,-0.2300,0.7200,-9.8100,0.1875,0.0625,-0.1250,51.8750,-7.1875,42.5625,26.0,1.1250,3.9375,85.3750,3,3,3,3
3974510193,-0.2200,0.7100,-9.7700,-0.0625,0.0625,-0.0000,51.8750,-7.1875,42.5625,26.0,1.1250,3.9375,85.3750,3,3,3,3
3974520193,-0.2200,0.7100,-9.7700,0.1250,0.0625,0.0625,51.8750,-7.1875,42.5625,26.0,1.1250,3.9375,85.3750,3,3,3,3
3974530193,-0.2300,0.7000,-9.7800,0.1250,-0.0625,-0.0625,51.8750,-7.1875,42.5625,26.0,1.1250,3.9375,85.3750,3,3,3,3
3974540193,-0.2300,0.7000,-9.8200,-0.0625,-0.1250,0.0625,51.0625,-6.1875,42.0625,26.0,1.1250,3.9375,85.3750,3,3,3,3
3974550193,-0.2300,0.7100,-9.8200,-0.0625,-0.0000,-0.0000,51.0625,-6.1875,42.0625,26.0,1.1250,3.9375,85.3750,3,3,3,3
3974560193,-0.2200,0.7100,-9.8000,-0.0625,-0.1250,0.1250,51.0625,-6.1875,42.0625,26.0,1.1250,3.9375,85.3750,3,3,3,3
3974570193,-0.2100,0.6900,-9.7900,0.1250,0.1875,-0.0625,51.0625,-6.1875,42.0625,26.0,1.1250,3.9375,85.3750,3,3,3,3
3974580193,-0.2400,0.7100,-9.8000,0.0625,0.1875,-0.1250,51.0625,-6.1875,42.0625,26.0,1.1250,3.9375,85.3750,3,3,3,3
3974590193,-0.2400,0.7100,-9.8100,0.0625,-0.1250,0.0625,50.7500,-8.0000,42.1875,26.0,1.1250,3.9375,85.3750,3,3,3,3
3974600193,-0.2300,0.7100,-9.7900,-0.0000,0.1875,0.0625,50.7500,-8.0000,42.1875,26.0,1.1250,3.9375,85.3750,3,3,3,3
3974610193,-0.2200,0.6900,-9.7900,-0.0000,0.0625,0.0625,50.7500,-8.0000,42.1875,26.0,1.1250,3.9375,85.3750,3,3,3,3
3974620193,-0.2200,0.7000,-9.7900,0.1250,-0.0000,-0.0000,50.7500,-8.0000,42.1875,26.0,1.1250,3.9375,85.3750,3,3,3,3
3974630193,-0.2100,0.6900,-9.7900,0.1875,-0.0000,0.0625,50.7500,-8.0000,42.1875,26.0,1.1250,3.9375,85.3750,3,3,3,3
3974640193,-0.2300,0.6900,-9.7900,0.1250,0.0625,-0.0625,51.8750,-8.6875,42.1875,26.0,1.1250,3.9375,85.3750,3,3,3,3
3974650193,-0.2200,0.6700,-9.7900,0.0625,0.2500,-0.0625,51.8750,-8.6875,42.1875,26.0,1.1250,3.9375,85.3750,3,3,3,3
3974660193,-0.2300,0.6900,-9.8200,-0.0625,-0.1250,-0.0000,51.8750,-8.6875,42.1875,26.0,1.1250,3.9375,85.3750,3,3,3,3
3974670193,-0.2300,0.6800,-9.8000,-0.0625,-0.0000,-0.0000,51.8750,-8.6875,42.1875,26.0,1.1250,3.9375,85.3750,3,3,3,3
3974680193,-0.2300,0.7000,-9.8000,-0.1875,-0.1250,-0.0625,51.8750,-8.6875,42.1875,26.0,1.1250,3.9375,85.3750,3,3,3,3
3974690193,-0.2300,0.6800,-9.8100,0.1250,-0.0000,-0.0625,51.0625,-7.5625,42.5625,26.0,1.1250,3.9375,85.3750,3,3,3,3
3974700193,-0.2200,0.7000,-9.8000,0.0625,0.1250,0.0625,51.0625,-7.5625,42.5625,26.0,1.1250,3.9375,85.3750,3,3,3,3
3974710193,-0.2300,0.6900,-9.8200,-0.0000,0.0625,-0.0625,51.0625,-7.5625,42.5625,26.0,1.1250,3.9375,85.3750,3,3,3,3
3974720193,-0.2300,0.7000,-9.8000,-0.0625,0.0625,-0.0000,51.0625,-7.5625,42.5625,26.0,1.1250,3.9375,85.3750,3,3,3,3
3974730193,-0.2400,0.7200,-9.8200,0.0625,-0.0625,0.0625,51.0625,-7.5625,42.5625,26.0,1.1250,3.9375,85.3750,3,3,3,3
3974740193,-0.2100,0.7000,-9.7700,0.0625,0.1875,-0.0000,50.0625,-7.5625,42.5625,26.0,1.1250,3.9375,85.3750,3,3,3,3
3974750193,-0.2300,0.7100,-9.8200,0.1250,-0.0000,-0.0625,50.0625,-7.5625,42.5625,26.0,1.1250,3.9375,85.3750,3,3,3,3
3974760193,-0.2300,0.7000,-9.7900,0.0625,0.0625,-0.0625,50.0625,-7.5625,42.5625,26.0,1.1250,3.9375,85.3750,3,3,3,3
3974770193,-0.2100,0.7000,-9.8000,-0.0000,-0.0625,0.1250,50.0625,-7.5625,42.5625,26.0,1.1250,3.9375,85.3750,3,3,3,3
3974780193,-0.2200,0.7000,-9.8000,0.1250,-0.0000,-0.0625,50.0625,-7.5625,42.5625,26.0,1.1250,3.9375,85.3750,3,3,3,3
3974790193,-0.2300,0.6900,-9.8300,0.1250,-0.0000,-0.0625,51.8750,-8.0000,41.7500,26.0,1.1250,3.9375,85.3750,3,3,3,3
3974800193,-0.2300,0.6900,-9.8400,-0.0000,-0.1250,0.0625,51.8750,-8.0000,41.7500,26.0,1.1250,3.9375,85.3750,3,3,3,3
3974810193,-0.2300,0.6900,-9.8100,0.0625,-0.2500,-0.1250,51.8750,-8.0000,41.7500,26.0,1.1250,3.9375,85.3750,3,3,3,3
3974820193,-0.2200,0.6700,-9.7700,0.1875,-0.0000,0.0625,51.8750,-8.0000,41.7500,26.0,1.1250,3.9375,85.3750,3,3,3,3
3974830193,-0.2300,0.6700,-9.7900,-0.0000,0.1875,-0.0000,51.8750,-8.0000,41.7500,26.0,1.1250,3.9375,85.3750,3,3,3,3
3974840193,-0.2200,0.6800,-9.8000,0.1250,0.1875,-0.0000,51.0625,-7.5625,42.1875,26.0,1.1250,3.9375,85.3750,3,3,3,3
3974850193,-0.2300,0.6900,-9.8300,0.0625,-0.0000,-0.0625,51.0625,-7.5625,42.1875,26.0,1.1250,3.9375,85.3750,3,3,3,3
3974860193,-0.2400,0.7100,-9.8000,0.0625,-0.0625,-0.0000,51.0625,-7.5625,42.1875,26.0,1.1250,3.9375,85.3750,3,3,3,3
3974870193,-0.2300,0.6800,-9.7800,-0.0000,-0.0000,-0.0625,51.0625,-7.5625,42.1875,26.0,1.1250,3.9375,85.3750,3,3,3,3
3974880193,-0.2300,0.7100,-9.7900,-0.0000,0.0625,-0.1250,51.0625,-7.5625,42.1875,26.0,1.1250,3.9375,85.3750,3,3,3,3
3974890193,-0.2100,0.7000,-9.7900,-0.0000,0.0625,-0.1250,51.0625,-7.5625,42.1875,26.0,1.1250,3.9375,85.3750,3,3,3,3
3974900193,-0.2300,0.7100,-9.8000,0.1250,-0.0000,0.0625,50.7500,-7.5625,41.7500,26.0,1.1250,3.9375,85.3750,3,3,3,3
3974910193,-0.2200,0.6800,-9.7900,-0.0000,0.1250,-0.0000,50.7500,-7.5625,41.7500,26.0,1.1250,3.9375,85.3750,3,3,3,3
3974920193,-0.2300,0.6900,-9.7700,-0.0000,-0.1250,0.0625,50.7500,-7.5625,41.7500,26.0,1.1250,3.9375,85.3750,3,3,3,3
3974930193,-0.2300,0.7100,-9.8000,-0.0625,-0.1875,-0.1875,50.7500,-7.5625,41.7500,26.0,1.1250,3.9375,85.3750,3,3,3,3
3974940193,-0.2300,0.7000,-9.8000,0.0625,-0.1875,-0.0625,51.5000,-8.6875,42.5625,26.0,1.1250,3.9375,85.3750,3,3,3,3
3974950193,-0.2200,0.7000,-9.7900,0.0625,0.1250,0.1250,51.5000,-8.6875,42.5625,26.0,1.1250,3.9375,85.3750,3,3,3,3
3974960193,-0.2300,0.7100,-9.8000,-0.0625,0.0625,0.1250,51.5000,-8.6875,42.5625,26.0,1.1250,3.9375,85.3750,3,3,3,3
3974970193,-0.2300,0.7100,-9.8000,0.1875,0.0625,-0.1250,51.5000,-8.6875,42.5625,26.0,1.1250,3.9375,85.3750,3,3,3,3
3974980193,-0.2300,0.7100,-9.8100,-0.0000,-0.2500,-0.0625,51.5000,-8.6875,42.5625,26.0,1.1250,3.9375,85.3750,3,3,3,3
3974990193,-0.2300,0.7100,-9.8000,-0.1250,-0.0000,-0.0625,51.5000,-8.6875,42.5625,26.0,1.1250,3.9375,85.3750,3,3,3,3
3975000193,-0.2100,0.6900,-9.8000,0.1250,-0.2500,-0.0000,50.3750,-7.5625,41.7500,26.0,1.1250,3.9375,85.3750,3,3,3,3
3975010193,-0.2400,0.6900,-9.7900,0.0625,-0.0625,-0.0625,50.3750,-7.5625,41.7500,26.0,1.1250,3.9375,85.3750,3,3,3,3
3975020193,-0.2300,0.7000,-9.8100,-0.1250,-0.0000,-0.0000,50.3750,-7.5625,41.7500,26.0,1.1250,3.9375,85.3750,3,3,3,3
3975030193,-0.2200,0.7000,-9.8000,-0.1250,0.0625,0.0625,50.3750,-7.5625,41.7500,26.0,1.1250,3.9375,85.3750,3,3,3,3
3975040193,-0.2200,0.7100,-9.8100,-0.0625,0.1250,-0.0000,50.3750,-7.5625,41.7500,26.0,1.1250,3.9375,85.3750,3,3,3,3
3975050193,-0.2300,0.7100,-9.8100,-0.0000,-0.0000,-0.0625,51.0625,-8.0000,42.1875,26.0,1.1250,3.9375,85.3750,3,3,3,3
3975060193,-0.2300,0.6900,-9.7800,-0.1875,-0.0000,-0.0625,51.0625,-8.0000,42.1875,26.0,1.1250,3.9375,85.3750,3,3,3,3
3975070193,-0.2300,0.7000,-9.7800,-0.0625,0.0625,-0.0625,51.0625,-8.0000,42.1875,26.0,1.1250,3.9375,85.3750,3,3,3,3
3975080193,-0.2300,0.6800,-9.7800,-0.0625,-0.1250,0.0625,51.0625,-8.0000,42.1875,26.0,1.1250,3.9375,85.3750,3,3,3,3
3975090193,-0.2300,0.7000,-9.8100,0.0625,0.1250,0.0625,51.0625,-8.0000,42.1875,26.0,1.1250,3.9375,85.3750,3,3,3,3
3975100193,-0.2300,0.7000,-9.8100,-0.0625,-0.0625,0.0625,51.0625,-8.0000,42.1875,26.0,1.1250,3.9375,85.3750,3,3,3,3
3975110193,-0.2200,0.7100,-9.8000,-0.0000,-0.0000,-0.0000,51.0625,-8.0000,42.1875,26.0,1.1250,3.9375,85.3750,3,3,3,3
3975120193,-0.2200,0.7000,-9.7900,-0.1250,-0.1875,-0.0000,51.0625,-8.0000,42.1875,26.0,1.1250,3.9375,85.3750,3,3,3,3
3975130193,-0.2200,0.7100,-9.7700,0.1875,0.0625,-0.0000,51.0625,-8.0000,42.1875,26.0,1.1250,3.9375,85.3750,3,3,3,3
3975140193,-0.2300,0.7000,-9.8200,0.1875,-0.0625,-0.1250,51.0625,-8.0000,42.1875,26.0,1.1250,3.9375,85.3750,3,3,3,3
3975150193,-0.2200,0.6900,-9.8200,-0.1250,-0.0000,0.0625,50.7500,-7.5625,42.1875,26.0,1.1250,3.9375,85.3750,3,3,3,3
3975160193,-0.2200,0.6800,-9.8000,-0.2500,-0.0625,-0.0000,50.7500,-7.5625,42.1875,26.0,1.1250,3.9375,85.3750,3,3,3,3
3975170193,-0.2100,0.7100,-9.7700,-0.1875,-0.0000,0.0625,50.7500,-7.5625,42.1875,26.0,1.1250,3.9375,85.3750,3,3,3,3
3975180193,-0.2200,0.7100,-9.8100,0.0625,-0.1875,0.1250,50.7500,-7.5625,42.1875,26.0,1.1250,3.9375,85.3750,3,3,3,3
3975190193,-0.2400,0.6900,-9.8000,-0.1875,-0.1250,0.1250,50.7500,-7.5625,42.1875,26.0,1.1250,3.9375,85.3750,3,3,3,3
3975200193,-0.2300,0.6900,-9.8100,-0.0625,-0.1875,-0.0625,51.0625,-8.0000,41.3750,26.0,1.1250,3.9375,85.3750,3,3,3,3
3975210193,-0.2400,0.7000,-9.8200,-0.1875,0.0625,-0.0000,51.0625,-8.0000,41.3750,26.0,1.1250,3.9375,85.3750,3,3,3,3
3975220193,-0.2200,0.7100,-9.7500,-0.0625,-0.1250,-0.1250,51.0625,-8.0000,41.3750,26.0,1.1250,3.9375,85.3750,3,3,3,3
3975230193,-0.2400,0.7000,-9.7700,-0.1250,-0.0625,-0.0000,51.0625,-8.0000,41.3750,26.0,1.1250,3.9375,85.3750,3,3,3,3
3975240193,-0.2300,0.6800,-9.7900,-0.0000,-0.0625,-0.1250,51.0625,-8.0000,41.3750,26.0,1.1250,3.9375,85.3750,3,3,3,3
3975250193,-0.2200,0.6900,-9.8000,-0.1250,-0.1250,-0.0000,50.7500,-7.5625,41.3750,26.0,1.1250,3.9375,85.3750,3,3,3,3
3975260193,-0.2200,0.6900,-9.8200,-0.0625,0.1250,-0.0000,50.7500,-7.5625,41.3750,26.0,1.1250,3.9375,85.3750,3,3,3,3
3975270193,-0.2300,0.6900,-9.7700,0.1250,0.0625,0.1250,50.7500,-7.5625,41.3750,26.0,1.1250,3.9375,85.3750,3,3,3,3
3975280193,-0.2100,0.7100,-9.8000,-0.0000,0.0625,-0.0625,50.7500,-7.5625,41.3750,26.0,1.1250,3.9375,85.3750,3,3,3,3
3975290193,-0.2000,0.7000,-9.8200,-0.0000,0.0625,-0.1250,50.7500,-7.5625,41.3750,26.0,1.1250,3.9375,85.3750,3,3,3,3
3975300193,-0.2400,0.7000,-9.8000,-0.1250,-0.1250,-0.1250,51.0625,-8.3750,42.8750,26.0,1.1250,3.9375,85.3750,3,3,3,3
3975310193,-0.2200,0.7000,-9.8000,0.0625,-0.0000,0.1250,51.0625,-8.3750,42.8750,26.0,1.1250,3.9375,85.3750,3,3,3,3
3975320193,-0.2300,0.7100,-9.8000,-0.0625,-0.0625,-0.0000,51.0625,-8.3750,42.8750,26.0,1.1250,3.9375,85.3750,3,3,3,3
3975330193,-0.2200,0.6900,-9.7900,0.0625,-0.1250,-0.0625,51.0625,-8.3750,42.8750,26.0,1.1250,3.9375,85.3750,3,3,3,3
3975340193,-0.2500,0.7000,-9.7700,-0.0000,0.1875,-0.0625,51.0625,-8.3750,42.8750,26.0,1.1250,3.9375,85.3750,3,3,3,3
3975350193,-0.2200,0.6700,-9.7900,-0.0625,-0.0000,-0.0625,50.3750,-8.0000,42.1875,26.0,1.1250,3.9375,85.3750,3,3,3,3
3975360193,-0.2300,0.7100,-9.7800,-0.0625,-0.0000,0.0625,50.3750,-8.0000,42.1875,26.0,1.1250,3.9375,85.3750,3,3,3,3
3975370193,-0.2200,0.6800,-9.7700,0.1250,0.1250,-0.0000,50.3750,-8.0000,42.1875,26.0,1.1250,3.9375,85.3750,3,3,3,3
3975380193,-0.2200,0.6800,-9.7700,-0.0625,-0.0000,-0.0000,50.3750,-8.0000,42.1875,26.0,1.1250,3.9375,85.3750,3,3,3,3
3975390193,-0.2200,0.7100,-9.8100,-0.0625,0.0625,-0.0625,50.3750,-8.0000,42.1875,26.0,1.1250,3.9375,85.3750,3,3,3,3
3975400193,-0.2300,0.7000,-9.7900,-0.0000,0.2500,-0.0000,51.0625,-7.1875,42.1875,26.0,1.1250,3.9375,85.3750,3,3,3,3
3975410193,-0.2300,0.7000,-9.8200,0.2500,-0.1250,-0.1250,51.0625,-7.1875,42.1875,26.0,1.1250,3.9375,85.3750,3,3,3,3
3975420193,-0.2200,0.7000,-9.7600,0.0625,-0.1875,-0.0000,51.0625,-7.1875,42.1875,26.0,1.1250,3.9375,85.3750,3,3,3,3
3975430193,-0.2400,0.7100,-9.8100,0.1875,-0.0625,-0.0625,51.0625,-7.1875,42.1875,26.0,1.1250,3.9375,85.3750,3,3,3,3
3975440193,-0.2400,0.7100,-9.8200,-0.1250,0.0625,0.0625,51.0625,-7.1875,42.1875,26.0,1.1250,3.9375,85.3750,3,3,3,3
3975450193,-0.2300,0.7300,-9.8000,0.0625,-0.1250,0.1250,51.5000,-8.0000,42.5625,26.0,1.1250,3.9375,85.3750,3,3,3,3
3975460193,-0.2200,0.7100,-9.7600,0.1875,-0.3125,0.0625,51.5000,-8.0000,42.5625,26.0,1.1250,3.9375,85.3750,3,3,3,3
3975470193,-0.2300,0.6700,-9.7900,-0.0000,-0.0000,0.1250,51.5000,-8.0000,42.5625,26.0,1.1250,3.9375,85.3750,3,3,3,3
3975480193,-0.2200,0.7000,-9.7900,-0.1250,0.1250,0.0625,51.5000,-8.0000,42.5625,26.0,1.1250,3.9375,85.3750,3,3,3,3
3975490193,-0.2300,0.6900,-9.7900,-0.1250,0.0625,-0.0625,51.5000,-8.0000,42.5625,26.0,1.1250,3.9375,85.3750,3,3,3,3
3975500193,-0.2300,0.6700,-9.8000,0.0625,-0.1250,-0.0000,50.7500,-7.1875,41.3750,26.0,1.1250,3.9375,85.3750,3,3,3,3
3975510193,-0.2200,0.6900,-9.7800,-0.0000,-0.0000,-0.0000,50.7500,-7.1875,41.3750,26.0,1.1250,3.9375,85.3750,3,3,3,3
3975520193,-0.2300,0.6900,-9.7900,-0.0000,-0.0000,0.0625,50.7500,-7.1875,41.3750,26.0,1.1250,3.9375,85.3750,3,3,3,3
3975530193,-0.2400,0.7000,-9.7700,0.1875,-0.1250,-0.1250,50.7500,-7.1875,41.3750,26.0,1.1250,3.9375,85.3750,3,3,3,3
3975540193,-0.2300,0.6900,-9.8000,-0.0625,0.0625,-0.1250,50.7500,-7.1875,41.3750,26.0,1.1250,3.9375,85.3750,3,3,3,3
3975550193,-0.2400,0.7200,-9.7900,0.0625,-0.1250,-0.0625,50.7500,-7.1875,41.7500,26.0,1.1250,3.9375,85.3750,3,3,3,3
3975560193,-0.2300,0.7100,-9.7900,-0.0000,-0.0625,-0.0625,50.7500,-7.1875,41.7500,26.0,1.1250,3.9375,85.3750,3,3,3,3
3975570193,-0.2300,0.6900,-9.7900,0.0625,-0.0625,-0.0625,50.7500,-7.1875,41.7500,26.0,1.1250,3.9375,85.3750,3,3,3,3
3975580193,-0.2300,0.7000,-9.7900,-0.0000,-0.1250,-0.1875,50.7500,-7.1875,41.7500,26.0,1.1250,3.9375,85.3750,3,3,3,3
3975590193,-0.2200,0.6800,-9.7800,-0.0625,-0.1875,0.0625,50.7500,-7.1875,41.7500,26.0,1.1250,3.9375,85.3750,3,3,3,3
3975600193,-0.2100,0.6900,-9.8200,0.1250,-0.0000,-0.1250,51.0625,-7.5625,42.5625,26.0,1.1250,3.9375,85.3750,3,3,3,3
3975610193,-0.2100,0.7300,-9.7900,0.1250,-0.1875,0.0625,51.0625,-7.5625,42.5625,26.0,1.1250,3.9375,85.3750,3,3,3,3
3975620193,-0.2000,0.7100,-9.7600,0.1250,-0.1250,-0.0000,51.0625,-7.5625,42.5625,26.0,1.1250,3.9375,85.3750,3,3,3,3
3975630193,-0.2000,0.7100,-9.7800,0.0625,-0.0000,-0.0625,51.0625,-7.5625,42.5625,26.0,1.1250,3.9375,85.3750,3,3,3,3
3975640193,-0.2100,0.7000,-9.7900,0.1875,-0.1250,0.0625,51.0625,-7.5625,42.5625,26.0,1.1250,3.9375,85.3750,3,3,3,3
3975650193,-0.2300,0.6800,-9.8300,0.0625,-0.0000,-0.0625,51.0625,-7.1875,41.7500,26.0,1.1250,3.9375,85.3750,3,3,3,3
3975660193,-0.2300,0.7000,-9.7900,0.0625,-0.1250,-0.0000,51.0625,-7.1875,41.7500,26.0,1.1250,3.9375,85.3750,3,3,3,3
3975670193,-0.2500,0.6600,-9.7700,0.1250,-0.0000,0.0625,51.0625,-7.1875,41.7500,26.0,1.1250,3.9375,85.3750,3,3,3,3
3975680193,-0.2700,0.6700,-9.8000,0.0625,0.0625,0.0625,51.0625,-7.1875,41.7500,26.0,1.1250,3.9375,85.3750,3,3,3,3
3975690193,-0.2400,0.6600,-9.7900,0.1875,0.0625,-0.0625,51.0625,-7.1875,41.7500,26.0,1.1250,3.9375,85.3750,3,3,3,3
3975700193,-0.2500,0.6600,-9.8100,0.2500,0.0625,-0.1250,49.2500,-7.5625,42.5625,26.0,1.1250,3.9375,85.3750,3,3,3,3
3975710193,-0.2400,0.6900,-9.7700,-0.0625,-0.0625,-0.1250,49.2500,-7.5625,42.5625,26.0,1.1250,3.9375,85.3750,3,3,3,3
3975720193,-0.2300,0.7100,-9.8200,-0.0000,0.0625,-0.0000,49.2500,-7.5625,42.5625,26.0,1.1250,3.9375,85.3750,3,3,3,3
3975730193,-0.2300,0.7200,-9.8500,-0.1250,0.1250,-0.0625,49.2500,-7.5625,42.5625,26.0,1.1250,3.9375,85.3750,3,3,3,3
3975740193,-0.2200,0.7400,-9.7600,0.2500,0.0625,0.1250,49.2500,-7.5625,42.5625,26.0,1.1250,3.9375,85.3750,3,3,3,3
3975750193,-0.2100,0.7300,-9.7900,0.1875,0.0625,0.1250,51.0625,-7.5625,42.5625,26.0,1.1250,3.9375,85.3750,3,3,3,3
3975760193,-0.2200,0.7100,-9.7600,0.0625,-0.1875,0.1250,51.0625,-7.5625,42.5625,26.0,1.1250,3.9375,85.3750,3,3,3,3
3975770193,-0.2100,0.7000,-9.7900,0.0625,-0.0000,0.1250,51.0625,-7.5625,42.5625,26.0,1.1250,3.9375,85.3750,3,3,3,3
3975780193,-0.2200,0.7000,-9.8000,-0.0000,-0.0000,-0.0000,51.0625,-7.5625,42.5625,26.0,1.1250,3.9375,85.3750,3,3,3,3
3975790193,-0.2100,0.7200,-9.7800,0.1250,-0.1250,-0.0625,51.0625,-7.5625,42.5625,26.0,1.1250,3.9375,85.3750,3,3,3,3
3975800193,-0.2300,0.7400,-9.8000,0.1875,-0.1250,0.0625,50.7500,-7.5625,42.5625,26.0,1.1250,3.9375,85.3750,3,3,3,3
3975810193,-0.2400,0.7200,-9.7800,-0.0000,0.1875,0.1250,50.7500,-7.5625,42.5625,26.0,1.1250,3.9375,85.3750,3,3,3,3
3975820193,-0.2300,0.7200,-9.7800,0.1875,-0.0000,-0.0000,50.7500,-7.5625,42.5625,26.0,1.1250,3.9375,85.3750,3,3,3,3
3975830193,-0.2300,0.6900,-9.7800,0.0625,0.1250,-0.0000,50.7500,-7.5625,42.5625,26.0,1.1250,3.9375,85.3750,3,3,3,3
3975840193,-0.2300,0.6700,-9.8100,0.0625,-0.0625,0.1875,50.7500,-7.5625,42.5625,26.0,1.1250,3.9375,85.3750,3,3,3,3
3975850193,-0.2400,0.6900,-9.7800,-0.0000,-0.0625,0.0625,51.0625,-7.1875,42.1875,26.0,1.1250,3.9375,85.3750,3,3,3,3
3975860193,-0.2200,0.6700,-9.7900,0.1250,-0.1875,-0.0000,51.0625,-7.1875,42.1875,26.0,1.1250,3.9375,85.3750,3,3,3,3
3975870193,-0.2300,0.6900,-9.7900,0.1875,-0.1250,-0.0625,51.0625,-7.1875,42.1875,26.0,1.1250,3.9375,85.3750,3,3,3,3
3975880193,-0.2100,0.7100,-9.8100,0.0625,0.1875,0.0625,51.0625,-7.1875,42.1875,26.0,1.1250,3.9375,85.3750,3,3,3,3
3975890193,-0.2400,0.7300,-9.8300,-0.0000,-0.0000,-0.0625,51.0625,-7.1875,42.1875,26.0,1.1250,3.9375,85.3750,3,3,3,3
3975900193,-0.2300,0.7000,-9.8000,0.1250,-0.0000,-0.0000,50.7500,-8.0000,41.7500,26.0,1.1250,3.9375,85.3750,3,3,3,3
3975910193,-0.2300,0.7100,-9.7700,-0.0625,-0.0000,-0.0625,50.7500,-8.0000,41.7500,26.0,1.1250,3.9375,85.3750,3,3,3,3
3975920193,-0.2000,0.7200,-9.7700,0.0625,0.0625,-0.0625,50.7500,-8.0000,41.7500,26.0,1.1250,3.9375,85.3750,3,3,3,3
3975930193,-0.2300,0.7000,-9.7900,-0.1875,-0.0625,-0.1250,50.7500,-8.0000,41.7500,26.0,1.1250,3.9375,85.3750,3,3,3,3
3975940193,-0.2300,0.6800,-9.8200,0.1250,-0.0625,-0.0625,50.7500,-8.0000,41.7500,26.0,1.1250,3.9375,85.3750,3,3,3,3
3975950193,-0.2300,0.6700,-9.8100,-0.1875,-0.1250,0.0625,50.7500,-8.0000,41.0000,26.0,1.1250,3.9375,85.3750,3,3,3,3
3975960193,-0.2300,0.6900,-9.7900,-0.0000,-0.0000,-0.0000,50.7500,-8.0000,41.0000,26.0,1.1250,3.9375,85.3750,3,3,3,3
3975970193,-0.2300,0.6700,-9.7800,0.0625,-0.0625,-0.0000,50.7500,-8.0000,41.0000,26.0,1.1250,3.9375,85.3750,3,3,3,3
3975980193,-0.2000,0.6700,-9.7900,-0.1875,-0.0625,-0.0625,50.7500,-8.0000,41.0000,26.0,1.1250,3.9375,85.3750,3,3,3,3
3975990193,-0.2300,0.6900,-9.8200,-0.1250,-0.0000,-0.1875,50.7500,-8.0000,41.0000,26.0,1.1250,3.9375,85.3750,3,3,3,3
3976000193,-0.2300,0.7200,-9.8100,-0.0000,-0.0000,-0.1250,50.3750,-7.1875,42.5625,26.0,1.1250,3.9375,85.3750,3,3,3,3
3976010193,-0.2100,0.7100,-9.8100,-0.0625,-0.1250,-0.0000,50.3750,-7.1875,42.5625,26.0,1.1250,3.9375,85.3750,3,3,3,3
3976020193,-0.2400,0.7200,-9.8000,-0.1875,-0.0625,-0.0625,50.3750,-7.1875,42.5625,26.0,1.1250,3.9375,85.3750,3,3,3,3
3976030193,-0.2100,0.7100,-9.7900,-0.0625,-0.1250,0.1250,50.3750,-7.1875,42.5625,26.0,1.1250,3.9375,85.3750,3,3,3,3
3976040193,-0.2300,0.7100,-9.7900,-0.2500,-0.2500,-0.0625,50.3750,-7.1875,42.5625,26.0,1.1250,3.9375,85.3750,3,3,3,3
3976050193,-0.2100,0.7100,-9.8000,-0.1250,-0.0625,-0.0000,51.0625,-8.0000,41.3750,26.0,1.1250,3.9375,85.3750,3,3,3,3
3976060193,-0.2200,0.6900,-9.7900,-0.1875,-0.1875,-0.0000,51.0625,-8.0000,41.3750,26.0,1.1250,3.9375,85.3750,3,3,3,3
3976070193,-0.2300,0.6900,-9.7600,-0.1250,-0.0625,0.0625,51.0625,-8.0000,41.3750,26.0,1.1250,3.9375,85.3750,3,3,3,3
3976080193,-0.2200,0.7100,-9.8000,-0.0625,0.0625,-0.1250,51.0625,-8.0000,41.3750,26.0,1.1250,3.9375,85.3750,3,3,3,3
3976090193,-0.2300,0.7000,-9.8000,-0.0625,0.1250,-0.0000,51.0625,-8.0000,41.3750,26.0,1.1250,3.9375,85.3750,3,3,3,3
3976100193,-0.2600,0.6800,-9.8300,0.0625,-0.0000,0.0625,51.0625,-7.5625,42.5625,26.0,1.1250,3.9375,85.3750,3,3,3,3
3976110193,-0.2400,0.7000,-9.7900,-0.0000,-0.0000,0.0625,51.0625,-7.5625,42.5625,26.0,1.1250,3.9375,85.3750,3,3,3,3
3976120193,-0.2500,0.6600,-9.7600,-0.1250,0.1875,-0.0000,51.0625,-7.5625,42.5625,26.0,1.1250,3.9375,85.3750,3,3,3,3
3976130193,-0.2300,0.7000,-9.7800,-0.1250,-0.0000,0.0625,51.0625,-7.5625,42.5625,26.0,1.1250,3.9375,85.3750,3,3,3,3
3976140193,-0.2400,0.6700,-9.8200,-0.1250,0.0625,-0.0000,51.0625,-7.5625,42.5625,26.0,1.1250,3.9375,85.3750,3,3,3,3
3976150193,-0.2100,0.6800,-9.8100,-0.0625,-0.1250,0.1250,50.7500,-7.5625,42.1875,26.0,1.1250,3.9375,85.3750,3,3,3,3
3976160193,-0.2300,0.7100,-9.8000,-0.0625,0.1250,-0.0000,50.7500,-7.5625,42.1875,26.0,1.1250,3.9375,85.3750,3,3,3,3
3976170193,-0.2300,0.7300,-9.7800,0.1250,-0.1250,-0.0000,50.7500,-7.5625,42.1875,26.0,1.1250,3.9375,85.3750,3,3,3,3
3976180193,-0.2300,0.7200,-9.7800,-0.0625,-0.2500,-0.0000,50.7500,-7.5625,42.1875,26.0,1.1250,3.9375,85.3750,3,3,3,3
3976190193,-0.2100,0.7500,-9.8200,-0.1875,-0.0000,0.0625,50.7500,-7.5625,42.1875,26.0,1.1250,3.9375,85.3750,3,3,3,3
3976200193,-0.2300,0.7400,-9.8200,-0.0000,-0.0000,0.0625,50.5000,-7.1875,42.8750,26.0,1.1250,3.9375,85.3750,3,3,3,3
3976210193,-0.2300,0.7400,-9.7600,0.0625,-0.0000,0.0625,50.5000,-7.1875,42.8750,26.0,1.1250,3.9375,85.3750,3,3,3,3
3976220193,-0.2100,0.7100,-9.7900,0.0625,-0.1250,-0.1250,50.5000,-7.1875,42.8750,26.0,1.1250,3.9375,85.3750,3,3,3,3
3976230193,-0.2100,0.7000,-9.7900,-0.1875,0.1250,0.1250,50.5000,-7.1875,42.8750,26.0,1.1250,3.9375,85.3750,3,3,3,3
3976240193,-0.2200,0.6900,-9.8100,-0.0625,0.0625,0.0625,50.5000,-7.1875,42.8750,26.0,1.1250,3.9375,85.3750,3,3,3,3
3976250193,-0.2300,0.6800,-9.8100,-0.1250,-0.0625,-0.0000,50.0625,-7.5625,41.7500,26.0,1.1250,3.9375,85.3750,3,3,3,3
3976260193,-0.2400,0.6800,-9.7900,-0.0625,-0.0625,0.1250,50.0625,-7.5625,41.7500,26.0,1.1250,3.9375,85.3750,3,3,3,3
3976270193,-0.2300,0.6900,-9.7600,-0.0625,-0.0000,-0.0000,50.0625,-7.5625,41.7500,26.0,1.1250,3.9375,85.3750,3,3,3,3
3976280193,-0.2400,0.6900,-9.7900,0.0625,-0.0000,0.0625,50.0625,-7.5625,41.7500,26.0,1.1250,3.9375,85.3750,3,3,3,3
3976290193,-0.2300,0.6900,-9.8200,-0.1875,-0.0000,-0.0000,50.0625,-7.5625,41.7500,26.0,1.1250,3.9375,85.3750,3,3,3,3
3976300193,-0.2300,0.6700,-9.8200,-0.0625,-0.0625,-0.0625,51.5000,-6.8750,41.7500,26.0,1.1250,3.9375,85.3750,3,3,3,3
3976310193,-0.2300,0.6800,-9.8000,-0.0000,0.1250,0.0625,51.5000,-6.8750,41.7500,26.0,1.1250,3.9375,85.3750,3,3,3,3
3976320193,-0.2200,0.7000,-9.7900,-0.0625,0.0625,-0.0625,51.5000,-6.8750,41.7500,26.0,1.1250,3.9375,85.3750,3,3,3,3
3976330193,-0.2300,0.7000,-9.7900,0.0625,0.0625,0.0625,51.5000,-6.8750,41.7500,26.0,1.1250,3.9375,85.3750,3,3,3,3
3976340193,-0.2300,0.7100,-9.8200,0.0625,-0.0000,-0.0625,51.5000,-6.8750,41.7500,26.0,1.1250,3.9375,85.3750,3,3,3,3
3976350193,-0.2200,0.7100,-9.8300,0.0625,-0.1875,-0.0625,51.5000,-8.3750,40.1875,26.0,1.1250,3.9375,85.3750,3,3,3,3
3976360193,-0.2200,0.7200,-9.8000,-0.0000,-0.0000,-0.0625,51.5000,-8.3750,40.1875,26.0,1.1250,3.9375,85.3750,3,3,3,3
3976370193,-0.2300,0.7200,-9.7800,-0.0625,0.1875,-0.0625,51.5000,-8.3750,40.1875,26.0,1.1250,3.9375,85.3750,3,3,3,3
3976380193,-0.2100,0.7100,-9.7900,-0.1250,-0.0000,-0.0000,51.5000,-8.3750,40.1875,26.0,1.1250,3.9375,85.3750,3,3,3,3
3976390193,-0.2200,0.7100,-9.7800,-0.1875,-0.0000,0.0625,51.5000,-8.3750,40.1875,26.0,1.1250,3.9375,85.3750,3,3,3,3
3976400193,-0.2200,0.7200,-9.7700,0.0625,-0.0625,-0.0000,51.5000,-6.8750,43.6875,26.0,1.1250,3.9375,85.3750,3,3,3,3
3976410193,-0.2200,0.6900,-9.8000,-0.0000,-0.0625,0.0625,51.5000,-6.8750,43.6875,26.0,1.1250,3.9375,85.3750,3,3,3,3
3976420193,-0.2300,0.6700,-9.7800,0.1250,-0.1250,0.2500,51.5000,-6.8750,43.6875,26.0,1.1250,3.9375,85.3750,3,3,3,3
3976430193,-0.2200,0.6700,-9.7800,0.1250,-0.0000,0.0625,51.5000,-6.8750,43.6875,26.0,1.1250,3.9375,85.3750,3,3,3,3
3976440193,-0.2200,0.7000,-9.8000,0.0625,-0.0625,0.2500,51.5000,-6.8750,43.6875,26.0,1.1250,3.9375,85.3750,3,3,3,3
3976450193,-0.2300,0.6900,-9.8100,-0.0000,0.0625,-0.1250,50.7500,-7.5625,41.3750,26.0,1.1250,3.9375,85.3750,3,3,3,3
3976460193,-0.2400,0.7100,-9.8000,0.0625,-0.0625,-0.0000,50.7500,-7.5625,41.3750,26.0,1.1250,3.9375,85.3750,3,3,3,3
3976470193,-0.2200,0.7100,-9.8000,-0.0000,-0.1250,-0.0000,50.7500,-7.5625,41.3750,26.0,1.1250,3.9375,85.3750,3,3,3,3
3976480193,-0.2200,0.7100,-9.8000,-0.1250,0.0625,0.0625,50.7500,-7.5625,41.3750,26.0,1.1250,3.9375,85.3750,3,3,3,3
3976490193,-0.2300,0.7100,-9.8000,0.1875,0.1250,-0.0000,50.7500,-7.5625,41.3750,26.0,1.1250,3.9375,85.3750,3,3,3,3
3976500193,-0.2300,0.6900,-9.8100,0.0625,-0.1250,0.0625,51.5000,-8.0000,43.2500,26.0,1.1250,3.9375,85.3750,3,3,3,3
3976510193,-0.2100,0.7100,-9.8000,0.0625,-0.0625,-0.0625,51.5000,-8.0000,43.2500,26.0,1.1250,3.9375,85.3750,3,3,3,3
3976520193,-0.2200,0.7100,-9.8100,0.0625,0.0625,0.0625,51.5000,-8.0000,43.2500,26.0,1.1250,3.9375,85.3750,3,3,3,3
3976530193,-0.2300,0.6900,-9.7700,0.0625,0.0625,0.0625,51.5000,-8.0000,43.2500,26.0,1.1250,3.9375,85.3750,3,3,3,3
3976540193,-0.2300,0.7000,-9.7900,-0.0000,-0.0000,-0.0000,51.5000,-8.0000,43.2500,26.0,1.1250,3.9375,85.3750,3,3,3,3
3976550193,-0.2100,0.6800,-9.8100,0.0625,0.1250,0.0625,51.0625,-8.0000,42.8750,26.0,1.1250,3.9375,85.3750,3,3,3,3
3976560193,-0.2200,0.7100,-9.8000,0.1250,-0.0000,-0.1250,51.0625,-8.0000,42.8750,26.0,1.1250,3.9375,85.3750,3,3,3,3
3976570193,-0.2200,0.6800,-9.8100,0.0625,-0.0625,-0.0625,51.0625,-8.0000,42.8750,26.0,1.1250,3.9375,85.3750,3,3,3,3
3976580193,-0.2300,0.6800,-9.7700,0.0625,-0.0625,-0.0625,51.0625,-8.0000,42.8750,26.0,1.1250,3.9375,85.3750,3,3,3,3
3976590193,-0.2300,0.6800,-9.7600,-0.0000,-0.1250,-0.0625,51.0625,-8.0000,42.8750,26.0,1.1250,3.9375,85.3750,3,3,3,3
3976600193,-0.2300,0.6900,-9.8300,-0.0000,-0.0000,0.0625,51.0625,-8.0000,41.7500,26.0,1.1250,3.9375,85.3750,3,3,3,3
3976610193,-0.2300,0.7000,-9.8000,0.0625,-0.0000,0.1250,51.0625,-8.0000,41.7500,26.0,1.1250,3.9375,85.3750,3,3,3,3
3976620193,-0.2200,0.7100,-9.7900,-0.0000,-0.2500,-0.0000,51.0625,-8.0000,41.7500,26.0,1.1250,3.9375,85.3750,3,3,3,3
3976630193,-0.2300,0.7100,-9.7900,-0.0000,0.0625,-0.1250,51.0625,-8.0000,41.7500,26.0,1.1250,3.9375,85.3750,3,3,3,3
3976640193,-0.2100,0.7100,-9.8000,0.1250,-0.1250,0.0625,51.0625,-8.0000,41.7500,26.0,1.1250,3.9375,85.3750,3,3,3,3
3976650193,-0.2300,0.7100,-9.8000,0.0625,-0.0625,-0.0625,51.0625,-7.5625,41.0000,26.0,1.1250,3.9375,85.3750,3,3,3,3
3976660193,-0.2200,0.7100,-9.8100,-0.0000,-0.0625,0.1250,51.0625,-7.5625,41.0000,26.0,1.1250,3.9375,85.3750,3,3,3,3
3976670193,-0.2200,0.7300,-9.8100,0.1250,-0.0625,-0.0000,51.0625,-7.5625,41.0000,26.0,1.1250,3.9375,85.3750,3,3,3,3
3976680193,-0.2200,0.7300,-9.7900,-0.0000,-0.1875,0.0625,51.0625,-7.5625,41.0000,26.0,1.1250,3.9375,85.3750,3,3,3,3
3976690193,-0.2300,0.7000,-9.8000,0.1875,-0.1250,-0.0000,51.0625,-7.5625,41.0000,26.0,1.1250,3.9375,85.3750,3,3,3,3
3976700193,-0.2300,0.7000,-9.8300,0.1250,-0.0625,0.0625,51.5000,-8.0000,41.7500,26.0,1.1250,3.9375,85.3750,3,3,3,3
3976710193,-0.2400,0.7100,-9.8200,-0.0625,-0.1250,0.0625,51.5000,-8.0000,41.7500,26.0,1.1250,3.9375,85.3750,3,3,3,3
3976720193,-0.2200,0.6700,-9.8000,-0.0000,-0.1250,-0.1250,51.5000,-8.0000,41.7500,26.0,1.1250,3.9375,85.3750,3,3,3,3
3976730193,-0.2300,0.6700,-9.7900,-0.0625,-0.0625,-0.0000,51.5000,-8.0000,41.7500,26.0,1.1250,3.9375,85.3750,3,3,3,3
3976740193,-0.2300,0.6800,-9.7900,0.1250,-0.0000,0.0625,51.5000,-8.0000,41.7500,26.0,1.1250,3.9375,85.3750,3,3,3,3
3976750193,-0.2000,0.6800,-9.8100,0.0625,0.0625,-0.0625,51.5000,-7.1875,42.1875,26.0,1.1250,3.9375,85.3750,3,3,3,3
3976760193,-0.2300,0.6700,-9.8400,0.0625,-0.0000,-0.0625,51.5000,-7.1875,42.1875,26.0,1.1250,3.9375,85.3750,3,3,3,3
3976770193,-0.2200,0.6800,-9.8200,0.0625,-0.1250,-0.0625,51.5000,-7.1875,42.1875,26.0,1.1250,3.9375,85.3750,3,3,3,3
3976780193,-0.2300,0.7000,-9.7800,-0.0625,-0.0000,-0.0000,51.5000,-7.1875,42.1875,26.0,1.1250,3.9375,85.3750,3,3,3,3
3976790193,-0.2300,0.7100,-9.8000,-0.0000,-0.1250,-0.0000,51.5000,-7.1875,42.1875,26.0,1.1250,3.9375,85.3750,3,3,3,3
3976800193,-0.2300,0.7000,-9.8100,-0.0000,-0.1250,-0.0000,51.5000,-7.1875,42.1875,26.0,1.1250,3.9375,85.3750,3,3,3,3
3976810193,-0.2100,0.6900,-9.8000,0.1250,-0.1875,0.0625,51.0625,-7.5625,42.5625,26.0,1.1250,3.9375,85.3750,3,3,3,3
3976820193,-0.2200,0.7100,-9.7800,-0.0000,-0.1250,-0.0000,51.0625,-7.5625,42.5625,26.0,1.1250,3.9375,85.3750,3,3,3,3
3976830193,-0.2300,0.7100,-9.7800,-0.0625,0.0625,-0.0625,51.0625,-7.5625,42.5625,26.0,1.1250,3.9375,85.3750,3,3,3,3
3976840193,-0.2200,0.6900,-9.8000,0.0625,0.0625,-0.0625,51.0625,-7.5625,42.5625,26.0,1.1250,3.9375,85.3750,3,3,3,3
3976850193,-0.2100,0.7000,-9.8100,0.0625,0.0625,-0.0625,51.5000,-7.1875,41.3750,26.0,1.1250,3.9375,85.3750,3,3,3,3
3976860193,-0.2300,0.6900,-9.8700,0.3125,-0.0000,0.1250,51.5000,-7.1875,41.3750,26.0,1.1250,3.9375,85.3750,3,3,3,3
3976870193,-0.2300,0.7500,-9.7700,0.1875,0.1875,-0.0000,51.5000,-7.1875,41.3750,26.0,1.1250,3.9375,85.3750,3,3,3,3
3976880193,-0.2200,0.7200,-9.7700,-0.0625,0.1875,-0.0000,51.5000,-7.1875,41.3750,26.0,1.1250,3.9375,85.3750,3,3,3,3
3976890193,-0.2300,0.6800,-9.8000,0.1875,0.1250,-0.0000,51.5000,-7.1875,41.3750,26.0,1.1250,3.9375,85.3750,3,3,3,3
3976900193,-0.2400,0.6900,-9.8100,-0.0000,0.0625,0.1875,51.5000,-7.1875,41.3750,26.0,1.1250,3.9375,85.3750,3,3,3,3
3976910193,-0.2200,0.6800,-9.7900,0.0625,-0.0000,0.0625,50.7500,-8.0000,41.7500,26.0,1.1250,3.9375,85.3750,3,3,3,3
3976920193,-0.2400,0.7000,-9.8100,-0.1250,-0.0625,-0.0000,50.7500,-8.0000,41.7500,26.0,1.1250,3.9375,85.3750,3,3,3,3
3976930193,-0.2300,0.7100,-9.8200,-0.0000,0.0625,-0.0625,50.7500,-8.0000,41.7500,26.0,1.1250,3.9375,85.3750,3,3,3,3
3976940193,-0.2200,0.7200,-9.8200,-0.0000,0.1250,-0.1250,50.7500,-8.0000,41.7500,26.0,1.1250,3.9375,85.3750,3,3,3,3
3976950193,-0.2300,0.7100,-9.8200,0.1250,-0.1250,0.0625,50.7500,-8.0000,41.7500,26.0,1.1250,3.9375,85.3750,3,3,3,3
3976960193,-0.2500,0.7100,-9.7900,-0.0000,-0.1250,-0.0000,51.0625,-7.1875,42.1875,26.0,1.1250,3.9375,85.3750,3,3,3,3
3976970193,-0.2300,0.7300,-9.7800,-0.0625,-0.1875,-0.1875,51.0625,-7.1875,42.1875,26.0,1.1250,3.9375,85.3750,3,3,3,3
3976980193,-0.2300,0.7100,-9.7500,-0.2500,-0.0625,-0.0000,51.0625,-7.1875,42.1875,26.0,1.1250,3.9375,85.3750,3,3,3,3
3976990193,-0.2000,0.6900,-9.8300,-0.0000,-0.3125,-0.1875,51.0625,-7.1875,42.1875,26.0,1.1250,3.9375,85.3750,3,3,3,3
3977000193,-0.2300,0.7100,-9.7800,-0.0000,-0.3125,-0.0625,51.0625,-7.1875,42.1875,26.0,1.1250,3.9375,85.3750,3,3,3,3
3977010193,-0.2300,0.6800,-9.8000,-0.1250,0.1250,-0.0000,51.0625,-8.0000,41.7500,26.0,1.1250,3.9375,85.3750,3,3,3,3
3977020193,-0.2300,0.7100,-9.7900,-0.0625,0.0625,-0.0625,51.0625,-8.0000,41.7500,26.0,1.1250,3.9375,85.3750,3,3,3,3
3977030193,-0.2300,0.6800,-9.8000,-0.1250,-0.0000,-0.0625,51.0625,-8.0000,41.7500,26.0,1.1250,3.9375,85.3750,3,3,3,3
3977040193,-0.2300,0.7000,-9.7900,-0.0000,-0.0000,-0.0000,51.0625,-8.0000,41.7500,26.0,1.1250,3.9375,85.3750,3,3,3,3
3977050193,-0.2300,0.6900,-9.8100,-0.0000,-0.0000,0.1875,51.0625,-8.0000,41.7500,26.0,1.1250,3.9375,85.3750,3,3,3,3
3977060193,-0.2400,0.6900,-9.8200,-0.0000,-0.0625,0.1250,50.7500,-6.8750,41.7500,26.0,1.1250,3.9375,85.3750,3,3,3,3
3977070193,-0.2300,0.7000,-9.7900,-0.1250,0.0625,0.0625,50.7500,-6.8750,41.7500,26.0,1.1250,3.9375,85.3750,3,3,3,3
3977080193,-0.2300,0.7000,-9.7700,0.0625,-0.0000,0.1250,50.7500,-6.8750,41.7500,26.0,1.1250,3.9375,85.3750,3,3,3,3
3977090193,-0.2200,0.6800,-9.8000,-0.0000,-0.0000,0.0625,50.7500,-6.8750,41.7500,26.0,1.1250,3.9375,85.3750,3,3,3,3
3977100193,-0.2300,0.7000,-9.7900,-0.2500,0.1250,0.0625,50.7500,-6.8750,41.7500,26.0,1.1250,3.9375,85.3750,3,3,3,3
3977110193,-0.2200,0.7100,-9.8000,-0.1250,-0.0625,-0.0625,50.7500,-7.5625,42.1875,26.0,1.1250,3.9375,85.3750,3,3,3,3
3977120193,-0.2300,0.6800,-9.7900,-0.2500,0.1875,-0.0000,50.7500,-7.5625,42.1875,26.0,1.1250,3.9375,85.3750,3,3,3,3
3977130193,-0.2300,0.7000,-9.7800,0.1250,-0.0000,0.0625,50.7500,-7.5625,42.1875,26.0,1.1250,3.9375,85.3750,3,3,3,3
3977140193,-0.2100,0.7100,-9.8000,-0.1250,-0.0625,0.1250,50.7500,-7.5625,42.1875,26.0,1.1250,3.9375,85.3750,3,3,3,3
3977150193,-0.2300,0.7100,-9.8000,-0.1250,-0.1875,-0.0625,50.7500,-7.5625,42.1875,26.0,1.1250,3.9375,85.3750,3,3,3,3
3977160193,-0.2500,0.6900,-9.7900,-0.1250,0.0625,-0.0625,50.0625,-7.1875,41.7500,26.0,1.1250,3.9375,85.3750,3,3,3,3
3977170193,-0.2200,0.6800,-9.7900,-0.0625,-0.1875,0.0625,50.0625,-7.1875,41.7500,26.0,1.1250,3.9375,85.3750,3,3,3,3
3977180193,-0.2300,0.7100,-9.7600,-0.1250,-0.0000,-0.0625,50.0625,-7.1875,41.7500,26.0,1.1250,3.9375,85.3750,3,3,3,3
3977190193,-0.2300,0.7000,-9.7900,-0.1250,-0.1250,0.0625,50.0625,-7.1875,41.7500,26.0,1.1250,3.9375,85.3750,3,3,3,3
3977200193,-0.2300,0.6700,-9.8000,-0.0000,-0.1875,-0.0625,50.0625,-7.1875,41.7500,26.0,1.1250,3.9375,85.3750,3,3,3,3
3977210193,-0.2300,0.6900,-9.8000,0.0625,-0.0625,-0.1250,50.0625,-7.5625,42.1875,26.0,1.1250,3.9375,85.3750,3,3,3,3
3977220193,-0.2200,0.7000,-9.7900,-0.2500,-0.0625,-0.3125,50.0625,-7.5625,42.1875,26.0,1.1250,3.9375,85.3750,3,3,3,3
3977230193,-0.2600,0.7300,-9.7600,-0.4375,-0.0000,-0.2500,50.0625,-7.5625,42.1875,26.0,1.1250,3.9375,85.3750,3,3,3,3
3977240193,-0.2400,0.7100,-9.8000,-0.8125,-0.1250,-0.5000,50.0625,-7.5625,42.1875,26.0,1.1250,3.9375,85.3750,3,3,3,3
3977250193,-0.2500,0.7400,-9.7600,-1.1250,-0.1875,-0.5000,50.0625,-7.5625,42.1875,26.0,1.1250,3.9375,85.3750,3,3,3,3
3977260193,-0.2400,0.6900,-9.8200,-1.5000,-0.2500,-0.7500,51.0625,-8.6875,42.5625,26.0,1.1250,3.9375,85.3750,3,3,3,3
3977270193,-0.2400,0.6700,-9.8100,-1.4375,-0.4375,-0.7500,51.0625,-8.6875,42.5625,26.0,1.1250,3.9375,85.3750,3,3,3,3
3977280193,-0.2200,0.7000,-9.7700,-1.0625,-0.1875,-0.8125,51.0625,-8.6875,42.5625,26.0,1.1250,3.8750,85.3750,3,3,3,3
3977290193,-0.2200,0.6600,-9.8200,-1.0625,-0.1250,-0.6250,51.0625,-8.6875,42.5625,26.0,1.1250,3.8750,85.3750,3,3,3,3
3977300193,-0.2200,0.6600,-9.7900,-0.9375,-0.0625,-0.3125,51.0625,-8.6875,42.5625,26.0,1.1250,3.8750,85.3750,3,3,3,3
3977310193,-0.0700,0.6000,-9.9100,-0.8125,-0.1250,-0.2500,50.5000,-7.1875,42.0625,26.0,1.1250,3.8750,85.3750,3,3,3,3
3977320193,-0.1700,0.5800,-10.0000,0.6250,-0.1250,1.0000,50.5000,-7.1875,42.0625,26.0,1.1250,3.9375,85.3750,3,3,3,3
3977330193,-0.4300,0.8400,-9.4900,2.5625,0.3750,1.6875,50.5000,-7.1875,42.0625,26.0,1.1250,3.9375,85.3750,3,3,3,3
3977340193,-0.2300,0.6600,-9.8400,-0.0000,0.1875,0.2500,50.5000,-7.1875,42.0625,26.0,1.1250,3.9375,85.3750,3,3,3,3
3977350193,-0.2400,0.7200,-9.6700,0.5625,0.1875,0.4375,50.5000,-7.1875,42.0625,26.0,1.1250,3.9375,85.3750,3,3,3,3
3977360193,-0.2300,0.6900,-9.7300,-0.4375,-0.0625,0.6250,50.5000,-7.5625,41.7500,26.0,1.1250,3.8750,85.4375,3,3,3,3
3977370193,-0.2300,0.6300,-9.9400,-1.4375,-0.1250,0.5625,50.5000,-7.5625,41.7500,26.0,1.1250,3.8750,85.4375,3,3,3,3
3977380193,-0.2300,0.7100,-9.8200,0.0625,0.1875,0.4375,50.5000,-7.5625,41.7500,26.0,1.1250,3.8750,85.4375,3,3,3,3
3977390193,-0.2200,0.7300,-9.7200,0.1250,0.0625,0.1875,50.5000,-7.5625,41.7500,26.0,1.1250,3.8750,85.4375,3,3,3,3
3977400193,-0.2300,0.7000,-9.8100,0.1250,0.1250,-0.0625,50.5000,-7.5625,41.7500,26.0,1.1250,3.8750,85.4375,3,3,3,3
3977410193,-0.2100,0.6900,-9.7800,-0.5000,-0.1875,-0.4375,51.5000,-7.1875,42.1875,26.0,1.1250,3.8750,85.4375,3,3,3,3
3977420193,-0.2600,0.7300,-9.6700,-0.8750,-0.2500,-0.1875,51.5000,-7.1875,42.1875,26.0,1.1250,3.8750,85.4375,3,3,3,3
3977430193,-0.2100,0.6000,-10.0100,-2.2500,-0.7500,-0.4375,51.5000,-7.1875,42.1875,26.0,1.1250,3.8750,85.3750,3,3,3,3
3977440193,-0.1700,0.7300,-9.6800,-1.3125,-0.3750,-0.8125,51.5000,-7.1875,42.1875,26.0,1.0625,3.8125,85.3750,3,3,3,3
3977450193,-0.2200,0.6200,-9.9500,-1.5000,-1.2500,-0.1250,51.5000,-7.1875,42.1875,26.0,1.0625,3.8125,85.3750,3,3,3,3
3977460193,-0.2300,0.6800,-9.8400,-0.9375,-0.9375,0.0625,50.7500,-7.5625,41.7500,26.0,1.0625,3.8125,85.3750,3,3,3,3
3977470193,-0.2200,0.6400,-9.9000,-0.6250,-0.7500,-0.1250,50.7500,-7.5625,41.7500,26.0,1.0625,3.8125,85.3750,3,3,3,3
3977480193,-0.2400,0.6300,-9.8500,0.7500,-0.2500,-0.1250,50.7500,-7.5625,41.7500,26.0,1.0625,3.8750,85.3750,3,3,3,3
3977490193,-0.2100,0.6700,-9.7500,1.4375,-0.0625,-0.4375,50.7500,-7.5625,41.7500,26.0,1.0625,3.8750,85.3750,3,3,3,3
3977500193,-0.2000,0.6700,-9.7100,1.5000,-0.3125,-0.3750,50.7500,-7.5625,41.7500,26.0,1.0625,3.8750,85.3750,3,3,3,3
3977510193,-0.2100,0.6700,-9.8400,0.5625,-0.7500,-0.3750,51.0625,-8.0000,42.1875,26.0,1.0625,3.8750,85.3750,3,3,3,3
3977520193,-0.2000,0.6800,-9.8800,0.8125,-0.8125,-0.3750,51.0625,-8.0000,42.1875,26.0,1.0625,3.8750,85.3750,3,3,3,3
3977530193,-0.2800,0.6900,-9.8200,1.4375,-0.7500,-0.0625,51.0625,-8.0000,42.1875,26.0,1.0000,3.8750,85.3750,3,3,3,3
3977540193,-0.2300,0.7200,-9.7900,1.6250,-1.6875,-0.5625,51.0625,-8.0000,42.1875,26.0,1.0000,3.9375,85.3750,3,3,3,3
3977550193,-0.2300,0.7200,-9.7200,1.0625,-3.1875,-0.8125,51.0625,-8.0000,42.1875,26.0,1.0000,3.9375,85.3750,3,3,3,3
3977560193,-0.3100,0.6800,-9.6600,0.1250,-4.2500,-0.6250,51.0625,-7.5625,43.2500,26.0,0.9375,3.9375,85.3750,3,3,3,3
3977570193,-0.1700,0.7500,-9.9400,-1.7500,-4.3125,-0.6250,51.0625,-7.5625,43.2500,26.0,0.9375,3.8750,85.3750,3,3,3,3
3977580193,-0.0800,0.7500,-9.8400,-1.2500,-4.3750,-0.1875,51.0625,-7.5625,43.2500,26.0,0.8125,3.8750,85.3750,3,3,3,3
3977590193,0.0700,0.7800,-9.7500,0.4375,-3.2500,0.4375,51.0625,-7.5625,43.2500,26.0,0.8125,3.8750,85.3750,3,3,3,3
3977600193,-0.1100,0.7900,-9.8100,0.6250,-1.2500,0.5000,51.0625,-7.5625,43.2500,26.0,0.8125,3.8750,85.3750,3,3,3,3
3977610193,-0.3200,0.8400,-9.7800,0.4375,-0.7500,1.1250,51.3750,-7.0625,41.7500,26.0,0.8125,3.8750,85.4375,3,3,3,3
3977620193,-0.1700,0.7500,-9.8500,0.2500,-0.8750,1.5000,51.3750,-7.0625,41.7500,26.0,0.8125,3.8750,85.4375,3,3,3,3
3977630193,-0.0100,0.6400,-9.7900,0.9375,-0.3125,1.4375,51.3750,-7.0625,41.7500,26.0,0.8125,3.8750,85.4375,3,3,3,3
3977640193,-0.0100,0.6600,-9.8500,1.6875,0.6250,1.6875,51.3750,-7.0625,41.7500,26.0,0.8125,3.9375,85.4375,3,3,3,3
3977650201,-0.1400,0.5600,-9.8100,2.1875,0.3750,1.6875,51.3750,-7.0625,41.7500,26.0,0.8125,3.9375,85.4375,3,3,3,3
3977660201,-0.1100,0.6000,-9.7900,1.8750,-0.0625,1.4375,51.0000,-7.8750,42.5625,26.0,0.8125,3.9375,85.5000,3,3,3,3
3977670201,-0.0600,0.8400,-9.8700,1.7500,-0.4375,0.4375,51.0000,-7.8750,42.5625,26.0,0.8125,3.9375,85.5000,3,3,3,3
3977680201,-0.1100,1.0500,-9.8200,2.1250,-1.8750,1.1875,51.0000,-7.8750,42.5625,26.0,0.8125,4.0000,85.5000,3,3,3,3
3977690290,-0.2700,0.9600,-9.7400,2.0625,-3.6875,0.5000,51.0000,-7.8750,42.5625,26.0,0.7500,4.0000,85.5000,3,3,3,3
3977700393,-0.2300,0.9600,-9.7400,1.1250,-5.1875,-1.8125,51.0000,-7.8750,42.5625,26.0,0.6875,4.0000,85.5000,3,3,3,3
3977710393,-0.1400,0.5700,-9.8500,0.3125,-5.9375,-2.1250,50.6875,-7.8750,42.8750,26.0,0.6250,4.0000,85.4375,3,3,3,3
3977720393,-0.1100,0.6000,-9.7200,0.5625,-5.8750,-2.4375,50.6875,-7.8750,42.8750,26.0,0.6250,4.0000,85.4375,3,3,3,3
3977730393,-0.0700,0.4700,-9.7800,-0.0625,-5.3750,-2.1875,50.6875,-7.8750,42.8750,26.0,0.5625,4.0000,85.4375,3,3,3,3
3977740393,-0.1200,0.4800,-9.8100,-0.5000,-4.3125,-1.4375,50.6875,-7.8750,42.8750,26.0,0.5000,4.0000,85.3750,3,3,3,3
3977750393,-0.0900,0.6700,-9.8500,-0.7500,-3.5625,-0.8750,50.6875,-7.8750,42.8750,26.0,0.4375,4.0000,85.3750,3,3,3,3
3977760393,-0.0500,0.6600,-9.9200,-2.2500,-1.1250,-0.2500,51.0000,-8.5625,42.8750,26.0,0.4375,4.0000,85.3750,3,3,3,3
3977770393,-0.1500,0.6800,-9.8000,-3.5000,1.6250,0.3750,51.0000,-8.5625,42.8750,26.0,0.5000,3.9375,85.3750,3,3,3,3
3977780393,-0.1600,0.6200,-9.8800,-3.8125,2.4375,0.5625,51.0000,-8.5625,42.8750,26.0,0.5000,3.9375,85.3750,3,3,3,3
3977790393,-0.0900,0.6000,-9.7900,-4.3125,3.1250,0.5625,51.0000,-8.5625,42.8750,26.0,0.5000,3.8750,85.3750,3,3,3,3
3977800393,-0.1600,0.6700,-9.7200,-5.6250,3.4375,0.8750,51.0000,-8.5625,42.8750,26.0,0.5625,3.8125,85.3750,3,3,3,3
3977810393,-0.1100,0.6500,-9.8200,-6.2500,2.7500,2.0625,50.3750,-7.8750,43.2500,26.0,0.5625,3.7500,85.4375,3,3,3,3
3977820393,-0.0400,0.5900,-9.8400,-5.6875,2.3750,2.5000,50.3750,-7.8750,43.2500,26.0,0.6250,3.6875,85.4375,3,3,3,3
3977830393,-0.1100,0.5800,-9.6700,-4.5625,2.1875,2.8125,50.3750,-7.8750,43.2500,26.0,0.6250,3.6875,85.4375,3,3,3,3
3977840393,-0.2300,0.6900,-9.7500,-3.1250,1.1250,2.9375,50.3750,-7.8750,43.2500,26.0,0.6250,3.6250,85.5000,3,3,3,3
3977850393,-0.1800,0.6700,-9.8100,-2.6250,0.1875,3.4375,50.3750,-7.8750,43.2500,26.0,0.6250,3.6250,85.5000,3,3,3,3
3977860393,-0.1800,0.6400,-9.7600,-2.5000,0.4375,3.2500,50.0000,-6.7500,42.5625,26.0,0.6250,3.5625,85.5625,3,3,3,3
3977870393,-0.2000,0.7000,-9.6600,-1.6250,1.5000,3.0000,50.0000,-6.7500,42.5625,26.0,0.6875,3.5625,85.5625,3,3,3,3
3977880393,-0.2500,0.6900,-9.7300,0.2500,1.3750,3.3750,50.0000,-6.7500,42.5625,26.0,0.6875,3.5625,85.6250,3,3,3,3
3977890393,-0.2400,0.6600,-9.8000,1.8125,1.6250,2.0625,50.0000,-6.7500,42.5625,26.0,0.6875,3.5625,85.6250,3,3,3,3
3977900393,-0.1900,0.6300,-9.8400,3.2500,2.2500,0.7500,50.0000,-6.7500,42.5625,26.0,0.7500,3.6250,85.6250,3,3,3,3
3977910393,-0.2000,0.6000,-9.8600,3.5625,2.7500,-0.3125,50.3750,-7.5000,42.0625,26.0,0.7500,3.6250,85.6250,3,3,3,3
3977920393,-0.2200,0.6000,-9.9700,3.5625,2.9375,-1.3125,50.3750,-7.5000,42.0625,26.0,0.7500,3.6875,85.6250,3,3,3,3
3977930393,-0.2100,0.5400,-9.9500,2.8750,2.8750,-1.7500,50.3750,-7.5000,42.0625,26.0,0.8125,3.6875,85.6250,3,3,3,3
3977940393,-0.1500,0.6400,-9.8800,2.6250,3.3125,-2.1250,50.3750,-7.5000,42.0625,26.0,0.8125,3.7500,85.6250,3,3,3,3
3977950393,-0.1400,0.7400,-9.7600,2.0000,3.7500,-2.0625,50.3750,-7.5000,42.0625,26.0,0.8750,3.7500,85.5625,3,3,3,3
3977960393,-0.1500,0.7500,-9.8200,1.0625,4.1875,-1.3125,51.0000,-6.5000,42.8750,26.0,0.9375,3.7500,85.5625,3,3,3,3
3977970393,-0.1900,0.7100,-9.8600,0.0625,4.6250,-0.8125,51.0000,-6.5000,42.8750,26.0,0.9375,3.7500,85.5625,3,3,3,3
3977980393,-0.2000,0.6800,-9.8300,-0.8750,5.1875,-0.5000,51.0000,-6.5000,42.8750,26.0,1.0000,3.7500,85.5625,3,3,3,3
3977990393,-0.1400,0.6300,-9.8300,-1.3750,5.8750,-0.3750,51.0000,-6.5000,42.8750,26.0,1.0625,3.7500,85.5625,3,3,3,3
3978000393,-0.2400,0.6400,-9.8100,-1.4375,5.9375,-0.3750,51.0000,-6.5000,42.8750,26.0,1.1250,3.7500,85.5625,3,3,3,3
3978010393,-0.1900,0.7000,-9.7300,-1.0000,4.6875,-0.6250,50.3750,-7.8750,42.0625,26.0,1.1875,3.7500,85.5625,3,3,3,3
3978020393,-0.2300,0.6800,-9.7300,-2.0625,4.0625,-0.3125,50.3750,-7.8750,42.0625,26.0,1.1875,3.6875,85.5625,3,3,3,3
3978030393,-0.1900,0.6600,-9.8100,-2.6250,3.0000,-0.0000,50.3750,-7.8750,42.0625,26.0,1.2500,3.6875,85.5625,3,3,3,3
3978040393,-0.2200,0.6200,-9.8400,-2.1250,2.1250,-0.3750,50.3750,-7.8750,42.0625,26.0,1.2500,3.6250,85.5625,3,3,3,3
3978050393,-0.2400,0.6500,-9.8300,-1.5625,2.1250,-0.9375,50.3750,-7.8750,42.0625,26.0,1.2500,3.6250,85.5000,3,3,3,3
3978060393,-0.2600,0.6600,-9.8300,-1.1250,1.9375,-0.9375,50.3750,-7.5000,41.7500,26.0,1.3125,3.6250,85.5000,3,3,3,3
3978070393,-0.2500,0.6600,-9.9100,-0.5625,1.7500,-1.0625,50.3750,-7.5000,41.7500,26.0,1.3125,3.6250,85.5000,3,3,3,3
3978080393,-0.2900,0.6800,-9.8700,-0.1875,1.6250,-0.7500,50.3750,-7.5000,41.7500,26.0,1.3125,3.6250,85.5000,3,3,3,3
3978090393,-0.2600,0.5700,-9.8900,-1.1250,2.7500,-0.3125,50.3750,-7.5000,41.7500,26.0,1.3750,3.6250,85.5000,3,3,3,3
3978100393,-0.2300,0.6000,-9.8100,-1.3125,3.7500,-0.1875,50.3750,-7.5000,41.7500,26.0,1.3750,3.6250,85.5000,3,3,3,3
3978110393,-0.2700,0.6000,-9.8400,-0.5000,4.3125,0.1875,50.0000,-6.7500,42.8750,26.0,1.4375,3.6250,85.5000,3,3,3,3
3978120393,-0.2900,0.6100,-9.8100,0.5000,4.4375,0.0625,50.0000,-6.7500,42.8750,26.0,1.5000,3.6250,85.5000,3,3,3,3
3978130393,-0.2900,0.6800,-9.7600,2.1875,4.1250,-1.0000,50.0000,-6.7500,42.8750,26.0,1.5000,3.6250,85.5000,3,3,3,3
3978140393,-0.2600,0.7400,-9.7800,2.2500,3.0000,-1.0625,50.0000,-6.7500,42.8750,26.0,1.5625,3.6250,85.4375,3,3,3,3
3978150393,-0.2400,0.7600,-9.8300,1.3125,1.5000,-0.4375,50.0000,-6.7500,42.8750,26.0,1.5625,3.6875,85.4375,3,3,3,3
3978160393,-0.2500,0.6900,-9.9500,0.8125,0.4375,0.0625,51.7500,-7.5000,42.8750,26.0,1.5625,3.6875,85.4375,3,3,3,3
3978170393,-0.1600,0.6100,-10.1200,0.5000,0.2500,0.2500,51.7500,-7.5000,42.8750,26.0,1.5625,3.6875,85.4375,3,3,3,3
3978180393,-0.2200,0.7000,-10.0800,-0.0625,1.5000,0.2500,51.7500,-7.5000,42.8750,26.0,1.5625,3.6875,85.4375,3,3,3,3
3978190393,-0.1200,0.6800,-10.0200,-0.7500,3.0625,0.2500,51.7500,-7.5000,42.8750,26.0,1.6250,3.6875,85.4375,3,3,3,3
3978200393,-0.1100,0.6900,-10.0500,-1.9375,3.6250,1.4375,51.7500,-7.5000,42.8750,26.0,1.6250,3.6250,85.5000,3,3,3,3
3978210393,-0.3200,0.7300,-10.2200,-2.6875,3.1250,3.3750,51.3750,-7.8750,41.0000,26.0,1.6875,3.6250,85.5000,3,3,3,3
3978220393,-0.3200,0.8900,-10.1300,-2.5000,1.6875,4.1875,51.3750,-7.8750,41.0000,26.0,1.6875,3.5625,85.5625,3,3,3,3
3978230393,-0.2800,0.9900,-10.0700,-2.4375,0.1250,3.6250,51.3750,-7.8750,41.0000,26.0,1.6875,3.5625,85.5625,3,3,3,3
3978240393,-0.2300,0.9100,-10.1200,-4.5000,-1.1875,1.1875,51.3750,-7.8750,41.0000,26.0,1.6875,3.5625,85.6250,3,3,3,3
3978250393,-0.2000,0.8600,-10.2100,-6.4375,-2.6875,-1.8125,51.3750,-7.8750,41.0000,26.0,1.6250,3.5000,85.5625,3,3,3,3
3978260393,-0.4300,0.8300,-10.2500,-8.0625,-5.6875,-5.2500,50.0000,-7.0625,42.1875,26.0,1.5625,3.4375,85.5000,3,3,3,3
3978270393,-0.3600,0.6100,-10.1700,-8.2500,-8.0625,-7.0625,50.0000,-7.0625,42.1875,26.0,1.5000,3.3750,85.4375,3,3,3,3
3978280393,-0.1600,0.8300,-10.1000,-5.3125,-9.1875,-8.3125,50.0000,-7.0625,42.1875,26.0,1.4375,3.3125,85.3750,3,3,3,3
3978290393,-0.1600,0.7300,-10.1400,-2.8750,-11.5000,-6.8125,50.0000,-7.0625,42.1875,26.0,1.3125,3.3125,85.3125,3,3,3,3
3978300393,-0.1100,0.7400,-10.2000,-3.6875,-12.1250,-7.1875,50.0000,-7.0625,42.1875,26.0,1.1875,3.2500,85.2500,3,3,3,3
3978310393,-0.0600,0.8300,-10.0500,-5.1250,-11.6250,-10.5625,51.7500,-6.0625,42.5625,26.0,1.0625,3.1875,85.1250,3,3,3,3
3978320393,0.0400,0.8500,-9.9800,-8.0000,-11.1875,-15.3750,51.7500,-6.0625,42.5625,26.0,0.9375,3.1250,85.0000,3,3,3,3
3978330393,-0.0400,0.8100,-10.0100,-12.0625,-11.7500,-19.1250,51.7500,-6.0625,42.5625,26.0,0.8125,3.0625,84.8125,3,3,3,3
3978340393,0.1300,0.7800,-10.0400,-14.6875,-14.2500,-21.6875,51.7500,-6.0625,42.5625,26.0,0.6250,2.9375,84.6250,3,3,3,3
3978350393,0.0700,0.3600,-10.2200,-15.7500,-17.7500,-22.1875,51.7500,-6.0625,42.5625,26.0,0.4375,2.7500,84.3750,3,3,3,3
3978360393,0.1400,0.3300,-10.1200,-16.1250,-21.1250,-25.6875,51.0000,-7.5000,42.5625,26.0,0.2500,2.6250,84.1875,3,3,3,3
3978370393,-0.1000,0.8600,-9.8100,-23.1250,-26.6250,-39.6250,51.0000,-7.5000,42.5625,26.0,0.0000,2.3750,83.7500,3,3,3,3
3978380393,0.1000,0.1300,-9.8300,-27.5000,-34.0000,-43.5625,51.0000,-7.5000,42.5625,26.0,-0.3125,2.1250,83.3750,3,3,3,3
3978390393,0.2700,-0.2300,-10.0500,-22.3125,-41.3750,-32.5625,51.0000,-7.5000,42.5625,26.0,-0.7500,1.9375,83.0625,3,3,3,3
3978400393,0.5100,0.1900,-10.2000,-16.4375,-43.8750,-22.1250,51.0000,-7.5000,42.5625,26.0,-1.1875,1.7500,82.8750,3,3,3,3
3978410393,0.3500,0.2200,-10.1500,-11.0625,-42.4375,-15.9375,51.0000,-7.5000,44.8750,26.0,-1.5625,1.6250,82.6875,3,3,3,3
3978420393,0.3700,0.1900,-10.5600,-7.8750,-38.0625,-11.5000,51.0000,-7.5000,44.8750,26.0,-1.9375,1.5625,82.6250,3,3,3,3
3978430393,0.3100,0.3100,-9.2700,-5.5000,-30.9375,-7.5625,51.0000,-7.5000,44.8750,26.0,-2.2500,1.5000,82.5000,3,3,3,3
3978440393,0.3400,0.3400,-10.0400,-11.1250,-30.0625,-4.0625,51.0000,-7.5000,44.8750,26.0,-2.5625,1.3750,82.5000,3,3,3,3
3978450393,0.3200,0.2600,-10.3600,-16.5000,-32.1250,0.0625,51.0000,-7.5000,44.8750,26.0,-2.8750,1.2500,82.5000,3,3,3,3
3978460393,0.3200,0.2600,-10.3600,-10.6875,-29.0000,2.8125,48.8750,-8.5625,45.6875,26.0,-3.1250,1.1250,82.5000,3,3,3,3
3978470393,0.3100,0.1700,-9.8700,-3.1250,-25.5625,3.8125,48.8750,-8.5625,45.6875,26.0,-3.3750,1.1250,82.5625,3,3,3,3
3978480393,0.7100,0.2700,-9.8900,1.3125,-23.5000,5.9375,48.8750,-8.5625,45.6875,26.0,-3.6250,1.1250,82.6250,3,3,3,3
3978490393,0.7900,0.2300,-9.8100,3.5000,-19.3125,9.5625,48.8750,-8.5625,45.6875,26.0,-3.8125,1.1875,82.6875,3,3,3,3
3978500393,0.8200,0.3300,-9.5200,2.3125,-14.5000,12.1875,48.8750,-8.5625,45.6875,26.0,-3.9375,1.1875,82.8125,3,3,3,3
3978510393,0.9200,0.4300,-9.5100,-1.2500,-12.4375,14.8750,47.7500,-7.8750,47.5625,26.0,-4.0625,1.1875,82.9375,3,3,3,3
3978520393,0.9400,-0.0000,-9.3100,-1.2500,-12.4375,14.8750,47.7500,-7.8750,47.5625,26.0,-4.1875,1.1875,83.1250,3,3,3,3
3978530393,0.9000,-0.1500,-9.1800,-9.5000,-14.5625,22.7500,47.7500,-7.8750,47.5625,26.0,-4.3125,1.0625,83.3750,3,3,3,3
3978540393,0.9600,-0.0500,-9.1300,-18.5000,-15.1875,24.5000,47.7500,-7.8750,47.5625,26.0,-4.4375,0.9375,83.6250,3,3,3,3
3978550393,0.7800,-0.0400,-9.2500,-26.3125,-13.3125,22.5625,47.7500,-7.8750,47.5625,26.0,-4.5625,0.6875,83.8750,3,3,3,3
3978560393,0.4300,0.6000,-8.6900,-26.3125,-13.3125,22.5625,47.7500,-7.8750,47.5625,26.0,-4.6875,0.4375,84.0000,3,3,3,3
3978570393,0.5900,0.3500,-8.8100,-31.0000,-14.5625,15.3125,47.7500,-7.5000,48.7500,26.0,-4.9375,0.0625,84.1250,3,3,3,3
3978580393,0.4900,-0.0700,-9.4100,-41.5000,-31.2500,11.6250,47.7500,-7.5000,48.7500,26.0,-5.2500,-0.2500,84.2500,3,3,3,3
3978590393,0.4200,-0.1700,-9.8600,-39.4375,-32.6875,7.1875,47.7500,-7.5000,48.7500,26.0,-5.5625,-0.6250,84.3750,3,3,3,3
3978600393,0.5500,0.0500,-9.6600,-31.7500,-34.6250,1.5625,47.7500,-7.5000,48.7500,26.0,-5.8750,-0.9375,84.3750,3,3,3,3
3978610393,0.5500,-0.0700,-9.4100,-31.7500,-34.6250,1.5625,47.7500,-7.5000,48.7500,26.0,-5.8750,-0.9375,84.3750,3,3,3,3
3978620393,0.7500,0.0600,-9.4400,-20.6250,-41.6250,-2.3125,48.8750,-4.2500,49.1875,26.0,-6.3125,-1.1875,84.5000,3,3,3,3
3978630393,1.0700,-0.0400,-9.9400,-7.6250,-53.9375,-5.2500,48.8750,-4.2500,49.1875,26.0,-7.3125,-1.3750,84.3750,3,3,3,3
3978640393,1.2300,-0.3400,-10.0100,-2.0625,-55.5625,-6.0000,48.8750,-4.2500,49.1875,26.0,-7.8125,-1.3750,84.3125,3,3,3,3
3978650393,1.3700,-0.4200,-9.9700,5.6250,-56.0625,-7.1250,48.8750,-4.2500,49.1875,26.0,-8.3750,-1.3750,84.2500,3,3,3,3
3978660393,1.4400,-0.3100,-9.6900,5.6250,-56.0625,-7.1250,48.8750,-4.2500,49.1875,26.0,-8.9375,-1.1875,84.1875,3,3,3,3
3978670393,1.5500,-0.2400,-9.7100,16.8750,-59.8750,-5.0625,47.0000,-3.8750,50.3750,26.0,-9.5000,-1.0625,84.1250,3,3,3,3
3978680393,1.7000,-0.1100,-9.8300,18.5625,-61.3125,-3.9375,47.0000,-3.8750,50.3750,26.0,-10.1250,-0.8750,84.0625,3,3,3,3
3978690393,1.7900,0.0700,-9.6800,15.2500,-59.9375,-0.5000,47.0000,-3.8750,50.3750,26.0,-10.6875,-0.7500,84.0000,3,3,3,3
3978700393,1.9100,0.0600,-9.6800,12.2500,-57.8750,0.1250,47.0000,-3.8750,50.3750,26.0,-11.2500,-0.6250,84.0000,3,3,3,3
3978710393,2.3300,-0.2200,-9.9500,12.2500,-57.8750,0.1250,47.0000,-3.8750,50.3750,26.0,-11.2500,-0.6250,84.0000,3,3,3,3
3978720393,2.3200,-0.1000,-9.7800,12.1250,-56.3750,2.2500,43.3750,-4.5625,51.8750,26.0,-11.8125,-0.5000,84.0000,3,3,3,3
3978730393,2.2800,-0.0700,-9.4500,10.4375,-60.8750,5.3125,43.3750,-4.5625,51.8750,26.0,-12.9375,-0.2500,84.0625,3,3,3,3
3978740393,2.3300,-0.0200,-9.2000,7.1875,-64.8125,4.0000,43.3750,-4.5625,51.8750,26.0,-13.5625,-0.1875,84.1250,3,3,3,3
3978750393,2.5600,0.1700,-9.0900,5.8750,-67.1250,2.4375,43.3750,-4.5625,51.8750,26.0,-14.2500,-0.1250,84.1250,3,3,3,3
3978760393,2.7700,0.2700,-9.0000,5.8750,-67.1250,2.4375,43.3750,-4.5625,51.8750,26.0,-14.2500,-0.1250,84.1250,3,3,3,3
3978770393,2.9200,0.3800,-8.9400,5.6875,-69.3125,3.7500,42.0000,-5.0000,55.0625,26.0,-14.8750,-0.0625,84.1250,3,3,3,3
3978780393,2.8800,0.2000,-9.0700,7.6250,-74.9375,9.0000,42.0000,-5.0000,55.0625,26.0,-16.3125,0.0625,84.3125,3,3,3,3
3978790393,2.7800,0.1500,-9.0700,10.1250,-79.1250,8.8125,42.0000,-5.0000,55.0625,26.0,-17.0625,0.1875,84.3750,3,3,3,3
3978800393,2.8200,0.1200,-8.9600,13.7500,-86.1250,7.9375,42.0000,-5.0000,55.0625,26.0,-17.9375,0.3750,84.4375,3,3,3,3
3978810393,2.8800,0.1500,-8.7500,13.7500,-86.1250,7.9375,42.0000,-5.0000,55.0625,26.0,-17.9375,0.3750,84.4375,3,3,3,3
3978820393,3.2500,0.1000,-8.9600,16.2500,-94.0625,6.9375,38.6875,-6.5000,57.2500,26.0,-18.8125,0.5625,84.4375,3,3,3,3
3978830393,3.2900,-0.0700,-9.2500,16.1250,-102.8750,4.3750,38.6875,-6.5000,57.2500,26.0,-20.8125,0.8750,84.4375,3,3,3,3
3978840393,3.3400,-0.1700,-9.5000,16.1250,-102.8750,4.3750,38.6875,-6.5000,57.2500,26.0,-21.8125,1.0625,84.4375,3,3,3,3
3978850393,3.3700,-0.1200,-9.5400,16.0625,-103.9375,1.8750,38.6875,-6.5000,57.2500,26.0,-22.8125,1.2500,84.4375,3,3,3,3
3978860393,3.5500,-0.0000,-9.3500,15.5625,-104.8125,-0.3750,38.6875,-6.5000,57.2500,26.0,-22.8125,1.2500,84.4375,3,3,3,3
3978870393,3.6500,0.1100,-9.1200,15.7500,-106.1250,-1.5000,35.5000,-6.5000,60.5000,26.0,-23.8125,1.3750,84.3750,3,3,3,3
3978880393,3.6900,0.2000,-8.8800,17.2500,-106.8125,-3.0000,35.5000,-6.5000,60.5000,26.0,-25.9375,1.7500,84.2500,3,3,3,3
3978890393,3.9600,0.2500,-8.7600,20.3125,-107.0625,-5.6875,35.5000,-6.5000,60.5000,26.0,-26.9375,1.9375,84.1250,3,3,3,3
3978900393,4.5300,0.6300,-8.3300,23.8750,-106.3750,-8.1875,35.5000,-6.5000,60.5000,26.0,-27.9375,2.1875,84.0000,3,3,3,3
3978910393,4.5000,0.7500,-8.0000,24.7500,-105.3750,-8.9375,35.5000,-6.5000,60.5000,26.0,-27.9375,2.1875,84.0000,3,3,3,3
3978920393,4.4900,0.7200,-7.8900,22.0625,-104.6250,-9.5625,30.0000,-8.2500,62.6875,26.0,-29.0000,2.3750,83.7500,3,3,3,3
3978930393,4.6900,0.4700,-8.0800,18.5625,-105.8750,-11.3125,30.0000,-8.2500,62.6875,26.0,-31.0625,2.6250,83.5000,3,3,3,3
3978940393,4.7400,0.2700,-8.1700,16.3125,-107.5625,-12.8125,30.0000,-8.2500,62.6875,26.0,-32.1250,2.6875,83.3125,3,3,3,3
3978950393,4.9000,0.1400,-8.2500,15.5625,-109.5000,-15.5625,30.0000,-8.2500,62.6875,26.0,-33.1875,2.7500,83.1250,3,3,3,3
3978960393,5.1900,0.3100,-8.3300,16.7500,-109.5000,-18.2500,30.0000,-8.2500,62.6875,26.0,-33.1875,2.7500,83.1250,3,3,3,3
3978970393,5.6500,0.4200,-7.8800,17.2500,-106.9375,-18.2500,24.6875,-9.6875,64.2500,26.0,-34.2500,2.8750,82.8125,3,3,3,3
3978980393,5.7400,0.5100,-7.8000,16.7500,-102.9375,-16.4375,24.6875,-9.6875,64.2500,26.0,-36.1875,3.0000,82.4375,3,3,3,3
3978990393,5.7500,0.4800,-7.7300,15.8750,-96.6250,-16.0000,24.6875,-9.6875,64.2500,26.0,-37.0625,3.0625,82.2500,3,3,3,3
3979000393,5.8100,0.5200,-7.7500,14.8750,-88.1250,-17.1250,24.6875,-9.6875,64.2500,26.0,-37.8125,3.1250,82.0625,3,3,3,3
3979010393,5.7600,0.6300,-7.6300,13.6875,-79.8750,-17.6875,24.6875,-9.6875,64.2500,26.0,-37.8125,3.1250,82.0625,3,3,3,3
3979020393,5.7300,0.5300,-7.6500,9.5000,-74.0625,-17.5625,19.1875,-10.5000,65.7500,26.0,-38.5625,3.1250,81.8125,3,3,3,3
3979030393,5.8300,0.4600,-7.6700,5.1250,-70.4375,-18.0000,19.1875,-10.5000,65.7500,26.0,-39.8750,2.9375,81.4375,3,3,3,3
3979040393,5.8500,0.3600,-7.7500,4.1250,-67.3125,-17.8125,19.1875,-10.5000,65.7500,26.0,-40.5000,2.8750,81.2500,3,3,3,3
3979050393,5.8400,0.1900,-8.0200,7.3750,-64.5625,-18.5000,19.1875,-10.5000,65.7500,26.0,-41.0000,2.8750,81.0625,3,3,3,3
3979060393,6.0600,0.3700,-7.8400,11.7500,-61.0000,-19.1875,19.1875,-10.5000,65.7500,26.0,-41.0000,2.8750,81.0625,3,3,3,3
3979070393,6.2000,0.4600,-7.5400,13.2500,-58.0000,-17.1250,13.0000,-11.0625,66.0625,26.0,-41.5625,2.8750,80.8125,3,3,3,3
3979080393,6.3400,0.3700,-7.2900,11.9375,-55.1250,-14.8125,13.0000,-11.0625,66.0625,26.0,-42.6250,2.8750,80.4375,3,3,3,3
3979090393,6.2800,0.3300,-7.1700,9.5625,-52.5000,-14.6250,13.0000,-11.0625,66.0625,26.0,-43.1250,2.8125,80.3125,3,3,3,3
3979100393,6.4100,0.2400,-7.2400,6.3750,-50.5625,-14.7500,13.0000,-11.0625,66.0625,26.0,-43.6250,2.8125,80.1250,3,3,3,3
3979110393,6.4400,0.3500,-7.3200,4.6250,-51.9375,-13.1250,13.0000,-11.0625,66.0625,26.0,-43.6250,2.8125,80.1250,3,3,3,3
3979120393,6.3900,0.0300,-7.8000,3.7500,-53.8125,-11.3750,8.5625,-12.2500,66.0625,26.0,-44.1875,2.7500,79.9375,3,3,3,3
3979130393,6.4900,-0.0600,-7.8200,6.1875,-53.5000,-11.1250,8.5625,-12.2500,66.0625,26.0,-45.1875,2.7500,79.6250,3,3,3,3
3979140393,6.6100,0.1400,-7.5100,11.1250,-51.5000,-11.6875,8.5625,-12.2500,66.0625,26.0,-45.6875,2.8125,79.5000,3,3,3,3
3979150393,6.5900,0.3400,-7.1300,14.0625,-49.8750,-11.0000,8.5625,-12.2500,66.0625,26.0,-46.1875,2.8750,79.3750,3,3,3,3
3979160393,6.7100,0.4300,-6.8400,14.4375,-48.8125,-9.8125,8.5625,-12.2500,66.0625,26.0,-46.1875,2.8750,79.3750,3,3,3,3
3979170393,6.9200,0.4800,-6.7800,13.5625,-48.5000,-9.6875,6.7500,-12.2500,67.6875,26.0,-46.6250,2.9375,79.1875,3,3,3,3
3979180393,6.9700,0.5300,-6.7100,13.3125,-48.1250,-9.9375,6.7500,-12.2500,67.6875,26.0,-47.5625,3.0000,78.8750,3,3,3,3
3979190393,6.8700,0.5600,-6.5700,13.3750,-48.3125,-11.0625,6.7500,-12.2500,67.6875,26.0,-48.0625,3.0625,78.6875,3,3,3,3
3979200393,6.9300,0.4800,-6.5100,15.8125,-49.9375,-13.2500,6.7500,-12.2500,67.6875,26.0,-48.5625,3.0625,78.4375,3,3,3,3
3979210393,7.0000,0.4900,-6.3800,19.2500,-52.1875,-16.3125,6.7500,-12.2500,67.6875,26.0,-48.5625,3.0625,78.4375,3,3,3,3
3979220393,6.9400,0.6200,-6.3400,19.6250,-54.9375,-16.8125,5.0000,-13.6875,66.8750,26.0,-49.1250,3.1250,78.1250,3,3,3,3
3979230393,7.0000,0.4800,-6.4800,20.5000,-57.1250,-14.8125,5.0000,-13.6875,66.8750,26.0,-50.2500,3.2500,77.6875,3,3,3,3
3979240393,7.0200,0.3300,-6.4500,22.7500,-57.5625,-15.9375,5.0000,-13.6875,66.8750,26.0,-50.8125,3.3125,77.3750,3,3,3,3
3979250393,7.0200,0.2700,-6.4900,24.8750,-57.1875,-19.1250,5.0000,-13.6875,66.8750,26.0,-51.3125,3.3750,77.0625,3,3,3,3
3979260393,7.0500,0.3600,-6.4500,28.5000,-57.1875,-21.9375,5.0000,-13.6875,66.8750,26.0,-51.3125,3.3750,77.0625,3,3,3,3
3979270393,7.6600,0.4000,-5.8000,32.0000,-58.8125,-22.5625,-0.5625,-13.6875,67.5625,26.0,-51.9375,3.4375,76.6875,3,3,3,3
3979280393,7.6600,0.3900,-5.5300,31.4375,-61.5000,-20.1875,-0.5625,-13.6875,67.5625,26.0,-53.1250,3.6250,76.0625,3,3,3,3
3979290393,7.5100,0.4300,-5.6500,28.3750,-63.1250,-17.4375,-0.5625,-13.6875,67.5625,26.0,-53.7500,3.7500,75.8125,3,3,3,3
3979300393,7.4700,0.3200,-5.8200,25.5625,-60.7500,-16.1875,-0.5625,-13.6875,67.5625,26.0,-54.2500,3.8125,75.5000,3,3,3,3
3979310393,7.5300,0.4600,-5.6400,27.0000,-54.8125,-17.0625,-0.5625,-13.6875,67.5625,26.0,-54.2500,3.8125,75.5000,3,3,3,3
3979320393,7.5700,0.3700,-5.4900,31.3750,-47.8750,-18.5000,-3.2500,-15.8750,65.2500,26.0,-54.7500,3.9375,75.0625,3,3,3,3
3979330393,7.6400,0.5000,-5.1800,37.1250,-42.8750,-20.0625,-3.2500,-15.8750,65.2500,26.0,-55.1875,4.0625,74.6875,3,3,3,3
3979340393,7.8600,0.6600,-4.8500,38.7500,-41.5625,-19.9375,-3.2500,-15.8750,65.2500,26.0,-56.0000,4.3125,74.0000,3,3,3,3
3979350393,7.7100,0.5400,-4.9600,37.1875,-42.8750,-17.8750,-3.2500,-15.8750,65.2500,26.0,-56.4375,4.4375,73.6250,3,3,3,3
3979360393,7.6500,0.5300,-5.0200,34.2500,-43.4375,-17.5000,-3.2500,-15.8750,65.2500,26.0,-56.4375,4.4375,73.6250,3,3,3,3
3979370393,7.6800,0.4800,-5.0300,30.5625,-42.4375,-18.1250,-7.0625,-17.2500,65.7500,26.0,-56.8750,4.5625,73.2500,3,3,3,3
3979380393,7.8600,0.7200,-4.9800,27.6875,-41.5000,-18.3750,-7.0625,-17.2500,65.7500,26.0,-57.3125,4.5625,72.9375,3,3,3,3
3979390393,7.9400,0.5700,-5.1400,23.6875,-41.8750,-15.6250,-7.0625,-17.2500,65.7500,26.0,-58.1250,4.6875,72.4375,3,3,3,3
3979400393,7.9700,0.4000,-5.3200,22.2500,-42.5625,-12.5625,-7.0625,-17.2500,65.7500,26.0,-58.5625,4.8125,72.1875,3,3,3,3
3979410393,8.0000,0.2600,-5.3100,24.2500,-42.2500,-12.4375,-7.0625,-17.2500,65.7500,26.0,-58.5625,4.8125,72.1875,3,3,3,3
3979420393,7.9800,0.3100,-5.0800,25.9375,-40.4375,-12.5000,-9.5625,-19.7500,65.0000,26.0,-58.9375,4.9375,71.8125,3,3,3,3
3979430393,8.0700,0.2900,-4.9600,25.8125,-38.9375,-12.1875,-9.5625,-19.7500,65.0000,26.0,-59.3125,5.0000,71.5625,3,3,3,3
3979440393,8.1600,0.3300,-4.7500,26.0625,-38.4375,-12.2500,-9.5625,-19.7500,65.0000,26.0,-60.1250,5.1875,71.0625,3,3,3,3
3979450393,8.1700,0.5300,-4.2900,24.4375,-39.5000,-12.1875,-9.5625,-19.7500,65.0000,26.0,-60.5000,5.2500,70.8750,3,3,3,3
3979460499,8.1800,0.5800,-4.4900,19.2500,-42.5625,-11.0000,-9.5625,-19.7500,65.0000,26.0,-60.5000,5.2500,70.8750,3,3,3,3
3979470499,8.1600,0.4800,-4.6300,15.1250,-46.3750,-8.5625,-11.3750,-20.1875,64.5625,26.0,-61.0000,5.3750,70.6875,3,3,3,3
3979480499,8.1400,0.3500,-4.6700,14.3750,-48.3125,-7.4375,-11.3750,-20.1875,64.5625,26.0,-61.4375,5.4375,70.5625,3,3,3,3
3979490499,8.2000,0.4300,-4.4100,15.5625,-49.3125,-7.7500,-11.3750,-20.1875,64.5625,26.0,-62.4375,5.6250,70.3125,3,3,3,3
3979500499,8.4700,0.4200,-4.4700,14.5625,-50.7500,-7.1250,-11.3750,-20.1875,64.5625,26.0,-62.4375,5.6250,70.3125,3,3,3,3
3979510499,8.3600,0.4500,-4.3900,13.8125,-52.0000,-5.2500,-11.3750,-20.1875,64.5625,26.0,-62.9375,5.7500,70.1875,3,3,3,3
3979520499,8.4000,0.4600,-4.4000,15.3750,-51.1875,-4.3125,-13.5625,-21.2500,63.7500,26.0,-63.4375,5.9375,70.0625,3,3,3,3
3979530499,8.5400,0.6000,-4.2700,17.3750,-49.3125,-3.6875,-13.5625,-21.2500,63.7500,26.0,-63.8750,6.1250,69.9375,3,3,3,3
3979540499,8.4300,0.4800,-4.4400,18.4375,-47.6250,-2.7500,-13.5625,-21.2500,63.7500,26.0,-64.8125,6.6250,69.6875,3,3,3,3
3979550847,8.3100,0.3800,-4.5700,18.5625,-44.5625,-1.8750,-13.5625,-21.2500,63.7500,26.0,-64.8125,6.6250,69.6875,3,3,3,3
3979560847,8.4400,0.4900,-4.6400,17.6875,-39.7500,-3.6250,-13.5625,-21.2500,63.7500,26.0,-65.1250,6.8125,69.5625,3,3,3,3
3979570847,8.6100,0.5100,-4.6000,14.2500,-34.0625,-4.4375,-17.1875,-21.5625,64.1875,26.0,-65.3750,6.8750,69.4375,3,3,3,3
3979580847,8.5300,0.4200,-4.4200,10.1875,-29.5000,-3.2500,-17.1875,-21.5625,64.1875,26.0,-65.5625,7.0000,69.3125,3,3,3,3
3979590847,8.5600,0.3300,-4.3600,6.1250,-28.1250,-2.6250,-17.1875,-21.5625,64.1875,26.0,-65.7500,7.0000,69.2500,3,3,3,3
3979600847,8.6300,0.3300,-4.2500,4.8125,-29.8125,-2.6875,-17.1875,-21.5625,64.1875,26.0,-66.3125,7.1250,69.1875,3,3,3,3
3979611313,8.8100,0.5300,-3.6900,5.9375,-33.4375,-2.8125,-17.1875,-21.5625,64.1875,26.0,-66.3125,7.1250,69.1875,3,3,3,3
3979621313,8.7500,0.5600,-3.4600,8.3750,-37.3125,-2.1250,-19.2500,-21.5625,61.0000,26.0,-66.6875,7.2500,69.1250,3,3,3,3
3979631313,8.7300,0.5200,-3.2600,11.0625,-39.5625,-1.1875,-19.2500,-21.5625,61.0000,26.0,-67.0625,7.4375,69.0625,3,3,3,3
3979641313,8.6600,0.5600,-3.0400,15.8125,-40.0625,-1.3125,-19.2500,-21.5625,61.0000,26.0,-67.8125,8.0000,68.8125,3,3,3,3
3979651313,8.6200,0.6700,-3.2500,19.9375,-38.7500,-1.9375,-19.2500,-21.5625,61.0000,26.0,-68.1875,8.2500,68.6250,3,3,3,3
3979661584,8.7100,0.7200,-3.3800,22.9375,-36.7500,-2.3125,-19.2500,-21.5625,61.0000,26.0,-68.1875,8.2500,68.6250,3,3,3,3
3979671584,8.8000,0.7500,-3.5200,26.0625,-35.8750,-1.9375,-20.8750,-22.7500,62.1875,26.0,-68.5625,8.6250,68.5000,3,3,3,3
3979681584,8.7300,0.4800,-3.6800,27.3125,-35.1875,0.6875,-20.8750,-22.7500,62.1875,26.0,-68.8750,9.0000,68.3125,3,3,3,3
3979691584,8.8800,0.6000,-3.6300,27.6250,-33.0000,3.0000,-20.8750,-22.7500,62.1875,26.0,-69.4375,10.0000,68.0000,3,3,3,3
3979701584,8.8500,0.4500,-3.4700,27.3125,-29.0625,3.6875,-20.8750,-22.7500,62.1875,26.0,-69.6875,10.4375,67.8750,3,3,3,3
3979711913,8.8000,0.4600,-3.5000,25.3125,-25.5625,3.3125,-20.8750,-22.7500,62.1875,26.0,-69.6875,10.4375,67.8750,3,3,3,3
3979721913,8.7700,0.4000,-3.5300,23.3125,-24.5000,2.3750,-22.1875,-22.0000,60.2500,26.0,-69.8750,10.8125,67.8750,3,3,3,3
3979731913,8.9000,0.4800,-3.3900,22.6875,-26.6875,0.5000,-22.1875,-22.0000,60.2500,26.0,-70.1250,11.1250,67.6875,3,3,3,3
3979741913,9.0400,0.6900,-3.1600,22.1875,-30.3750,-0.4375,-22.1875,-22.0000,60.2500,26.0,-70.7500,11.8750,67.4375,3,3,3,3
3979751913,8.8600,0.6000,-3.1300,20.0000,-33.4375,1.2500,-22.1875,-22.0000,60.2500,26.0,-71.0625,12.2500,67.3750,3,3,3,3
3979762106,8.9100,0.6500,-3.1100,16.9375,-32.0625,0.8125,-22.1875,-22.0000,60.2500,26.0,-71.0625,12.2500,67.3750,3,3,3,3
3979772106,8.8900,0.7700,-2.9700,16.2500,-26.3750,-1.5625,-23.6875,-23.7500,59.3750,26.0,-71.3125,12.5625,67.3125,3,3,3,3
3979782106,8.9200,0.8300,-2.7300,17.8750,-20.0625,-3.3125,-23.6875,-23.7500,59.3750,26.0,-71.5000,12.7500,67.1250,3,3,3,3
3979792106,8.8400,0.8500,-2.6100,19.8750,-17.1875,-4.1875,-23.6875,-23.7500,59.3750,26.0,-71.8125,13.1250,66.8125,3,3,3,3
3979802106,8.9600,0.8200,-2.6200,20.8125,-18.6875,-4.0625,-23.6875,-23.7500,59.3750,26.0,-72.0625,13.4375,66.6250,3,3,3,3
3979812394,9.0000,0.6500,-2.7300,20.1875,-22.6875,-2.4375,-23.6875,-23.7500,59.3750,26.0,-72.0625,13.4375,66.6250,3,3,3,3
3979822394,9.0100,0.3000,-3.0100,18.1875,-26.0000,-1.1250,-24.7500,-25.0000,59.0000,26.0,-72.3125,13.7500,66.5625,3,3,3,3
3979832394,9.2000,0.4800,-3.1400,16.1250,-26.1250,-1.4375,-24.7500,-25.0000,59.0000,26.0,-72.5625,14.0625,66.4375,3,3,3,3
3979842394,9.1700,0.4800,-3.1400,13.6875,-24.0000,-1.3125,-24.7500,-25.0000,59.0000,26.0,-73.0000,14.5625,66.2500,3,3,3,3
3979852394,9.2100,0.8200,-2.8800,13.3750,-21.2500,-1.8750,-24.7500,-25.0000,59.0000,26.0,-73.1875,14.8125,66.1250,3,3,3,3
3979862501,9.0900,0.8200,-2.6900,11.3125,-19.3125,-0.9375,-24.7500,-25.0000,59.0000,26.0,-73.1875,14.8125,66.1250,3,3,3,3
3979872501,9.0200,0.6900,-2.7200,7.4375,-17.8750,-0.2500,-26.8750,-26.7500,58.1875,26.0,-73.3125,15.0000,66.1250,3,3,3,3
3979882501,9.1400,0.7500,-2.6300,4.1875,-16.8125,-1.3125,-26.8750,-26.7500,58.1875,26.0,-73.5000,15.1875,66.0625,3,3,3,3
3979892501,9.1200,0.7200,-2.4800,3.6250,-17.3125,-2.3125,-26.8750,-26.7500,58.1875,26.0,-73.8750,15.3750,66.0000,3,3,3,3
3979902501,9.0000,0.7400,-2.3800,5.9375,-18.3750,-3.0625,-26.8750,-26.7500,58.1875,26.0,-74.0625,15.5000,65.8750,3,3,3,3
3979912681,9.0100,0.9200,-2.1900,10.6250,-18.8750,-4.6250,-26.8750,-26.7500,58.1875,26.0,-74.0625,15.5000,65.8750,3,3,3,3
3979922681,9.0600,0.9500,-1.9800,15.9375,-18.2500,-6.2500,-27.2500,-26.3750,57.0000,26.0,-74.2500,15.6250,65.6875,3,3,3,3
3979932681,9.1300,0.9300,-2.0000,18.2500,-18.2500,-5.9375,-27.2500,-26.3750,57.0000,26.0,-74.3750,15.7500,65.5625,3,3,3,3
3979942681,9.1200,0.8500,-2.1400,16.8125,-19.3750,-3.8750,-27.2500,-26.3750,57.0000,26.0,-74.8125,16.2500,65.3125,3,3,3,3
3979952780,9.1100,0.6300,-2.6200,11.7500,-20.0625,-2.3125,-27.2500,-26.3750,57.0000,26.0,-75.0000,16.4375,65.2500,3,3,3,3
3979963056,9.2000,0.6700,-2.6500,6.7500,-18.9375,-1.7500,-27.2500,-26.3750,57.0000,26.0,-75.0000,16.4375,65.2500,3,3,3,3
3979973056,9.1700,0.6400,-2.6300,3.1875,-17.4375,-1.5000,-28.6875,-28.1875,56.1875,26.0,-75.1250,16.5625,65.1875,3,3,3,3
3979983056,9.0900,0.6900,-2.4500,1.3750,-16.6250,-1.7500,-28.6875,-28.1875,56.1875,26.0,-75.3125,16.6875,65.1875,3,3,3,3
3979993056,9.1400,0.7100,-2.2300,2.4375,-16.0625,-2.3750,-28.6875,-28.1875,56.1875,26.0,-75.6250,16.9375,65.0625,3,3,3,3
3980003056,9.1100,0.7700,-2.2900,4.1875,-16.3750,-2.5000,-28.6875,-28.1875,56.1875,26.0,-75.7500,17.1250,65.0625,3,3,3,3
3980013239,9.0400,0.8300,-2.1100,4.2500,-16.5000,-2.0625,-28.6875,-28.1875,56.1875,26.0,-75.7500,17.1250,65.0625,3,3,3,3
3980023239,9.0600,0.9100,-2.2600,2.8750,-16.8125,-1.9375,-30.5000,-27.7500,56.5625,26.0,-75.9375,17.2500,65.0000,3,3,3,3
3980033239,9.1100,0.9100,-2.2900,1.5625,-16.8750,-2.1875,-30.5000,-27.7500,56.5625,26.0,-76.1250,17.3750,65.0000,3,3,3,3
3980043239,9.1800,0.8900,-2.2000,2.2500,-15.6250,-1.8750,-30.5000,-27.7500,56.5625,26.0,-76.2500,17.5000,65.0000,3,3,3,3
3980053239,9.1900,0.8300,-2.0400,5.0625,-14.0625,-1.2500,-30.5000,-27.7500,56.5625,26.0,-76.3750,17.7500,64.9375,3,3,3,3
3980063239,9.1300,0.6600,-2.0100,7.3750,-13.1250,-0.2500,-30.5000,-27.7500,56.5625,26.0,-76.5000,17.9375,64.8750,3,3,3,3
3980073239,9.1900,0.6800,-1.9100,9.6875,-13.1250,0.1875,-29.7500,-26.3750,54.6875,26.0,-76.6250,18.2500,64.8750,3,3,3,3
3980083239,9.1500,0.7000,-1.9500,11.5000,-14.2500,0.0625,-29.7500,-26.3750,54.6875,26.0,-76.7500,18.5000,64.8125,3,3,3,3
3980093239,9.0800,0.5900,-1.9000,11.5000,-15.6250,-0.0000,-29.7500,-26.3750,54.6875,26.0,-77.0625,19.1875,64.6875,3,3,3,3
3980103413,9.1600,0.5800,-2.0100,10.8125,-17.5000,-0.0625,-29.7500,-26.3750,54.6875,26.0,-77.0625,19.1875,64.6875,3,3,3,3
3980113413,9.1800,0.6700,-2.1400,8.0000,-18.4375,-0.0000,-29.7500,-26.3750,54.6875,26.0,-77.1875,19.5000,64.6250,3,3,3,3
3980123413,9.1300,0.7000,-2.1100,5.5000,-18.0625,-0.5000,-31.2500,-28.1875,55.0000,26.0,-77.3750,19.8125,64.5625,3,3,3,3
3980133413,9.1900,0.6500,-2.0700,3.8750,-18.1875,-0.3125,-31.2500,-28.1875,55.0000,26.0,-77.5625,20.1250,64.5625,3,3,3,3
3980143413,9.1500,0.6900,-2.1100,3.1250,-17.9375,-0.2500,-31.2500,-28.1875,55.0000,26.0,-77.6875,20.3750,64.5625,3,3,3,3
3980153413,9.1700,0.7500,-2.1100,2.1250,-16.8125,-0.8125,-31.2500,-28.1875,55.0000,26.0,-77.8125,20.6250,64.5000,3,3,3,3
3980163413,9.2300,0.8200,-2.2000,1.2500,-16.0625,-1.1250,-31.2500,-28.1875,55.0000,26.0,-77.9375,20.8125,64.5000,3,3,3,3
3980173413,9.2600,0.7200,-2.3100,0.1250,-14.6875,-0.5000,-32.6875,-28.5625,54.6875,26.0,-78.0625,21.0000,64.5625,3,3,3,3
3980183413,9.3200,0.7300,-2.2500,0.3750,-11.3125,-1.1250,-32.6875,-28.5625,54.6875,26.0,-78.1250,21.1250,64.5625,3,3,3,3
3980193413,9.2700,0.6900,-1.9600,3.1875,-8.0000,-1.8750,-32.6875,-28.5625,54.6875,26.0,-78.1875,21.1875,64.5000,3,3,3,3
3980203413,9.2200,0.7000,-1.7700,5.3750,-5.5000,-1.1875,-32.6875,-28.5625,54.6875,26.0,-78.2500,21.2500,64.4375,3,3,3,3
3980213937,9.1000,0.6200,-1.6400,5.8125,-4.0000,-0.3125,-32.6875,-28.5625,54.6875,26.0,-78.2500,21.3750,64.3750,3,3,3,3
3980223937,9.1100,0.6800,-1.6100,4.9375,-2.6875,-0.2500,-33.3750,-27.7500,54.6875,26.0,-78.3125,21.5000,64.4375,3,3,3,3
3980233937,9.1200,0.6500,-1.6600,3.1250,-2.3750,-0.1250,-33.3750,-27.7500,54.6875,26.0,-78.3125,21.5625,64.4375,3,3,3,3
3980243937,9.1700,0.6400,-1.7100,1.5625,-3.0625,-0.1875,-33.3750,-27.7500,54.6875,26.0,-78.3750,21.6250,64.3750,3,3,3,3
3980254114,9.2200,0.6800,-1.8100,0.9375,-3.1875,-0.6875,-33.3750,-27.7500,54.6875,26.0,-78.4375,21.6875,64.3750,3,3,3,3
3980264492,9.2300,0.6800,-1.8000,0.7500,-3.4375,-1.0625,-33.3750,-27.7500,54.6875,26.0,-78.4375,21.6875,64.3750,3,3,3,3
3980274492,9.2200,0.7000,-1.7500,1.1875,-2.8750,-1.1875,-33.3750,-27.0625,54.6875,26.0,-78.4375,21.6875,64.5625,3,3,3,3
3980284492,9.2200,0.7300,-1.5500,2.2500,-2.0625,-1.0625,-33.3750,-27.0625,54.6875,26.0,-78.5000,21.6875,64.5625,3,3,3,3
3980294492,9.2200,0.7300,-1.5100,2.2500,-1.3750,-0.4375,-33.3750,-27.0625,54.6875,26.0,-78.5000,21.8125,64.5000,3,3,3,3
3980304492,9.2500,0.6800,-1.5800,1.1250,-1.3125,0.0625,-33.3750,-27.0625,54.6875,26.0,-78.5000,21.8125,64.5000,3,3,3,3
3980314492,9.2400,0.6600,-1.7100,-0.3125,-2.1250,0.8750,-33.3750,-27.0625,54.6875,26.0,-78.5000,21.8750,64.5625,3,3,3,3
3980324492,9.2700,0.6900,-1.9200,-1.1250,-3.0000,0.8750,-33.7500,-28.1875,53.5000,26.0,-78.5625,21.9375,64.5625,3,3,3,3
3980334492,9.3100,0.6400,-2.0100,-0.7500,-4.0000,0.7500,-33.7500,-28.1875,53.5000,26.0,-78.5625,22.0625,64.5625,3,3,3,3
3980344492,9.2600,0.5900,-1.8900,-0.1875,-3.6250,0.8750,-33.7500,-28.1875,53.5000,26.0,-78.6250,22.2500,64.6250,3,3,3,3
3980354528,9.2400,0.6500,-1.7900,0.1250,-2.6250,0.6250,-33.7500,-28.1875,53.5000,26.0,-78.6875,22.3125,64.6250,3,3,3,3
3980364971,9.2800,0.7500,-1.7600,-0.3125,-2.8750,0.0625,-33.7500,-28.1875,53.5000,26.0,-78.6875,22.3125,64.6250,3,3,3,3
3980374971,9.2300,0.7600,-1.6100,0.1250,-3.1875,-0.1875,-34.0625,-28.1875,53.8750,26.0,-78.6875,22.3750,64.6250,3,3,3,3
3980384971,9.1700,0.7500,-1.6200,0.1875,-3.1250,0.3125,-34.0625,-28.1875,53.8750,26.0,-78.6875,22.4375,64.6250,3,3,3,3
3980394971,9.1400,0.8000,-1.6500,-0.8125,-2.8750,0.6875,-34.0625,-28.1875,53.8750,26.0,-78.7500,22.5000,64.6250,3,3,3,3
3980404971,9.0800,0.8400,-1.7600,-0.8125,-2.5625,0.5000,-34.0625,-28.1875,53.8750,26.0,-78.7500,22.5625,64.6875,3,3,3,3
3980414971,9.1200,0.8200,-1.7800,-0.1250,-2.6250,0.5000,-34.0625,-28.1875,53.8750,26.0,-78.7500,22.6250,64.6875,3,3,3,3
3980424971,9.1500,0.8100,-1.7400,1.0625,-2.9375,-0.0625,-34.0625,-29.2500,53.8750,26.0,-78.8125,22.6875,64.6875,3,3,3,3
3980434971,9.2000,0.7700,-1.7700,0.8125,-3.6250,-0.4375,-34.0625,-29.2500,53.8750,26.0,-78.8125,22.7500,64.6875,3,3,3,3
3980444971,9.2200,0.7900,-1.7000,0.5000,-3.1250,-1.1250,-34.0625,-29.2500,53.8750,26.0,-78.8750,22.8125,64.6875,3,3,3,3
3980454971,9.2400,0.7700,-1.6500,1.5625,-2.1250,-1.1875,-34.0625,-29.2500,53.8750,26.0,-78.8750,22.8125,64.6250,3,3,3,3
3980464971,9.2000,0.6500,-1.5900,2.5000,-1.8750,-0.3125,-34.0625,-29.2500,53.8750,26.0,-78.8750,22.8750,64.6250,3,3,3,3
3980474971,9.2500,0.6700,-2.0000,1.7500,-2.5000,0.0625,-34.0625,-28.5625,53.0625,26.0,-78.9375,22.9375,64.6250,3,3,3,3
3980484971,9.2500,0.6600,-1.9500,0.4375,-2.9375,0.4375,-34.0625,-28.5625,53.0625,26.0,-78.9375,22.9375,64.6250,3,3,3,3
3980494971,9.2100,0.6900,-1.7500,2.0625,-2.0625,0.6875,-34.0625,-28.5625,53.0625,26.0,-78.9375,23.0000,64.6250,3,3,3,3
3980504971,9.1900,0.6900,-1.6600,4.0000,-1.5625,0.6250,-34.0625,-28.5625,53.0625,26.0,-78.9375,23.1250,64.5625,3,3,3,3
3980514971,9.1900,0.7400,-1.5900,3.3125,-1.1875,0.3125,-34.0625,-28.5625,53.0625,26.0,-78.9375,23.1875,64.5625,3,3,3,3
3980524971,9.2200,0.7200,-1.5500,1.3750,-1.2500,0.1250,-34.5000,-26.3750,55.5000,26.0,-79.0000,23.1875,64.8750,3,3,3,3
3980534971,9.2300,0.6800,-1.6000,-0.3750,-1.3125,-0.0000,-34.5000,-26.3750,55.5000,26.0,-79.0000,23.2500,64.8750,3,3,3,3
3980544971,9.2000,0.6800,-1.5600,-1.3750,-1.2500,-0.2500,-34.5000,-26.3750,55.5000,26.0,-79.0000,23.2500,64.8750,3,3,3,3
3980554971,9.1600,0.6800,-1.4600,-1.5625,-1.1875,-0.5000,-34.5000,-26.3750,55.5000,26.0,-79.0000,23.2500,64.9375,3,3,3,3
3980564971,9.1900,0.7600,-1.6000,-1.3125,-1.1250,-0.6875,-34.5000,-26.3750,55.5000,26.0,-79.0000,23.2500,64.9375,3,3,3,3
3980574971,9.1600,0.7200,-1.6800,0.3125,-2.0625,-0.5625,-33.3750,-28.5625,53.0625,26.0,-79.0625,23.3125,64.9375,3,3,3,3
3980584971,9.2000,0.7200,-1.4900,1.8125,-2.1875,-0.1250,-33.3750,-28.5625,53.0625,26.0,-79.0625,23.3750,64.9375,3,3,3,3
3980594971,9.1900,0.7000,-1.5600,2.7500,-1.9375,0.6875,-33.3750,-28.5625,53.0625,26.0,-79.0625,23.4375,64.8750,3,3,3,3
3980604971,9.1600,0.7100,-1.6000,2.8750,-1.7500,1.4375,-33.3750,-28.5625,53.0625,26.0,-79.0625,23.5625,64.8750,3,3,3,3
3980614971,9.1800,0.7500,-1.5800,2.6875,-1.0000,2.0625,-33.3750,-28.5625,53.0625,26.0,-79.0625,23.7500,64.8750,3,3,3,3
3980624971,9.1500,0.7500,-1.3700,2.8750,-0.3125,2.5000,-34.0625,-27.5000,53.8750,26.0,-79.0625,23.8750,64.9375,3,3,3,3
3980634971,9.1600,0.7500,-1.5600,2.7500,-0.3750,3.0625,-34.0625,-27.5000,53.8750,26.0,-79.0625,24.0625,65.0000,3,3,3,3
3980644971,9.1700,0.7000,-1.6000,2.3750,-0.8750,3.3750,-34.0625,-27.5000,53.8750,26.0,-79.0625,24.2500,65.0000,3,3,3,3
3980654971,9.1600,0.7700,-1.5400,3.6250,-0.6250,3.3750,-34.0625,-27.5000,53.8750,26.0,-79.0625,24.4375,65.0000,3,3,3,3
3980664971,9.1800,0.7300,-1.5700,4.5625,-0.8125,3.2500,-34.0625,-27.5000,53.8750,26.0,-79.0625,24.6875,65.0000,3,3,3,3
3980674971,9.2000,0.7200,-1.6000,3.9375,-1.5000,2.2500,-33.0625,-28.8750,53.0625,26.0,-79.0625,24.8750,65.0000,3,3,3,3
3980684971,9.2200,0.7300,-1.5700,3.9375,-1.5000,2.2500,-33.0625,-28.8750,53.0625,26.0,-79.0625,25.0000,64.9375,3,3,3,3
3980694971,9.2000,0.7400,-1.5200,4.0625,-2.0000,1.8750,-33.0625,-28.8750,53.0625,26.0,-79.0625,25.1875,64.9375,3,3,3,3
3980704971,9.2100,0.7800,-1.4300,3.3125,-1.9375,1.5625,-33.0625,-28.8750,53.0625,26.0,-79.0625,25.3750,64.9375,3,3,3,3
3980714971,9.1700,0.8200,-1.4000,2.4375,-2.5625,1.9375,-33.0625,-28.8750,53.0625,26.0,-79.1250,25.5000,64.9375,3,3,3,3
3980724971,9.2300,0.7500,-1.5200,2.5000,-3.0625,2.1875,-34.0625,-29.5625,53.8750,26.0,-79.1250,25.7500,64.9375,3,3,3,3
3980734971,9.2300,0.7100,-1.6200,2.2500,-3.6250,1.6250,-34.0625,-29.5625,53.8750,26.0,-79.1250,25.8750,64.9375,3,3,3,3
3980744971,9.2700,0.7100,-1.6900,1.8125,-3.9375,1.1875,-34.0625,-29.5625,53.8750,26.0,-79.1875,26.0625,64.9375,3,3,3,3
3980754971,9.2900,0.7100,-1.6800,1.6250,-4.2500,1.0625,-34.0625,-29.5625,53.8750,26.0,-79.1875,26.1875,64.9375,3,3,3,3
3980764971,9.2600,0.7400,-1.7200,1.3125,-4.1875,1.1875,-34.0625,-29.5625,53.8750,26.0,-79.2500,26.3750,64.9375,3,3,3,3
3980774971,9.2800,0.8700,-1.6900,1.6250,-4.1875,0.8750,-34.5000,-27.7500,53.5000,26.0,-79.2500,26.5000,65.0625,3,3,3,3
3980784971,9.2800,0.8400,-1.4600,1.5625,-3.3125,1.1250,-34.5000,-27.7500,53.5000,26.0,-79.3125,26.6875,65.0625,3,3,3,3
3980794971,9.3000,0.8200,-1.4100,1.6250,-3.1875,1.1875,-34.5000,-27.7500,53.5000,26.0,-79.3125,26.8125,65.0625,3,3,3,3
3980804971,9.2700,0.7900,-1.3800,2.0000,-4.1875,1.0000,-34.5000,-27.7500,53.5000,26.0,-79.3750,27.0000,65.0625,3,3,3,3
3980814971,9.2100,0.7500,-1.6800,1.6875,-5.1250,1.0625,-34.5000,-27.7500,53.5000,26.0,-79.3750,27.1875,65.0625,3,3,3,3
3980824971,9.2600,0.7800,-1.6800,1.5000,-4.9375,0.6875,-33.3750,-28.5625,53.8750,26.0,-79.4375,27.3125,65.1250,3,3,3,3
3980834971,9.2700,0.8800,-1.5800,1.5625,-4.4375,0.3750,-33.3750,-28.5625,53.8750,26.0,-79.4375,27.4375,65.1250,3,3,3,3
3980844971,9.2500,0.8200,-1.5100,1.6250,-3.6875,-0.0625,-33.3750,-28.5625,53.8750,26.0,-79.5000,27.5625,65.0625,3,3,3,3
3980854971,9.2900,0.8300,-1.4800,1.9375,-3.1875,-0.3750,-33.3750,-28.5625,53.8750,26.0,-79.5000,27.6250,65.0625,3,3,3,3
3980864971,9.2600,0.7800,-1.3400,1.7500,-2.9375,-0.5625,-33.3750,-28.5625,53.8750,26.0,-79.5625,27.7500,65.0625,3,3,3,3
3980874971,9.2700,0.6900,-1.3900,0.0625,-3.5625,-0.5625,-34.8750,-28.8750,53.8750,26.0,-79.5625,27.8125,65.1250,3,3,3,3
3980884971,9.1800,0.7500,-1.5900,-1.1875,-4.3125,-1.1875,-34.8750,-28.8750,53.8750,26.0,-79.6250,27.8750,65.1250,3,3,3,3
3980894971,9.2400,0.8200,-1.6100,-1.6250,-5.4375,-1.9375,-34.8750,-28.8750,53.8750,26.0,-79.6875,27.8750,65.1250,3,3,3,3
3980904971,9.2600,0.8200,-1.5400,-1.2500,-6.3125,-2.1875,-34.8750,-28.8750,53.8750,26.0,-79.7500,27.9375,65.1250,3,3,3,3
3980914971,9.2700,0.8500,-1.4700,-0.5625,-7.0625,-1.9375,-34.8750,-28.8750,53.8750,26.0,-79.8125,28.0625,65.0625,3,3,3,3
3980924971,9.2000,0.8400,-1.4000,-0.2500,-6.8125,-1.8125,-33.3750,-28.1875,52.2500,26.0,-79.8750,28.1250,65.1250,3,3,3,3
3980934971,9.2200,0.8800,-1.2500,0.5625,-6.3750,-2.0000,-33.3750,-28.1875,52.2500,26.0,-79.9375,28.1875,65.0625,3,3,3,3
3980944971,9.1200,0.8800,-1.2800,0.4375,-7.0625,-2.0000,-33.3750,-28.1875,52.2500,26.0,-80.0000,28.3125,65.0625,3,3,3,3
3980954971,9.1500,1.0000,-1.2800,0.8750,-10.2500,-1.9375,-33.3750,-28.1875,52.2500,26.0,-80.1250,28.5625,65.0625,3,3,3,3
3980964971,9.2000,0.7800,-1.5300,1.0625,-10.8750,-1.8750,-33.3750,-28.1875,52.2500,26.0,-80.1875,28.7500,65.0625,3,3,3,3
3980974971,9.2400,0.7400,-1.5700,1.0625,-9.3125,-2.1250,-35.5625,-27.7500,52.6875,26.0,-80.3125,28.9375,65.1250,3,3,3,3
3980984971,9.2900,0.6800,-1.5100,1.8125,-6.8750,-1.7500,-35.5625,-27.7500,52.6875,26.0,-80.3750,29.0000,65.0625,3,3,3,3
3980994971,9.2600,0.7100,-1.3700,2.6875,-4.3125,-1.8125,-35.5625,-27.7500,52.6875,26.0,-80.3750,29.0625,65.0625,3,3,3,3
3981004971,9.1400,0.7600,-1.1500,1.2500,-3.1875,-1.4375,-35.5625,-27.7500,52.6875,26.0,-80.4375,29.1250,65.0000,3,3,3,3
3981014971,9.2000,0.7500,-1.3000,0.3750,-3.4375,-1.6250,-35.5625,-27.7500,52.6875,26.0,-80.5000,29.1250,65.0000,3,3,3,3
3981024971,9.2300,0.7600,-1.3300,0.8125,-4.0625,-1.6875,-34.8750,-29.2500,53.0625,26.0,-80.5000,29.1250,65.0000,3,3,3,3
3981034971,9.2400,0.7200,-1.2900,0.5625,-4.8750,-1.6250,-34.8750,-29.2500,53.0625,26.0,-80.5625,29.1875,65.0000,3,3,3,3
3981044971,9.4200,0.7900,-1.3200,0.6875,-5.5000,-1.2500,-34.8750,-29.2500,53.0625,26.0,-80.6250,29.3125,64.9375,3,3,3,3
3981054971,9.4000,0.7800,-1.3100,1.3750,-5.6875,-0.9375,-34.8750,-29.2500,53.0625,26.0,-80.6875,29.4375,64.9375,3,3,3,3
3981064971,9.3500,0.7800,-1.2700,2.8125,-5.5625,-0.5625,-34.8750,-29.2500,53.0625,26.0,-80.7500,29.6250,64.9375,3,3,3,3
3981074971,9.3100,0.8100,-1.1800,4.5625,-6.3750,-0.4375,-35.1875,-28.1875,53.5000,26.0,-80.7500,29.8750,65.0000,3,3,3,3
3981084971,9.3400,0.7400,-1.2700,5.8750,-7.6875,-0.5000,-35.1875,-28.1875,53.5000,26.0,-80.8125,30.1875,64.9375,3,3,3,3
3981094971,9.3300,0.8300,-1.2300,6.3750,-8.5625,-0.5625,-35.1875,-28.1875,53.5000,26.0,-80.9375,30.5000,64.9375,3,3,3,3
3981104971,9.1700,0.8500,-1.1900,5.5000,-10.0000,-0.0625,-35.1875,-28.1875,53.5000,26.0,-81.0000,30.8750,64.8750,3,3,3,3
3981114971,9.4100,0.7800,-1.2800,5.3125,-9.5000,0.0625,-35.1875,-28.1875,53.5000,26.0,-81.0625,31.2500,64.8125,3,3,3,3
3981124971,9.4000,0.8400,-1.3700,4.7500,-6.5625,0.5625,-34.8750,-28.1875,52.6875,26.0,-81.1250,31.5000,64.8750,3,3,3,3
3981134971,9.4100,0.8300,-1.2300,4.7500,-4.7500,0.6875,-34.8750,-28.1875,52.6875,26.0,-81.1875,31.7500,64.8125,3,3,3,3
3981144971,9.4400,0.8400,-1.1500,5.2500,-4.6250,0.7500,-34.8750,-28.1875,52.6875,26.0,-81.1875,32.0000,64.8125,3,3,3,3
3981154971,9.4700,0.7800,-1.3300,5.0000,-5.3125,0.8125,-34.8750,-28.1875,52.6875,26.0,-81.2500,32.2500,64.7500,3,3,3,3
3981164971,9.4700,0.7500,-1.3500,4.8125,-5.5625,1.0625,-34.8750,-28.1875,52.6875,26.0,-81.2500,32.5625,64.7500,3,3,3,3
3981174971,9.4600,0.7600,-1.3200,5.2500,-5.2500,0.9375,-36.2500,-30.3750,52.2500,26.0,-81.3125,32.8125,64.6875,3,3,3,3
3981184971,9.6600,0.6800,-1.2700,5.8750,-5.8750,1.1250,-36.2500,-30.3750,52.2500,26.0,-81.3750,33.1250,64.6875,3,3,3,3
3981194971,9.5300,0.7900,-1.2900,7.7500,-5.3750,1.6250,-36.2500,-30.3750,52.2500,26.0,-81.3750,33.5000,64.6250,3,3,3,3
3981204971,9.4900,0.8400,-1.3100,8.7500,-2.3125,1.6250,-36.2500,-30.3750,52.2500,26.0,-81.3750,33.7500,64.5625,3,3,3,3
3981214971,9.4600,0.9000,-1.1500,8.3750,-0.1875,2.2500,-36.2500,-30.3750,52.2500,26.0,-81.3750,33.9375,64.5000,3,3,3,3
3981224971,9.4600,0.9000,-1.1500,6.7500,-0.0625,2.6875,-36.2500,-29.5625,51.1875,26.0,-81.3750,34.1250,64.5000,3,3,3,3
3981234971,9.4700,0.8400,-1.1900,5.2500,-0.8750,2.6250,-36.2500,-29.5625,51.1875,26.0,-81.3750,34.3750,64.4375,3,3,3,3
3981244971,9.4700,0.7900,-1.2500,4.8750,-1.3750,2.4375,-36.2500,-29.5625,51.1875,26.0,-81.3750,34.5625,64.4375,3,3,3,3
3981254971,9.5100,0.7700,-1.2000,4.3750,-1.3750,2.0625,-36.2500,-29.5625,51.1875,26.0,-81.3750,34.8125,64.4375,3,3,3,3
3981264971,9.4400,0.8200,-1.1600,3.2500,-2.0000,1.6875,-36.2500,-29.5625,51.1875,26.0,-81.3750,35.0000,64.4375,3,3,3,3
3981274971,9.4400,0.8200,-1.1600,3.2500,-2.0000,1.6875,-37.3750,-28.8750,52.2500,26.0,-81.3750,35.1250,64.5000,3,3,3,3
3981284971,9.5000,0.8400,-1.2100,2.5000,-2.1875,1.3125,-37.3750,-28.8750,52.2500,26.0,-81.3750,35.3125,64.5000,3,3,3,3
3981294971,9.4600,0.8800,-1.1600,2.3750,-2.2500,0.6875,-37.3750,-28.8750,52.2500,26.0,-81.3750,35.4375,64.5000,3,3,3,3
3981304971,9.4700,0.8600,-1.0900,2.6875,-2.7500,0.3125,-37.3750,-28.8750,52.2500,26.0,-81.4375,35.5625,64.5000,3,3,3,3
3981314971,9.4700,0.8600,-1.0900,2.2500,-3.0625,0.2500,-37.3750,-28.8750,52.2500,26.0,-81.4375,35.6875,64.4375,3,3,3,3
3981324971,9.4700,0.8500,-1.0900,2.2500,-3.0625,0.2500,-36.6875,-29.2500,52.2500,26.0,-81.4375,35.8125,64.5625,3,3,3,3
3981334971,9.4700,0.8500,-1.1500,1.5000,-2.8125,0.0625,-36.6875,-29.2500,52.2500,26.0,-81.5000,35.9375,64.5625,3,3,3,3
3981344971,9.4600,0.9100,-1.1000,0.1875,-2.6875,-0.1875,-36.6875,-29.2500,52.2500,26.0,-81.5000,36.0625,64.5625,3,3,3,3
3981354971,9.4800,0.8700,-1.1500,0.6250,-3.0625,-0.1875,-36.6875,-29.2500,52.2500,26.0,-81.5000,36.1875,64.5625,3,3,3,3
3981364971,9.4300,0.8400,-1.2600,1.5000,-2.8125,-0.3750,-36.6875,-29.2500,52.2500,26.0,-81.5625,36.3125,64.5000,3,3,3,3
3981374971,9.4500,0.8000,-1.2000,1.5000,-2.8125,-0.3750,-36.6875,-29.2500,52.2500,26.0,-81.5625,36.4375,64.5000,3,3,3,3
3981384971,9.3900,0.8000,-1.1900,2.1250,-2.9375,-0.3125,-36.0000,-30.6875,52.6875,26.0,-81.6250,36.5000,64.5000,3,3,3,3
3981394971,9.4200,0.8100,-1.1400,1.0625,-3.3125,-0.7500,-36.0000,-30.6875,52.6875,26.0,-81.6250,36.6250,64.5000,3,3,3,3
3981404971,9.3900,0.7500,-1.0400,0.6875,-4.3125,-1.5000,-36.0000,-30.6875,52.6875,26.0,-81.6875,36.7500,64.4375,3,3,3,3
3981414971,9.4500,0.9400,-0.8900,0.1875,-4.7500,-1.1250,-36.0000,-30.6875,52.6875,26.0,-81.6875,36.8750,64.4375,3,3,3,3
3981424971,9.4200,0.8400,-1.2800,0.1875,-4.7500,-1.1250,-36.0000,-30.6875,52.6875,26.0,-81.6875,36.8750,64.4375,3,3,3,3
3981434971,9.4900,0.8500,-1.1800,0.2500,-4.0625,-1.0625,-36.6875,-28.8750,51.1875,26.0,-81.7500,37.0000,64.4375,3,3,3,3
3981444971,9.4500,0.8800,-1.1000,0.3750,-4.3125,0.1250,-36.6875,-28.8750,51.1875,26.0,-81.8125,37.3125,64.4375,3,3,3,3
3981454971,9.4400,0.8800,-1.0600,-0.5000,-3.7500,0.6875,-36.6875,-28.8750,51.1875,26.0,-81.8750,37.5000,64.4375,3,3,3,3
3981464971,9.4300,0.8600,-1.0600,-0.5625,-3.1250,0.6875,-36.6875,-28.8750,51.1875,26.0,-81.8750,37.6250,64.4375,3,3,3,3
3981474971,9.4300,0.8700,-1.0300,-0.5625,-3.1250,0.6875,-36.6875,-28.8750,51.1875,26.0,-81.8750,37.7500,64.4375,3,3,3,3
3981484971,9.3700,0.8500,-0.9900,-0.5625,-2.7500,0.5000,-37.3750,-29.5625,51.1875,26.0,-81.8750,37.9375,64.5000,3,3,3,3
3981494971,9.3700,0.8600,-0.9600,-3.6875,-3.0625,1.8750,-37.3750,-29.5625,51.1875,26.0,-81.9375,38.1250,64.5625,3,3,3,3
3981504971,9.4300,0.7900,-1.0500,-3.7500,-2.2500,1.5000,-37.3750,-29.5625,51.1875,26.0,-81.9375,38.2500,64.5625,3,3,3,3
3981514971,9.4000,0.8500,-1.0300,-2.2500,-1.3125,1.0625,-37.3750,-29.5625,51.1875,26.0,-81.9375,38.3750,64.6250,3,3,3,3
3981524971,9.4000,0.8700,-1.0700,-2.2500,-1.3125,1.0625,-37.3750,-29.5625,51.1875,26.0,-81.9375,38.3750,64.6250,3,3,3,3
3981534971,9.4000,0.8200,-1.1600,-1.0625,-0.6875,1.3750,-37.3750,-29.5625,51.0625,26.0,-81.9375,38.4375,64.6250,3,3,3,3
3981544971,9.4100,0.8500,-1.1800,0.9375,0.5625,2.0000,-37.3750,-29.5625,51.0625,26.0,-81.8750,38.6250,64.6875,3,3,3,3
3981554971,9.4400,0.8700,-1.1800,0.6250,2.0000,2.8750,-37.3750,-29.5625,51.0625,26.0,-81.8750,38.6875,64.6875,3,3,3,3
3981564971,9.4400,0.8600,-1.1800,0.7500,3.3750,3.2500,-37.3750,-29.5625,51.0625,26.0,-81.8125,38.7500,64.6875,3,3,3,3
3981574971,9.5000,0.9200,-1.0300,0.7500,3.3750,3.2500,-37.3750,-29.5625,51.0625,26.0,-81.8125,38.7500,64.6875,3,3,3,3
3981584971,9.5300,0.9500,-1.0600,1.1250,4.3125,3.5625,-37.0000,-31.0625,51.0625,26.0,-81.7500,38.7500,64.7500,3,3,3,3
3981594971,9.5400,0.9700,-1.0500,0.6250,5.0000,4.6875,-37.0000,-31.0625,51.0625,26.0,-81.6250,38.8125,64.8125,3,3,3,3
3981604971,9.5100,1.0300,-1.0200,-0.3125,5.0625,5.2500,-37.0000,-31.0625,51.0625,26.0,-81.5625,38.8750,64.8750,3,3,3,3
3981614971,9.5500,0.9800,-1.3300,-1.4375,6.0000,5.5000,-37.0000,-31.0625,51.0625,26.0,-81.5000,38.9375,64.9375,3,3,3,3
3981624971,9.4900,0.8500,-1.5600,-1.4375,6.0000,5.5000,-37.0000,-31.0625,51.0625,26.0,-81.5000,38.9375,64.9375,3,3,3,3
3981634971,9.4900,0.8400,-1.6600,-2.7500,8.2500,5.1875,-37.3750,-31.7500,51.1875,26.0,-81.3750,38.8125,65.0000,3,3,3,3
3981644971,9.5300,0.9800,-1.3200,-1.2500,12.5625,6.2500,-37.3750,-31.7500,51.1875,26.0,-81.1250,38.4375,65.1250,3,3,3,3
3981654971,9.5000,1.0400,-1.2000,0.8125,12.8125,6.6875,-37.3750,-31.7500,51.1875,26.0,-81.0000,38.2500,65.1875,3,3,3,3
3981664971,9.4300,1.0100,-1.0900,0.5000,12.5000,6.6250,-37.3750,-31.7500,51.1875,26.0,-80.8750,38.1250,65.1875,3,3,3,3
3981674971,9.4300,0.9200,-1.0400,0.5000,12.5000,6.6250,-37.3750,-31.7500,51.1875,26.0,-80.8750,38.1250,65.1875,3,3,3,3
3981684971,9.4500,0.9600,-1.1700,-1.4375,11.4375,6.1875,-36.0000,-28.8750,51.0625,26.0,-80.7500,38.0000,65.2500,3,3,3,3
3981694971,9.4500,0.8800,-1.1800,-3.6250,8.6250,6.1250,-36.0000,-28.8750,51.0625,26.0,-80.5000,37.8750,65.4375,3,3,3,3
3981704971,9.4600,0.8600,-1.2100,-3.6250,8.6250,6.1250,-36.0000,-28.8750,51.0625,26.0,-80.4375,37.7500,65.5000,3,3,3,3
3981714971,9.4800,0.9200,-1.2600,-3.8750,8.6250,5.6875,-36.0000,-28.8750,51.0625,26.0,-80.3125,37.6250,65.6250,3,3,3,3
3981724971,9.4800,0.8900,-1.4900,-5.8125,9.2500,5.4375,-36.0000,-28.8750,51.0625,26.0,-80.3125,37.6250,65.6250,3,3,3,3
3981734971,9.5500,0.8900,-1.7500,-10.1875,10.6250,4.8750,-36.2500,-30.0000,51.8750,26.0,-80.1875,37.3750,65.7500,3,3,3,3
3981744971,9.5800,0.8600,-2.0000,-15.9375,13.3125,4.2500,-36.2500,-30.0000,51.8750,26.0,-79.9375,36.3125,66.0625,3,3,3,3
3981754971,9.6400,1.0100,-2.0900,-20.8125,17.6875,3.0625,-36.2500,-30.0000,51.8750,26.0,-79.7500,35.4375,66.3125,3,3,3,3
3981764971,9.6400,1.1200,-2.5000,-23.3750,23.8750,3.1250,-36.2500,-30.0000,51.8750,26.0,-79.4375,34.5000,66.4375,3,3,3,3
3981774971,9.6600,1.2400,-2.3300,-20.1875,30.6250,3.3125,-36.2500,-30.0000,51.8750,26.0,-79.4375,34.5000,66.4375,3,3,3,3
3981784971,9.6400,1.3600,-3.2900,-16.0000,36.7500,4.1875,-35.5625,-30.6875,51.8750,26.0,-79.1250,33.4375,66.6250,3,3,3,3
3981794971,10.0500,1.3600,-1.6600,-12.6250,47.2500,5.5625,-35.5625,-30.6875,51.8750,26.0,-78.2500,31.2500,66.8125,3,3,3,3
3981804971,10.1800,1.0800,-1.3000,-8.4375,52.1250,8.2500,-35.5625,-30.6875,51.8750,26.0,-77.7500,30.4375,67.0000,3,3,3,3
3981814971,9.2400,0.8500,-1.4800,-7.8750,53.3750,13.5625,-35.5625,-30.6875,51.8750,26.0,-77.2500,29.6875,67.1250,3,3,3,3
3981824971,9.2500,0.9200,-1.7900,-9.2500,52.4375,13.1875,-35.5625,-30.6875,51.8750,26.0,-77.2500,29.6875,67.1250,3,3,3,3
3981834971,9.2700,1.1500,-2.0500,-11.0000,52.5000,11.3750,-34.0625,-28.8750,53.0625,26.0,-76.7500,28.9375,67.3125,3,3,3,3
3981844971,9.2100,1.1300,-2.2300,-14.5000,51.9375,10.7500,-34.0625,-28.8750,53.0625,26.0,-75.7500,27.3750,67.6875,3,3,3,3
3981854971,9.2600,1.1500,-2.5200,-18.6875,51.8750,9.7500,-34.0625,-28.8750,53.0625,26.0,-75.2500,26.6250,67.8750,3,3,3,3
3981864971,9.4500,1.3000,-2.5300,-19.5000,51.2500,9.0000,-34.0625,-28.8750,53.0625,26.0,-74.8125,25.9375,68.0625,3,3,3,3
3981874971,9.3700,1.2600,-2.8600,-20.5000,51.5625,10.4375,-34.0625,-28.8750,53.0625,26.0,-74.8125,25.9375,68.0625,3,3,3,3
3981884971,9.3600,1.2300,-3.2900,-20.0000,52.8750,11.8750,-30.8750,-29.5625,54.6875,26.0,-74.2500,25.3125,68.3125,3,3,3,3
3981894971,9.4700,1.3400,-3.5000,-19.5000,58.6250,12.6250,-30.8750,-29.5625,54.6875,26.0,-73.0625,23.9375,68.7500,3,3,3,3
3981904971,9.6500,1.3400,-3.4200,-22.6875,68.8125,14.3125,-30.8750,-29.5625,54.6875,26.0,-72.3125,23.1875,69.0625,3,3,3,3
3981914971,9.4400,1.5100,-2.4900,-27.5625,77.8750,17.1250,-30.8750,-29.5625,54.6875,26.0,-71.5000,22.5000,69.4375,3,3,3,3
3981924971,9.1700,1.5100,-2.2000,-32.9375,82.9375,19.8750,-30.8750,-29.5625,54.6875,26.0,-71.5000,22.5000,69.4375,3,3,3,3
3981934971,9.0000,1.5100,-2.1800,-38.2500,83.1875,22.8125,-28.2500,-30.0000,57.0000,26.0,-70.6250,21.8125,69.8125,3,3,3,3
3981944971,8.8800,1.4900,-2.6100,-40.7500,80.1875,24.8125,-28.2500,-30.0000,57.0000,26.0,-69.0625,20.7500,70.7500,3,3,3,3
3981954971,8.8000,1.3300,-2.9200,-42.4375,75.6875,26.6875,-28.2500,-30.0000,57.0000,26.0,-68.3125,20.3125,71.2500,3,3,3,3
3981964971,8.7200,1.2000,-2.9900,-44.5000,72.8125,27.0000,-28.2500,-30.0000,57.0000,26.0,-67.5625,19.8750,71.7500,3,3,3,3
3981974971,8.7800,1.1500,-3.1500,-49.6875,70.8750,26.8125,-28.2500,-30.0000,57.0000,26.0,-67.5625,19.8750,71.7500,3,3,3,3
3981984971,8.8200,1.0300,-3.2000,-56.3750,67.4375,27.4375,-23.5625,-29.2500,58.1875,26.0,-66.8750,19.3750,72.3125,3,3,3,3
3981994971,8.8200,0.8600,-3.4500,-60.0625,63.0000,29.0000,-23.5625,-29.2500,58.1875,26.0,-65.5625,18.5625,73.5000,3,3,3,3
3982004971,8.8100,0.8200,-3.8000,-56.4375,57.6250,27.5625,-23.5625,-29.2500,58.1875,26.0,-65.0000,18.1875,73.9375,3,3,3,3
3982014971,8.7300,0.8400,-4.0500,-47.5000,55.6250,22.2500,-23.5625,-29.2500,58.1875,26.0,-64.4375,17.8125,74.3125,3,3,3,3
3982024971,8.5000,1.1100,-4.2000,-38.1875,56.6875,17.1875,-23.5625,-29.2500,58.1875,26.0,-64.4375,17.8125,74.3125,3,3,3,3
3982034971,8.4600,1.1900,-4.0500,-30.8125,58.3750,13.1875,-18.7500,-27.6875,61.2500,26.0,-63.8750,17.4375,74.5000,3,3,3,3
3982044971,8.3900,1.1900,-4.0900,-27.8750,60.8125,10.3750,-18.7500,-27.6875,61.2500,26.0,-62.6250,16.4375,74.9375,3,3,3,3
3982054971,8.3000,1.2300,-4.3100,-30.7500,65.1250,7.8125,-18.7500,-27.6875,61.2500,26.0,-61.9375,15.8750,75.1250,3,3,3,3
3982064971,8.3000,1.1700,-5.0200,-35.8125,71.3125,5.3125,-18.7500,-27.6875,61.2500,26.0,-61.1875,15.1250,75.3125,3,3,3,3
3982074971,8.2300,1.1700,-5.1700,-40.0625,78.6875,2.8750,-18.7500,-27.6875,61.2500,26.0,-61.1875,15.1250,75.3125,3,3,3,3
3982084971,8.3000,1.1600,-5.3500,-42.6250,86.3750,0.4375,-16.0000,-24.8750,62.0625,26.0,-60.4375,14.3125,75.4375,3,3,3,3
3982094971,8.5300,1.1600,-5.5600,-43.1875,93.5625,-0.5625,-16.0000,-24.8750,62.0625,26.0,-58.5625,12.8125,75.8125,3,3,3,3
3982104971,8.5800,1.2200,-5.3500,-40.0000,99.1250,1.0625,-16.0000,-24.8750,62.0625,26.0,-57.6250,12.1875,75.9375,3,3,3,3
3982114971,8.6600,1.4200,-5.2000,-36.1875,103.2500,3.6250,-16.0000,-24.8750,62.0625,26.0,-56.5625,11.5625,76.1250,3,3,3,3
3982124971,8.5600,1.4700,-5.1500,-36.5625,107.0625,7.8750,-16.0000,-24.8750,62.0625,26.0,-56.5625,11.5625,76.1250,3,3,3,3
3982134971,8.2000,1.1500,-5.0200,-39.0000,109.8125,12.9375,-10.5000,-24.0625,64.5000,26.0,-55.5000,11.0625,76.3125,3,3,3,3
3982144971,8.0800,1.2800,-4.9500,-42.1875,114.3750,14.9375,-10.5000,-24.0625,64.5000,26.0,-53.2500,10.0625,76.9375,3,3,3,3
3982154971,7.8900,1.1600,-5.1000,-47.5625,116.2500,14.3125,-10.5000,-24.0625,64.5000,26.0,-52.1250,9.4375,77.1875,3,3,3,3
3982164971,7.8200,1.1000,-5.5200,-51.3750,115.6875,13.2500,-10.5000,-24.0625,64.5000,26.0,-51.0625,8.8750,77.5000,3,3,3,3
3982174971,7.6500,1.1300,-5.7400,-49.8125,114.0625,11.6250,-10.5000,-24.0625,64.5000,26.0,-51.0625,8.8750,77.5000,3,3,3,3
3982184971,7.6600,1.1500,-5.8800,-46.3125,110.5000,9.5000,-5.0000,-21.8750,65.5625,26.0,-49.9375,8.3750,77.6875,3,3,3,3
3982194971,7.5400,1.1400,-6.0600,-42.5000,105.9375,8.1250,-5.0000,-21.8750,65.5625,26.0,-47.9375,7.4375,78.0625,3,3,3,3
3982204971,7.3500,1.0600,-6.0800,-37.6250,100.7500,7.3750,-5.0000,-21.8750,65.5625,26.0,-47.0625,7.0625,78.2500,3,3,3,3
3982214971,7.1500,0.8600,-6.3400,-35.5000,95.5000,6.8125,-5.0000,-21.8750,65.5625,26.0,-46.1875,6.6875,78.3750,3,3,3,3
3982224971,7.2500,0.6700,-6.6300,-34.1250,90.0625,6.7500,-5.0000,-21.8750,65.5625,26.0,-46.1875,6.6875,78.3750,3,3,3,3
3982234971,7.4300,0.5300,-6.7500,-33.0625,85.0625,7.5000,1.5000,-20.8750,65.5625,26.0,-45.3125,6.3125,78.2500,3,3,3,3
3982244971,6.9600,0.6600,-7.4300,-34.3750,81.7500,7.0625,1.5000,-20.8750,65.5625,26.0,-44.5625,5.9375,78.3750,3,3,3,3
3982254971,6.9900,0.9700,-6.8300,-36.3125,83.1250,5.1250,1.5000,-20.8750,65.5625,26.0,-42.8750,5.2500,78.7500,3,3,3,3
3982264971,6.9600,1.0100,-6.5900,-34.4375,88.3125,6.3750,1.5000,-20.8750,65.5625,26.0,-42.0000,4.8750,78.9375,3,3,3,3
3982275124,6.7300,0.7400,-7.0300,-39.2500,90.4375,9.8750,1.5000,-20.8750,65.5625,26.0,-42.0000,4.8750,78.9375,3,3,3,3
3982285124,6.6200,0.7000,-7.4500,-41.5625,89.5625,11.4375,7.0000,-19.0000,67.0625,26.0,-41.1250,4.5000,78.9375,3,3,3,3
3982295124,6.4800,0.7500,-7.4500,-40.5625,89.0000,7.9375,7.0000,-19.0000,67.0625,26.0,-40.2500,4.1250,79.1250,3,3,3,3
3982305124,6.2600,0.7300,-7.4800,-38.4375,90.3750,3.2500,7.0000,-19.0000,67.0625,26.0,-38.5000,3.3125,79.3750,3,3,3,3
3982315124,6.2100,0.6800,-7.5500,-37.4375,92.4375,-0.5625,7.0000,-19.0000,67.0625,26.0,-37.6250,2.9375,79.4375,3,3,3,3
3982325124,6.1000,0.4300,-7.5500,-35.5000,92.3750,-1.5625,7.0000,-19.0000,67.0625,26.0,-37.6250,2.9375,79.4375,3,3,3,3
3982335124,5.9400,0.3700,-7.6400,-33.0000,90.0625,-1.0000,12.3750,-15.3750,65.8750,26.0,-36.7500,2.5625,79.4375,3,3,3,3
3982345124,5.8400,0.4000,-7.6900,-31.6250,87.8125,-0.4375,12.3750,-15.3750,65.8750,26.0,-35.8750,2.2500,79.5625,3,3,3,3
3982355124,5.6400,0.3000,-7.7500,-31.5000,86.2500,-0.5000,12.3750,-15.3750,65.8750,26.0,-34.2500,1.5625,79.6875,3,3,3,3
3982365124,5.6100,0.1100,-7.9000,-31.6250,84.8125,-0.5000,12.3750,-15.3750,65.8750,26.0,-33.4375,1.2500,79.7500,3,3,3,3
3982375231,5.5000,0.1400,-7.8800,-30.3125,82.0625,-1.4375,12.3750,-15.3750,65.8750,26.0,-33.4375,1.2500,79.7500,3,3,3,3
3982385231,5.2700,0.1500,-7.9300,-29.3750,80.1875,-3.8750,17.5000,-13.5625,65.5625,26.0,-32.6250,0.9375,79.7500,3,3,3,3
3982395231,5.2100,0.3800,-8.1500,-28.8750,79.3750,-7.7500,17.5000,-13.5625,65.5625,26.0,-31.8750,0.6250,79.7500,3,3,3,3
3982405231,5.2400,0.3400,-8.1500,-24.8125,79.6250,-15.5625,17.5000,-13.5625,65.5625,26.0,-30.3750,0.0000,79.5000,3,3,3,3
3982415231,5.0300,0.1400,-8.2900,-23.1875,78.6250,-19.9375,17.5000,-13.5625,65.5625,26.0,-29.6250,-0.3750,79.3750,3,3,3,3
3982425675,5.0100,0.2300,-8.0600,-23.5000,77.4375,-20.5625,17.5000,-13.5625,65.5625,26.0,-29.6250,-0.3750,79.3750,3,3,3,3
3982435675,4.7100,-0.0300,-8.3000,-23.3750,75.5000,-20.2500,21.5000,-11.3750,64.8750,26.0,-28.8750,-0.6875,79.1875,3,3,3,3
3982445675,4.6200,-0.2400,-8.7300,-28.2500,73.5625,-19.3750,21.5000,-11.3750,64.8750,26.0,-28.1250,-1.0625,79.1250,3,3,3,3
3982455675,4.6100,-0.2800,-8.9500,-32.1250,73.0625,-20.2500,21.5000,-11.3750,64.8750,26.0,-26.7500,-1.8750,78.8750,3,3,3,3
3982465743,4.4200,-0.4400,-9.1700,-31.8750,74.0625,-20.6875,21.5000,-11.3750,64.8750,26.0,-26.0000,-2.1875,78.7500,3,3,3,3
3982475843,4.2600,-0.3900,-9.1000,-27.0000,75.0625,-20.3125,21.5000,-11.3750,64.8750,26.0,-26.0000,-2.1875,78.7500,3,3,3,3
3982485843,4.3600,-0.4100,-8.8800,-23.0000,74.8125,-18.8750,25.3750,-11.3750,63.6875,26.0,-25.2500,-2.5000,78.5000,3,3,3,3
3982495843,4.5000,-0.2400,-8.8500,-18.0000,72.6875,-16.8125,25.3750,-11.3750,63.6875,26.0,-24.5625,-2.7500,78.3750,3,3,3,3
3982505843,4.4900,-0.2600,-8.7100,-17.0000,71.3125,-14.0000,25.3750,-11.3750,63.6875,26.0,-23.1250,-3.1875,78.2500,3,3,3,3
3982515933,4.3100,-0.4600,-8.7000,-18.8125,71.0625,-11.0000,25.3750,-11.3750,63.6875,26.0,-23.1250,-3.1875,78.2500,3,3,3,3
3982525933,4.1800,-0.5200,-8.8800,-22.3125,70.3125,-8.0000,25.3750,-11.3750,63.6875,26.0,-22.5000,-3.3750,78.2500,3,3,3,3
3982535933,3.9900,-0.5800,-9.0300,-26.1250,69.2500,-5.7500,29.3750,-9.1875,61.5625,26.0,-21.8125,-3.6250,78.2500,3,3,3,3
3982545933,3.5900,-0.7700,-9.3800,-29.5625,67.3125,-3.5625,29.3750,-9.1875,61.5625,26.0,-21.1875,-3.9375,78.2500,3,3,3,3
3982555933,3.5800,-0.6800,-9.3300,-32.2500,65.5625,-1.9375,29.3750,-9.1875,61.5625,26.0,-19.9375,-4.5625,78.3750,3,3,3,3
3982566035,3.4900,-0.6000,-9.3000,-33.9375,65.0625,-1.4375,29.3750,-9.1875,61.5625,26.0,-19.3125,-4.8750,78.5000,3,3,3,3
3982576140,3.3700,-0.6100,-9.3700,-34.5000,65.3750,-1.6250,29.3750,-9.1875,61.5625,26.0,-19.3125,-4.8750,78.5000,3,3,3,3
3982586140,3.4200,-0.5100,-9.2100,-32.4375,65.1250,-3.0000,33.0625,-9.1875,60.5000,26.0,-18.6250,-5.1875,78.4375,3,3,3,3
3982596140,3.3900,-0.5100,-9.2100,-29.3750,64.4375,-5.4375,33.0625,-9.1875,60.5000,26.0,-18.0000,-5.4375,78.5000,3,3,3,3
3982606140,3.2100,-0.7600,-9.2300,-27.0000,62.7500,-6.3750,33.0625,-9.1875,60.5000,26.0,-16.8125,-5.9375,78.5000,3,3,3,3
3982616309,3.0800,-0.8400,-9.1700,-24.4375,59.8750,-6.5000,33.0625,-9.1875,60.5000,26.0,-16.3125,-6.1875,78.5000,3,3,3,3
3982626395,2.8400,-0.9600,-9.3100,-22.1250,56.3125,-7.3750,33.0625,-9.1875,60.5000,26.0,-16.3125,-6.1875,78.5000,3,3,3,3
3982636395,2.7400,-1.0500,-9.3200,-20.4375,52.8125,-8.7500,36.0625,-6.6875,59.3750,26.0,-15.7500,-6.3750,78.4375,3,3,3,3
3982646395,2.6900,-1.0000,-9.4500,-19.6250,49.7500,-10.3750,36.0625,-6.6875,59.3750,26.0,-15.2500,-6.5625,78.3750,3,3,3,3
3982656395,2.7100,-1.0100,-9.5100,-18.3125,48.0000,-12.3125,36.0625,-6.6875,59.3750,26.0,-14.3125,-6.9375,78.2500,3,3,3,3
3982666644,2.6100,-1.0900,-9.6100,-16.5000,48.5625,-13.6250,36.0625,-6.6875,59.3750,26.0,-13.8125,-7.1250,78.1250,3,3,3,3
3982676907,2.6000,-1.0100,-9.5300,-14.0625,51.3125,-14.8750,36.0625,-6.6875,59.3750,26.0,-13.8125,-7.1250,78.1250,3,3,3,3
3982686907,2.5500,-0.9400,-9.4700,-7.9375,56.6875,-16.4375,39.1875,-6.0000,57.6875,26.0,-13.2500,-7.1875,78.0000,3,3,3,3
3982696907,2.4300,-1.1000,-9.3700,-7.9375,56.6875,-16.4375,39.1875,-6.0000,57.6875,26.0,-12.6875,-7.3125,77.8750,3,3,3,3
3982706907,2.3700,-1.0800,-9.2900,-6.3125,58.0000,-16.9375,39.1875,-6.0000,57.6875,26.0,-11.5625,-7.4375,77.6250,3,3,3,3
3982716907,2.3200,-1.0500,-9.2900,-2.0625,55.4375,-17.7500,39.1875,-6.0000,57.6875,26.0,-11.0625,-7.4375,77.5000,3,3,3,3
3982727003,2.2900,-1.0800,-9.4300,0.7500,53.1875,-16.2500,39.1875,-6.0000,57.6875,26.0,-11.0625,-7.4375,77.5000,3,3,3,3
3982737003,2.1400,-1.1500,-9.6500,3.6250,52.0000,-14.3750,41.3750,-6.0000,56.5625,26.0,-10.5000,-7.4375,77.3750,3,3,3,3
3982747003,2.0700,-1.1400,-9.6700,5.0625,52.0000,-12.1250,41.3750,-6.0000,56.5625,26.0,-10.0000,-7.3750,77.2500,3,3,3,3
3982757003,1.8900,-1.0900,-9.6400,3.6250,53.1250,-9.5000,41.3750,-6.0000,56.5625,26.0,-9.0000,-7.3125,77.1875,3,3,3,3
3982767013,1.7400,-1.0700,-9.5900,1.7500,52.4375,-6.5625,41.3750,-6.0000,56.5625,26.0,-8.5000,-7.3125,77.1875,3,3,3,3
3982777207,1.6200,-1.1300,-9.5700,0.6875,50.5625,-4.1250,41.3750,-6.0000,56.5625,26.0,-8.5000,-7.3125,77.1875,3,3,3,3
3982787207,1.5700,-1.1400,-9.6000,0.5000,48.8750,-2.0625,44.2500,-5.5625,53.7500,26.0,-8.0000,-7.3125,77.1875,3,3,3,3
3982797207,1.6200,-1.0900,-9.5700,0.2500,47.0625,-1.0000,44.2500,-5.5625,53.7500,26.0,-7.5625,-7.3125,77.1875,3,3,3,3
3982807207,1.6000,-1.1200,-9.5800,-1.0000,46.2500,-0.6250,44.2500,-5.5625,53.7500,26.0,-6.6875,-7.3125,77.2500,3,3,3,3
3982817207,1.4900,-1.2300,-9.6700,-0.6875,45.5000,-0.8750,44.2500,-5.5625,53.7500,26.0,-6.2500,-7.3125,77.2500,3,3,3,3
3982827390,1.4300,-1.1500,-9.7400,0.2500,44.8125,-1.8750,44.2500,-5.5625,53.7500,26.0,-6.2500,-7.3125,77.2500,3,3,3,3
3982837390,1.2600,-1.1600,-9.6900,0.8125,44.5000,-3.1250,46.5000,-5.5625,53.0625,26.0,-5.8125,-7.3125,77.2500,3,3,3,3
3982847390,0.9700,-1.1600,-9.6100,1.6875,43.6250,-4.9375,46.5000,-5.5625,53.0625,26.0,-5.3750,-7.2500,77.2500,3,3,3,3
3982857390,1.0000,-1.0900,-9.6300,2.0625,41.5625,-6.4375,46.5000,-5.5625,53.0625,26.0,-4.5625,-7.2500,77.1250,3,3,3,3
3982867484,0.9500,-1.1400,-9.6600,1.1875,40.1875,-6.8750,46.5000,-5.5625,53.0625,26.0,-4.1875,-7.2500,77.1250,3,3,3,3
3982877609,0.8900,-1.2200,-9.7300,-0.1875,38.6250,-6.6875,46.5000,-5.5625,53.0625,26.0,-4.1875,-7.2500,77.1250,3,3,3,3
3982887609,0.8400,-1.2000,-9.5600,-0.5000,36.5000,-6.5000,48.5000,-6.0000,51.1875,26.0,-3.8750,-7.2500,77.0625,3,3,3,3
3982897609,0.8200,-1.2400,-9.5100,-1.5625,33.6875,-5.5625,48.5000,-6.0000,51.1875,26.0,-3.5000,-7.2500,77.0000,3,3,3,3
3982907609,0.8100,-1.1800,-9.4500,-1.6875,30.3125,-4.6875,48.5000,-6.0000,51.1875,26.0,-3.0000,-7.3125,77.0000,3,3,3,3
3982917609,0.7300,-1.2000,-9.4500,-1.3125,26.1875,-4.0000,48.5000,-6.0000,51.1875,26.0,-3.0000,-7.3125,77.0000,3,3,3,3
3982927609,0.6900,-1.1800,-9.5200,-0.8125,22.5000,-3.6250,48.5000,-6.0000,51.1875,26.0,-2.7500,-7.3125,76.9375,3,3,3,3
3982937609,0.6600,-1.2600,-9.5700,-0.1250,18.8750,-3.0625,50.6875,-6.3750,50.6875,26.0,-2.6250,-7.3125,76.9375,3,3,3,3
3982947609,0.6300,-1.2400,-9.5900,0.6875,15.6875,-2.8750,50.6875,-6.3750,50.6875,26.0,-2.4375,-7.3125,76.9375,3,3,3,3
3982957609,0.6000,-1.2100,-9.6100,0.9375,12.7500,-3.0000,50.6875,-6.3750,50.6875,26.0,-2.3125,-7.3125,76.8750,3,3,3,3
3982967609,0.5800,-1.1500,-9.5400,0.2500,10.0000,-2.3750,50.6875,-6.3750,50.6875,26.0,-2.2500,-7.3125,76.8750,3,3,3,3
3982977609,0.6000,-1.2400,-9.6800,-0.7500,7.2500,-1.6250,50.6875,-6.3750,50.6875,26.0,-2.1875,-7.3125,76.8750,3,3,3,3
3982987609,0.6600,-1.2200,-9.7100,-0.8750,5.1875,-1.2500,51.0000,-7.0000,48.0000,26.0,-2.1250,-7.3125,76.8750,3,3,3,3
3982997609,0.6300,-1.1400,-9.6900,0.0625,3.8750,-1.2500,51.0000,-7.0000,48.0000,26.0,-2.1250,-7.3125,76.8125,3,3,3,3
3983007609,0.5800,-1.1100,-9.7000,0.8750,3.0000,-1.0625,51.0000,-7.0000,48.0000,26.0,-2.1250,-7.2500,76.8125,3,3,3,3
3983017609,0.5400,-1.1300,-9.7900,2.3125,2.1250,-0.5625,51.0000,-7.0000,48.0000,26.0,-2.1250,-7.2500,76.8125,3,3,3,3
3983027609,0.5200,-1.1300,-9.9500,5.0625,2.3125,-0.3750,51.0000,-7.0000,48.0000,26.0,-2.0625,-7.1875,76.8125,3,3,3,3
3983037609,0.5100,-1.0900,-10.0200,8.5000,3.4375,-0.9375,52.1875,-6.0000,48.7500,26.0,-2.0625,-7.1250,76.8125,3,3,3,3
3983047609,0.4900,-1.1400,-9.9800,11.5000,4.5625,-1.8125,52.1875,-6.0000,48.7500,26.0,-2.0000,-7.0000,76.8125,3,3,3,3
3983057609,0.5600,-1.0400,-9.8200,12.3750,6.0625,-1.8750,52.1875,-6.0000,48.7500,26.0,-1.8750,-6.8125,76.8125,3,3,3,3
3983067979,0.6200,-1.0700,-9.7600,9.6250,7.0000,-0.2500,52.1875,-6.0000,48.7500,26.0,-1.8750,-6.8125,76.8125,3,3,3,3
3983077979,0.5800,-1.0600,-9.7500,5.8125,7.5000,2.6875,52.1875,-6.0000,48.7500,26.0,-1.8125,-6.7500,76.8125,3,3,3,3
3983087979,0.4900,-1.0600,-9.8100,1.8125,7.6250,4.8125,52.3750,-6.6875,48.0000,26.0,-1.7500,-6.6875,76.8750,3,3,3,3
3983097979,0.4700,-1.0600,-9.8300,-0.6250,7.4375,6.0000,52.3750,-6.6875,48.0000,26.0,-1.7500,-6.6875,76.9375,3,3,3,3
3983107979,0.4700,-1.0300,-9.8800,-0.0000,7.3750,6.5625,52.3750,-6.6875,48.0000,26.0,-1.6875,-6.6875,77.0000,3,3,3,3
3983117979,0.5000,-1.0200,-9.9400,2.1875,8.1250,6.9375,52.3750,-6.6875,48.0000,26.0,-1.6250,-6.6875,77.1250,3,3,3,3
3983127979,0.4900,-0.9500,-9.9100,5.1250,9.5000,6.6875,52.3750,-6.6875,48.0000,26.0,-1.5625,-6.6250,77.1875,3,3,3,3
3983137979,0.4600,-0.9400,-9.9300,7.5625,11.1250,6.6875,52.3750,-6.6875,48.3750,26.0,-1.4375,-6.5000,77.2500,3,3,3,3
3983147979,0.4700,-0.9100,-9.9100,8.3125,13.0000,6.7500,52.3750,-6.6875,48.3750,26.0,-1.3750,-6.4375,77.3125,3,3,3,3
3983157979,0.3900,-0.9500,-9.8900,8.2500,14.6875,6.4375,52.3750,-6.6875,48.3750,26.0,-1.2500,-6.3125,77.3750,3,3,3,3
3983167979,0.3300,-0.9300,-9.9200,8.8125,16.3125,6.0000,52.3750,-6.6875,48.3750,26.0,-1.0625,-6.2500,77.4375,3,3,3,3
3983177979,0.3300,-0.9500,-9.9200,9.2500,17.0000,5.1875,52.3750,-6.6875,48.3750,26.0,-0.9375,-6.1250,77.5000,3,3,3,3
3983187979,0.2600,-0.9200,-10.0600,10.3125,17.2500,4.6250,53.5000,-6.6875,48.3750,26.0,-0.8125,-6.0625,77.5625,3,3,3,3
3983197979,0.2000,-0.8600,-10.0700,12.3125,17.5000,3.8125,53.5000,-6.6875,48.3750,26.0,-0.6250,-5.9375,77.6250,3,3,3,3
3983207979,0.1300,-0.8800,-10.1000,15.0625,17.6250,3.0000,53.5000,-6.6875,48.3750,26.0,-0.4375,-5.7500,77.6250,3,3,3,3
3983217979,0.2100,-0.8700,-10.1700,18.5000,17.6875,2.8125,53.5000,-6.6875,48.3750,26.0,-0.3125,-5.5625,77.6875,3,3,3,3
3983227979,0.2900,-0.8600,-10.2200,23.1250,18.8125,4.2500,53.5000,-6.6875,48.3750,26.0,-0.1250,-5.3750,77.7500,3,3,3,3
3983237979,0.2500,-0.8400,-10.1500,28.8750,20.6875,5.2500,54.8750,-7.0000,48.3750,26.0,0.0000,-5.0625,77.8125,3,3,3,3
3983247979,0.2000,-0.7000,-10.0200,35.0625,22.3125,4.4375,54.8750,-7.0000,48.3750,26.0,0.1875,-4.7500,77.8750,3,3,3,3
3983257979,0.1700,-0.5400,-9.8200,38.6250,24.0000,3.3125,54.8750,-7.0000,48.3750,26.0,0.4375,-4.3750,77.8750,3,3,3,3
3983267979,0.1600,-0.4000,-9.8100,38.4375,25.5625,3.0000,54.8750,-7.0000,48.3750,26.0,0.6250,-4.0000,77.9375,3,3,3,3
3983277979,0.2100,-0.4600,-9.8400,36.3125,26.9375,3.6875,54.8750,-7.0000,48.3750,26.0,0.9375,-3.6250,78.0000,3,3,3,3
3983287979,0.1600,-0.4000,-9.8900,34.0000,28.5625,4.4375,54.8750,-8.1875,46.0000,26.0,1.1875,-3.3125,78.0625,3,3,3,3
3983297979,0.0800,-0.3900,-9.9900,33.5625,29.9375,4.8750,54.8750,-8.1875,46.0000,26.0,1.5000,-3.0000,78.0625,3,3,3,3
3983307979,-0.0400,-0.5100,-10.0400,34.5625,31.4375,4.8125,54.8750,-8.1875,46.0000,26.0,1.7500,-2.6250,78.1250,3,3,3,3
3983317979,-0.0200,-0.4400,-10.0400,36.9375,32.5000,4.8750,54.8750,-8.1875,46.0000,26.0,2.0625,-2.3125,78.1875,3,3,3,3
3983327979,-0.1300,-0.4100,-9.9400,40.0000,32.7500,6.6250,54.8750,-8.1875,46.0000,26.0,2.3750,-1.8750,78.3125,3,3,3,3
3983337979,-0.1900,-0.2500,-9.7900,42.3750,32.5000,8.3750,56.0625,-8.8750,44.5625,26.0,2.6875,-1.5000,78.3750,3,3,3,3
3983347979,-0.2200,-0.1900,-9.9700,41.0000,32.0625,9.5625,56.0625,-8.8750,44.5625,26.0,3.0000,-1.1250,78.5000,3,3,3,3
3983357979,-0.3500,-0.2200,-10.1000,40.6250,32.1250,11.0625,56.0625,-8.8750,44.5625,26.0,3.3125,-0.7500,78.6250,3,3,3,3
3983367979,-0.4000,-0.0200,-10.0700,41.8125,33.9375,10.6875,56.0625,-8.8750,44.5625,26.0,3.6250,-0.3125,78.7500,3,3,3,3
3983377979,-0.3600,0.2000,-9.9200,40.6875,36.8750,9.8125,56.0625,-8.8750,44.5625,26.0,4.0000,0.0000,78.8125,3,3,3,3
3983387979,-0.5000,0.1900,-9.9400,39.7500,39.2500,11.2500,57.5000,-10.6875,43.3750,26.0,4.3750,0.3750,78.9375,3,3,3,3
3983397979,-0.6300,0.1100,-9.9200,39.6875,40.0625,12.3750,57.5000,-10.6875,43.3750,26.0,4.7500,0.7500,79.0625,3,3,3,3
3983407979,-0.6600,-0.0100,-10.0100,41.0000,40.6250,11.3125,57.5000,-10.6875,43.3750,26.0,5.1875,1.1250,79.1875,3,3,3,3
3983417979,-0.5800,0.4000,-9.8900,41.0625,41.3750,8.3125,57.5000,-10.6875,43.3750,26.0,5.5625,1.5625,79.3125,3,3,3,3
3983427979,-0.7200,0.4300,-10.0200,40.9375,41.2500,7.0625,57.5000,-10.6875,43.3750,26.0,5.9375,1.9375,79.3750,3,3,3,3
3983437979,-0.9200,0.4400,-10.0100,43.9375,40.5000,6.6875,58.5625,-11.7500,41.7500,26.0,6.3750,2.3750,79.4375,3,3,3,3
3983447979,-0.9500,0.4800,-9.8400,47.6250,39.5000,5.1250,58.5625,-11.7500,41.7500,26.0,6.7500,2.8125,79.5000,3,3,3,3
3983457979,-1.1500,0.5000,-9.7900,51.9375,36.3750,3.3125,58.5625,-11.7500,41.7500,26.0,7.1250,3.3125,79.5625,3,3,3,3
3983467979,-1.2200,0.3900,-9.9800,57.0625,33.3125,2.1875,58.5625,-11.7500,41.7500,26.0,7.4375,3.8750,79.6250,3,3,3,3
3983477979,-1.2000,0.6100,-9.8800,63.1250,30.9375,0.5000,58.5625,-11.7500,41.7500,26.0,7.7500,4.5000,79.6250,3,3,3,3
3983487979,-1.1100,0.8300,-9.7000,66.5000,29.5000,-0.0000,59.8750,-11.7500,38.6875,26.0,8.0000,5.1250,79.6875,3,3,3,3
3983497979,-1.1400,0.7800,-9.6800,70.3125,27.8125,1.1875,59.8750,-11.7500,38.6875,26.0,8.2500,5.8125,79.7500,3,3,3,3
3983507979,-1.2100,0.9900,-9.6700,75.5625,25.7500,0.3750,59.8750,-11.7500,38.6875,26.0,8.5000,6.5625,79.7500,3,3,3,3
3983517979,-1.2700,1.0900,-9.7100,83.0000,23.0625,-2.8750,59.8750,-11.7500,38.6875,26.0,8.7500,7.3750,79.8125,3,3,3,3
3983527979,-1.3900,1.2200,-9.6000,92.0000,20.1250,-7.9375,59.8750,-11.7500,38.6875,26.0,8.9375,8.2500,79.7500,3,3,3,3
3983537979,-1.2800,1.4000,-9.6200,99.4375,17.5625,-13.1250,59.8750,-14.6875,36.7500,26.0,9.0625,9.2500,79.6875,3,3,3,3
3983547979,-1.1600,1.6400,-9.3900,102.3125,16.7500,-15.9375,59.8750,-14.6875,36.7500,26.0,9.1875,10.2500,79.5625,3,3,3,3
3983557979,-1.1400,1.8200,-9.3600,97.6875,17.8750,-13.6875,59.8750,-14.6875,36.7500,26.0,9.3750,11.2500,79.5000,3,3,3,3
3983567979,-1.3700,1.8400,-9.1000,91.3125,18.5625,-8.8125,59.8750,-14.6875,36.7500,26.0,9.5000,12.1250,79.5000,3,3,3,3
3983577979,-1.4600,1.9500,-9.2000,86.6250,16.7500,-6.0625,59.8750,-14.6875,36.7500,26.0,9.6875,13.0000,79.4375,3,3,3,3
3983587979,-1.5000,2.0100,-9.3700,86.4375,12.5625,-6.4375,61.0000,-18.2500,35.1875,26.0,9.7500,13.8750,79.3750,3,3,3,3
3983597979,-1.4800,1.9000,-9.3400,90.8125,8.3125,-8.5625,61.0000,-18.2500,35.1875,26.0,9.8125,14.7500,79.3125,3,3,3,3
3983607979,-1.2700,2.2600,-9.2100,97.1875,2.8750,-11.0625,61.0000,-18.2500,35.1875,26.0,9.8125,15.6875,79.3125,3,3,3,3
3983617979,-0.9800,3.1400,-9.3300,101.1250,-2.6250,-11.3750,61.0000,-18.2500,35.1875,26.0,9.7500,16.6875,79.3125,3,3,3,3
3983627979,-1.3900,2.8800,-9.2900,100.5000,-4.8750,-7.5000,61.0000,-18.2500,35.1875,26.0,9.6875,17.6875,79.3125,3,3,3,3
3983637979,-1.5100,3.1500,-8.9800,95.7500,-3.0625,-6.2500,61.3750,-21.3750,34.7500,26.0,9.6250,18.6250,79.3125,3,3,3,3
3983647979,-1.4100,3.3100,-8.6300,93.6875,-2.2500,-6.5000,61.3750,-21.3750,34.7500,26.0,9.6250,19.5625,79.3125,3,3,3,3
3983657979,-1.3300,3.3300,-8.6600,89.1875,-3.6875,-5.8750,61.3750,-21.3750,34.7500,26.0,9.5625,20.3750,79.3125,3,3,3,3
3983667979,-1.1700,3.3300,-8.8600,81.8125,-2.1875,-5.5625,61.3750,-21.3750,34.7500,26.0,9.5000,21.1875,79.3750,3,3,3,3
3983677979,-1.0100,3.6500,-8.8800,75.2500,1.1250,-4.7500,61.3750,-21.3750,34.7500,26.0,9.5000,21.9375,79.3750,3,3,3,3
3983687979,-1.1000,3.7500,-8.7800,68.8750,4.0625,-1.9375,61.6875,-24.2500,32.5000,26.0,9.5625,22.6250,79.3750,3,3,3,3
3983697979,-1.2700,3.6800,-8.6800,61.6250,5.9375,1.0625,61.6875,-24.2500,32.5000,26.0,9.6250,23.1875,79.4375,3,3,3,3
3983707979,-1.4500,3.7200,-8.6500,55.2500,6.5625,1.8125,61.6875,-24.2500,32.5000,26.0,9.6875,23.7500,79.5000,3,3,3,3
3983717979,-1.6200,3.8400,-8.8100,52.8125,5.3125,0.4375,61.6875,-24.2500,32.5000,26.0,9.6875,24.2500,79.5000,3,3,3,3
3983727979,-1.5400,4.2800,-8.6600,54.0625,3.0000,-2.4375,61.6875,-24.2500,32.5000,26.0,9.7500,24.8125,79.5000,3,3,3,3
3983737979,-1.7100,4.5200,-8.7600,53.3750,2.1250,-4.0000,60.5625,-26.7500,31.2500,26.0,9.7500,25.3125,79.5000,3,3,3,3
3983747979,-1.8100,4.3200,-9.2500,52.1875,3.9375,-3.9375,60.5625,-26.7500,31.2500,26.0,9.7500,25.8125,79.5000,3,3,3,3
3983757979,-1.5000,4.0600,-8.9200,57.8125,6.4375,-6.4375,60.5625,-26.7500,31.2500,26.0,9.7500,26.4375,79.5000,3,3,3,3
3983767979,-1.4000,4.0900,-8.6700,66.6250,6.1875,-9.8125,60.5625,-26.7500,31.2500,26.0,9.8125,27.0625,79.4375,3,3,3,3
3983777979,-1.4100,4.1100,-8.5300,73.6250,4.0625,-12.3125,60.5625,-26.7500,31.2500,26.0,9.7500,27.8125,79.3750,3,3,3,3
3983787979,-1.4600,4.6500,-8.3000,76.3125,1.1250,-14.8750,61.1875,-27.3750,30.0625,26.0,9.6875,28.5625,79.3125,3,3,3,3
3983797979,-1.4000,4.6400,-8.5200,73.5625,-1.6250,-16.5000,61.1875,-27.3750,30.0625,26.0,9.6250,29.3125,79.1875,3,3,3,3
3983807979,-1.2800,4.8800,-8.5900,68.5000,-3.1250,-16.5625,61.1875,-27.3750,30.0625,26.0,9.5000,30.0000,79.1250,3,3,3,3
3983817979,-1.1900,5.2000,-8.5900,63.5625,-2.3750,-15.1250,61.1875,-27.3750,30.0625,26.0,9.4375,30.6250,79.0625,3,3,3,3
3983827979,-1.3100,4.8400,-8.3100,60.6875,-0.5625,-12.1875,61.1875,-27.3750,30.0625,26.0,9.3750,31.2500,79.0000,3,3,3,3
3983837979,-1.3100,4.8400,-8.3100,60.6875,-0.5625,-12.1875,60.5625,-29.5000,29.6875,26.0,9.3125,31.8125,78.9375,3,3,3,3
3983847979,-1.3300,4.8600,-8.4800,62.1250,-0.7500,-11.1875,60.5625,-29.5000,29.6875,26.0,9.1875,32.5000,78.8750,3,3,3,3
3983857979,-1.3100,4.9200,-8.4700,77.8125,-3.1875,-13.5000,60.5625,-29.5000,29.6875,26.0,9.1250,33.3125,78.8125,3,3,3,3
3983867979,-1.4200,5.1000,-7.9600,88.6875,-4.3125,-16.8125,60.5625,-29.5000,29.6875,26.0,9.0000,34.1250,78.7500,3,3,3,3
3983877979,-1.3900,5.3800,-8.1100,96.4375,-6.0000,-20.6250,60.5625,-29.5000,29.6875,26.0,8.8125,35.1250,78.6250,3,3,3,3
3983887979,-1.3900,5.3800,-8.1100,96.4375,-6.0000,-20.6250,60.5625,-31.8750,28.5000,26.0,8.6875,36.0625,78.5000,3,3,3,3
3983897979,-1.2900,5.7200,-7.8800,87.2500,-0.1250,-21.0625,60.5625,-31.8750,28.5000,26.0,8.5625,36.9375,78.3750,3,3,3,3
3983907979,-0.9000,6.0300,-7.2900,70.6875,3.1250,-16.5000,60.5625,-31.8750,28.5000,26.0,8.4375,37.6250,78.2500,3,3,3,3
3983917979,-0.9000,6.0300,-7.2900,56.4375,3.4375,-11.6250,60.5625,-31.8750,28.5000,26.0,8.4375,38.1875,78.1875,3,3,3,3
3983927979,-0.9300,5.9800,-7.5800,48.0625,3.6875,-7.5625,60.5625,-31.8750,28.5000,26.0,8.3750,38.6875,78.1250,3,3,3,3
3983937979,-1.0300,5.9800,-7.6300,48.0625,3.6875,-7.5625,60.1875,-35.0625,25.0000,26.0,8.3750,39.1250,78.1250,3,3,3,3
3983947979,-1.3100,5.8200,-7.4500,44.6875,2.6250,-4.5000,60.1875,-35.0625,25.0000,26.0,8.3750,39.5625,78.1250,3,3,3,3
3983957979,-1.3400,5.9000,-7.3000,43.4375,-3.0000,-5.0000,60.1875,-35.0625,25.0000,26.0,8.3125,40.0000,78.1250,3,3,3,3
3983967979,-1.1900,6.0300,-7.2600,38.0000,-3.1250,-5.4375,60.1875,-35.0625,25.0000,26.0,8.2500,40.3750,78.1250,3,3,3,3
3983977979,-1.0100,6.2400,-7.2100,29.0000,-1.7500,-4.5625,60.1875,-35.0625,25.0000,26.0,8.1875,40.6250,78.0625,3,3,3,3
3983987979,-1.1400,6.3100,-7.2500,29.0000,-1.7500,-4.5625,60.1875,-35.0625,25.0000,26.0,8.1875,40.8125,78.0625,3,3,3,3
3983997979,-1.2200,6.2100,-7.3700,19.7500,-0.6875,-3.3750,60.1875,-36.5625,24.1875,26.0,8.1875,41.0000,78.0625,3,3,3,3
3984007979,-1.1800,6.2600,-7.4900,14.0625,-1.0625,-2.0625,60.1875,-36.5625,24.1875,26.0,8.1250,41.1250,78.0625,3,3,3,3
3984017979,-1.1200,6.2700,-7.4900,15.0625,-1.4375,-1.1250,60.1875,-36.5625,24.1875,26.0,8.1250,41.2500,78.0625,3,3,3,3
3984027979,-1.0000,6.1200,-7.3100,15.7500,-1.1250,-1.3750,60.1875,-36.5625,24.1875,26.0,8.0625,41.3750,78.0625,3,3,3,3
3984037979,-0.9900,6.2000,-7.2500,15.7500,-1.1250,-1.3750,58.6875,-36.5000,24.1875,26.0,8.0625,41.5000,78.2500,3,3,3,3
3984047979,-0.9800,6.2600,-7.2100,15.1875,-0.6250,-1.4375,58.6875,-36.5000,24.1875,26.0,8.0000,41.6250,78.2500,3,3,3,3
3984057979,-1.0400,6.2900,-7.1800,10.5625,-0.3750,0.1250,58.6875,-36.5000,24.1875,26.0,8.0000,41.7500,78.2500,3,3,3,3
3984067979,-1.2400,6.2900,-7.3200,11.0625,-1.0000,0.2500,58.6875,-36.5000,24.1875,26.0,8.0000,41.8125,78.2500,3,3,3,3
3984077979,-1.2300,6.2200,-7.4300,14.2500,-2.0625,-1.3750,58.6875,-36.5000,24.1875,26.0,7.9375,41.9375,78.2500,3,3,3,3
3984087979,-1.1300,6.3000,-7.4800,14.2500,-2.0625,-1.3750,58.6875,-36.5000,24.1875,26.0,7.8750,42.1250,78.3750,3,3,3,3
3984097979,-1.1300,6.2700,-7.5100,18.5625,-2.5625,-2.4375,60.1875,-37.3750,23.7500,26.0,7.8125,42.3125,78.3750,3,3,3,3
3984107979,-1.1400,6.3200,-7.4700,27.0625,-3.0000,-3.2500,60.1875,-37.3750,23.7500,26.0,7.8125,42.5000,78.3750,3,3,3,3
3984117979,-1.2100,6.3000,-7.2700,29.5625,-3.9375,-4.1875,60.1875,-37.3750,23.7500,26.0,7.7500,42.8125,78.3750,3,3,3,3
3984127979,-1.2600,6.3300,-7.2000,31.2500,-5.8125,-5.9375,60.1875,-37.3750,23.7500,26.0,7.6250,43.0625,78.3750,3,3,3,3
3984137979,-1.1300,6.7000,-7.3800,31.2500,-5.8125,-5.9375,60.1875,-37.3750,23.7500,26.0,7.6250,43.0625,78.3750,3,3,3,3
3984147979,-1.1300,6.7100,-7.2600,33.7500,-7.0625,-7.1250,59.3750,-37.7500,23.0000,26.0,7.5625,43.3750,78.3750,3,3,3,3
3984157979,-1.1200,6.7800,-7.0800,34.3750,-7.6250,-5.9375,59.3750,-37.7500,23.0000,26.0,7.3750,44.0625,78.3750,3,3,3,3
3984167979,-1.2100,6.6300,-7.1500,37.3750,-9.5000,-5.7500,59.3750,-37.7500,23.0000,26.0,7.2500,44.4375,78.3750,3,3,3,3
3984177979,-1.1600,6.2400,-7.1700,45.3125,-12.1250,-9.1250,59.3750,-37.7500,23.0000,26.0,7.1250,44.8750,78.3750,3,3,3,3
3984187979,-0.8600,6.5400,-6.9500,45.3125,-12.1250,-9.1250,59.3750,-37.7500,23.0000,26.0,7.1250,44.8750,78.3750,3,3,3,3
3984197979,-0.7200,6.7500,-6.9700,54.4375,-17.2500,-11.5625,57.6875,-38.5625,22.1875,26.0,6.8750,45.3750,78.3750,3,3,3,3
3984207979,-0.7500,6.9200,-6.9700,69.1250,-21.9375,-14.3125,57.6875,-38.5625,22.1875,26.0,6.3750,46.6250,78.3750,3,3,3,3
3984217979,-0.9500,7.0800,-6.6000,73.2500,-21.0625,-16.0000,57.6875,-38.5625,22.1875,26.0,6.1250,47.3125,78.3750,3,3,3,3
3984227979,-0.9200,7.0200,-6.3100,77.0625,-20.3125,-19.5000,57.6875,-38.5625,22.1875,26.0,5.8750,48.0625,78.3125,3,3,3,3
3984237979,-0.8000,7.1100,-6.2000,77.0625,-20.3125,-19.5000,57.6875,-38.5625,22.1875,26.0,5.8750,48.0625,78.3125,3,3,3,3
3984247979,-0.5500,7.2600,-6.3600,78.1250,-20.1875,-23.1875,58.6875,-40.6875,22.5625,26.0,5.5625,48.8125,78.2500,3,3,3,3
3984257979,-0.4200,7.3600,-6.3700,80.5625,-20.1250,-25.5625,58.6875,-40.6875,22.5625,26.0,4.9375,50.3750,78.0625,3,3,3,3
3984267979,-0.4900,7.4600,-6.5100,81.3750,-19.3125,-24.1250,58.6875,-40.6875,22.5625,26.0,4.6250,51.1875,77.9375,3,3,3,3
3984277979,-0.5000,7.4800,-6.5200,81.3125,-16.8125,-21.4375,58.6875,-40.6875,22.5625,26.0,4.3750,51.9375,77.8750,3,3,3,3
3984287979,-0.4400,7.4100,-6.1900,81.3125,-16.8125,-21.4375,58.6875,-40.6875,22.5625,26.0,4.3750,51.9375,77.8750,3,3,3,3
3984297979,-0.4500,7.2900,-5.9900,79.3125,-15.3125,-19.2500,58.3750,-41.0000,21.5000,26.0,4.1250,52.7500,78.0625,3,3,3,3
3984307979,-0.3700,7.4200,-5.8000,86.2500,-16.4375,-23.6250,58.3750,-41.0000,21.5000,26.0,3.6250,54.3125,77.8750,3,3,3,3
3984317979,-0.2900,7.5500,-5.8100,86.2500,-16.4375,-23.6250,58.3750,-41.0000,21.5000,26.0,3.3125,55.2500,77.7500,3,3,3,3
3984327979,-0.2800,7.9600,-5.7400,95.1250,-18.8750,-25.3125,58.3750,-41.0000,21.5000,26.0,3.0000,56.3125,77.6250,3,3,3,3
3984337979,-0.2600,8.4300,-5.2200,108.5000,-19.9375,-26.5000,58.3750,-41.0000,21.5000,26.0,3.0000,56.3125,77.6250,3,3,3,3
3984347979,-0.1300,8.5300,-4.9100,114.9375,-17.2500,-27.4375,57.2500,-44.1875,18.1875,26.0,2.6875,57.4375,77.5000,3,3,3,3
3984357979,-0.0800,8.6600,-4.5500,110.7500,-10.1875,-28.0000,57.2500,-44.1875,18.1875,26.0,2.1250,59.5000,77.0625,3,3,3,3
3984367979,-0.0600,8.3800,-4.7000,100.2500,-3.0625,-28.8750,57.2500,-44.1875,18.1875,26.0,1.8750,60.3750,76.8125,3,3,3,3
3984377979,0.0900,8.6100,-4.6000,94.5000,0.5625,-29.1875,57.2500,-44.1875,18.1875,26.0,1.6875,61.3125,76.5625,3,3,3,3
3984387979,0.0600,8.4000,-5.3300,91.3750,2.0000,-25.6875,57.2500,-44.1875,18.1875,26.0,1.6875,61.3125,76.5625,3,3,3,3
3984397979,0.0600,8.7500,-5.1300,78.1875,7.5625,-21.7500,55.5000,-46.6875,14.6875,26.0,1.5625,62.0625,76.3750,3,3,3,3
3984407979,-0.1300,8.6900,-4.4300,66.4375,14.7500,-17.2500,55.5000,-46.6875,14.6875,26.0,1.4375,63.2500,75.9375,3,3,3,3
3984417979,-0.0600,8.6500,-4.4300,58.8750,15.7500,-10.5625,55.5000,-46.6875,14.6875,26.0,1.4375,63.7500,75.8125,3,3,3,3
3984427979,-0.0700,8.7100,-4.3100,47.9375,12.7500,-4.5000,55.5000,-46.6875,14.6875,26.0,1.5000,64.1250,75.7500,3,3,3,3
3984437979,-0.0800,8.8800,-4.4200,38.3125,9.5000,1.5625,55.5000,-46.6875,14.6875,26.0,1.5000,64.1250,75.7500,3,3,3,3
3984447979,-0.0500,9.2200,-3.7600,35.4375,5.1875,6.3125,54.0625,-48.5000,11.8750,26.0,1.5625,64.4375,75.8750,3,3,3,3
3984457979,0.0300,9.4100,-3.3700,33.0625,3.5625,9.1250,54.0625,-48.5000,11.8750,26.0,1.8125,64.9375,76.0625,3,3,3,3
3984467979,0.0200,9.4800,-3.8800,18.0000,4.9375,10.6250,54.0625,-48.5000,11.8750,26.0,1.9375,65.0000,76.1250,3,3,3,3
3984477979,-0.2000,8.6400,-4.7200,8.1875,8.5625,15.3125,54.0625,-48.5000,11.8750,26.0,2.1875,65.1250,76.2500,3,3,3,3
3984487979,-0.4300,8.4500,-4.2400,9.3125,12.3750,20.0000,54.0625,-48.5000,11.8750,26.0,2.1875,65.1250,76.2500,3,3,3,3
3984497979,-0.5700,8.2600,-4.9600,13.3750,11.5625,19.0000,54.3750,-48.0625,10.7500,26.0,2.3750,65.2500,76.6875,3,3,3,3
3984507979,-0.6400,8.3800,-5.1600,21.6250,7.0000,13.0000,54.3750,-48.0625,10.7500,26.0,2.6250,65.8125,76.8750,3,3,3,3
3984517979,-0.2900,9.0600,-4.2200,37.1875,3.8125,7.5625,54.3750,-48.0625,10.7500,26.0,2.6875,66.2500,76.9375,3,3,3,3
3984527979,-0.2400,9.0900,-3.8600,48.1875,1.6875,4.8125,54.3750,-48.0625,10.7500,26.0,2.6875,66.7500,77.0000,3,3,3,3
3984537979,-0.1600,9.0600,-3.8500,51.4375,-1.0625,4.5000,54.3750,-48.0625,10.7500,26.0,2.6875,66.7500,77.0000,3,3,3,3
3984547979,-0.2600,9.0700,-3.5900,49.5625,-4.0000,5.2500,55.0000,-47.6875,9.5625,26.0,2.7500,67.2500,77.3750,3,3,3,3
3984557979,-0.3200,8.9400,-3.5100,43.4375,-5.3750,8.2500,55.0000,-47.6875,9.5625,26.0,2.8750,68.0000,77.6875,3,3,3,3
3984567979,-0.2500,8.9800,-3.7300,34.0625,-7.1250,11.0625,55.0000,-47.6875,9.5625,26.0,2.9375,68.2500,77.8750,3,3,3,3
3984577979,-0.1200,9.0800,-3.8400,27.3125,-10.3125,12.8125,55.0000,-47.6875,9.5625,26.0,3.0625,68.5000,78.1250,3,3,3,3
3984587979,-0.2700,8.9600,-4.2700,25.5000,-11.6875,15.5625,55.0000,-47.6875,9.5625,26.0,3.0625,68.5000,78.1250,3,3,3,3
3984597979,-0.4400,8.9000,-4.2100,28.3125,-11.1875,17.5625,56.5000,-47.6875,9.0625,26.0,3.1875,68.7500,78.7500,3,3,3,3
3984607979,-0.4900,9.0200,-3.9500,36.0625,-10.7500,18.0000,56.5000,-47.6875,9.0625,26.0,3.3750,69.5000,79.2500,3,3,3,3
3984617979,-0.3800,9.0800,-3.6100,43.0000,-10.1250,15.6875,56.5000,-47.6875,9.0625,26.0,3.5000,69.9375,79.4375,3,3,3,3
3984627979,-0.5000,9.2500,-3.2600,46.2500,-8.8125,12.7500,56.5000,-47.6875,9.0625,26.0,3.5625,70.3750,79.6250,3,3,3,3
3984637979,-0.3400,9.4700,-3.2700,45.1250,-6.3750,10.9375,56.5000,-47.6875,9.0625,26.0,3.5625,70.3750,79.6250,3,3,3,3
3984647979,-0.2300,9.4800,-3.3600,40.5625,-3.7500,11.1250,55.7500,-46.0625,7.5625,26.0,3.6250,70.7500,80.0625,3,3,3,3
3984657979,-0.2600,9.3400,-3.4800,36.1250,-2.3750,15.1250,55.7500,-46.0625,7.5625,26.0,3.9375,71.5000,80.5000,3,3,3,3
3984667979,-0.7000,8.8100,-3.6600,38.5000,-4.7500,20.6875,55.7500,-46.0625,7.5625,26.0,4.1875,71.9375,80.8750,3,3,3,3
3984677979,-0.6400,8.8100,-3.0200,48.0625,-9.5625,25.3125,55.7500,-46.0625,7.5625,26.0,4.3750,72.4375,81.1875,3,3,3,3
3984687979,-0.6900,8.8800,-2.5600,55.1875,-9.3125,24.8125,55.7500,-46.0625,7.5625,26.0,4.3750,72.4375,81.1875,3,3,3,3
3984697979,-0.6000,9.3800,-2.5500,57.8125,-15.1250,13.3750,56.5000,-45.3750,6.3750,26.0,4.4375,73.0000,81.7500,3,3,3,3
3984707979,-0.4900,9.7800,-2.5400,57.8125,-15.1250,13.3750,56.5000,-45.3750,6.3750,26.0,4.5625,74.0625,82.3125,3,3,3,3
3984717979,-0.4800,9.7800,-2.7900,57.8750,-15.1875,10.1250,56.5000,-45.3750,6.3750,26.0,4.6875,74.8125,82.5625,3,3,3,3
3984727979,-0.6800,9.3600,-2.8500,73.1250,-14.1250,15.0625,56.5000,-45.3750,6.3750,26.0,4.7500,75.5625,82.8750,3,3,3,3
3984737979,-0.7600,9.0200,-2.5800,84.5625,-13.8125,11.3750,56.5000,-45.3750,6.3750,26.0,4.7500,75.5625,82.8750,3,3,3,3
3984747979,-0.6300,9.0600,-2.6800,92.0625,-9.5625,6.1250,56.7500,-44.2500,3.1875,26.0,4.8125,76.5000,83.0625,3,3,3,3
3984757979,-0.5500,9.0900,-2.3800,90.6875,-2.5000,3.7500,56.7500,-44.2500,3.1875,26.0,4.8750,78.1250,83.3125,3,3,3,3
3984767979,-0.5600,9.3500,-1.8400,79.9375,0.5000,5.2500,56.7500,-44.2500,3.1875,26.0,4.9375,78.7500,83.4375,3,3,3,3
3984777979,-0.6700,9.4500,-1.6100,64.6250,-0.0000,7.8750,56.7500,-44.2500,3.1875,26.0,5.0625,79.2500,83.5625,3,3,3,3
3984787979,-0.6500,9.3400,-1.8400,53.5625,-1.0000,10.2500,56.7500,-44.2500,3.1875,26.0,5.0625,79.2500,83.5625,3,3,3,3
3984797979,-0.6700,9.4300,-1.8300,50.1875,-2.5000,11.5625,57.1875,-45.0000,1.1875,26.0,5.1250,79.7500,83.7500,3,3,3,3
3984807979,-0.8100,9.3700,-1.9100,51.3750,-3.7500,9.8750,57.1875,-45.0000,1.1875,26.0,5.3125,80.7500,84.0625,3,3,3,3
3984817979,-0.8300,9.5000,-1.8500,54.6250,-3.5625,5.9375,57.1875,-45.0000,1.1875,26.0,5.3125,81.3125,84.1250,3,3,3,3
3984827979,-0.8200,9.7400,-1.5000,58.1250,-2.3125,2.5625,57.1875,-45.0000,1.1875,26.0,5.3125,81.9375,84.1875,3,3,3,3
3984837979,-0.8100,9.8200,-1.2800,60.8750,-0.6875,0.8750,57.1875,-45.0000,1.1875,26.0,5.3125,81.9375,84.1875,3,3,3,3
3984847979,-0.7300,9.3700,-1.2700,64.2500,0.8750,-0.8750,56.7500,-43.5625,-1.1875,26.0,5.3125,82.5625,84.2500,3,3,3,3
3984857979,-0.5200,9.6700,-1.1800,64.8750,1.8750,-3.5000,56.7500,-43.5625,-1.1875,26.0,5.2500,83.1875,84.2500,3,3,3,3
3984867979,-0.5600,9.7000,-1.3200,63.2500,1.5625,-3.0625,56.7500,-43.5625,-1.1875,26.0,5.2500,84.4375,84.3125,3,3,3,3
3984877979,-0.5900,9.4400,-1.3900,65.8750,2.1250,-1.2500,56.7500,-43.5625,-1.1875,26.0,5.2500,85.0625,84.3125,3,3,3,3
3984887979,-0.6300,9.4100,-0.6700,69.4375,1.9375,-1.5625,56.7500,-43.5625,-1.1875,26.0,5.2500,85.0625,84.3125,3,3,3,3
3984897979,-0.6500,9.5300,-0.4500,68.5000,1.6250,-2.0000,56.5000,-43.1875,-2.2500,26.0,5.1875,85.7500,84.4375,3,3,3,3
3984907979,-0.6200,9.6800,-0.2900,61.3125,2.2500,0.0625,56.5000,-43.1875,-2.2500,26.0,5.1875,86.3750,84.5000,3,3,3,3
3984917979,-0.6400,9.6400,-0.2200,51.4375,3.0000,4.1250,56.5000,-43.1875,-2.2500,26.0,5.3125,87.2500,84.6250,3,3,3,3
3984927979,-0.6700,9.7000,-0.2500,42.8750,1.0000,7.2500,56.5000,-43.1875,-2.2500,26.0,5.4375,87.5625,84.7500,3,3,3,3
3984937979,-0.6800,9.7500,-0.5500,32.9375,-1.6250,9.2500,56.5000,-43.1875,-2.2500,26.0,5.4375,87.5625,84.7500,3,3,3,3
3984947979,-0.7200,9.6800,-0.5700,21.3125,-1.8750,11.5000,57.2500,-42.1875,-4.2500,26.0,5.5000,87.8125,85.1250,3,3,3,3
3984957979,-0.7800,9.5900,-0.4500,13.0000,-4.2500,14.1250,57.2500,-42.1875,-4.2500,26.0,5.6250,87.9375,85.3750,3,3,3,3
3984967979,-0.9400,9.4600,-0.4200,10.0000,-7.4375,13.2500,57.2500,-42.1875,-4.2500,26.0,5.7500,88.0000,85.5625,3,3,3,3
3984977979,-0.8800,9.6900,-0.4600,10.0625,-9.3750,10.0625,57.2500,-42.1875,-4.2500,26.0,5.8750,88.0625,85.7500,3,3,3,3
3984987979,-0.8300,9.8300,-0.3800,12.0000,-10.6875,8.1250,57.2500,-42.1875,-4.2500,26.0,5.9375,88.1875,85.9375,3,3,3,3
3984997979,-0.9500,9.4400,-0.6900,16.7500,-14.0625,8.1250,56.5625,-41.3750,-6.0000,26.0,6.0000,88.3125,86.2500,3,3,3,3
3985007979,-0.8700,9.4800,-0.5800,22.6250,-13.4375,6.5625,56.5625,-41.3750,-6.0000,26.0,6.0625,88.5000,86.5000,3,3,3,3
3985017979,-0.8100,9.3900,-0.3400,27.0625,-12.0000,5.6875,56.5625,-41.3750,-6.0000,26.0,6.1875,89.0000,86.8750,3,3,3,3
3985027979,-0.9000,9.1400,-0.0000,26.3750,-9.6250,6.8750,56.5625,-41.3750,-6.0000,26.0,6.2500,89.1875,87.0000,3,3,3,3
3985038171,-0.8700,9.1100,0.1200,20.5000,-7.9375,7.6250,56.5625,-41.3750,-6.0000,26.0,6.2500,89.1875,87.0000,3,3,3,3
3985048171,-0.9400,9.0900,-0.0300,13.8750,-7.5625,7.6250,56.1875,-40.0000,-6.2500,26.0,6.3125,89.3125,87.1875,3,3,3,3
3985058171,-1.0000,9.1600,-0.1900,8.7500,-8.8125,6.7500,56.1875,-40.0000,-6.2500,26.0,6.3750,89.3750,87.3125,3,3,3,3
3985068171,-1.0100,9.2700,-0.3200,5.1250,-9.3125,5.9375,56.1875,-40.0000,-6.2500,26.0,6.5000,89.4375,87.6250,3,3,3,3
3985078271,-0.9600,9.1700,-0.3800,2.9375,-9.3125,4.7500,56.1875,-40.0000,-6.2500,26.0,6.5000,89.4375,87.7500,3,3,3,3
3985088482,-0.8800,9.2000,-0.4600,3.3750,-9.1250,3.1250,56.1875,-40.0000,-6.2500,26.0,6.5000,89.4375,87.7500,3,3,3,3
3985098482,-0.8800,9.3900,-0.3100,5.8125,-8.0000,2.1250,57.6875,-41.3750,-6.5000,26.0,6.5000,89.5000,87.8750,3,3,3,3
3985108482,-0.8500,9.6000,-0.0000,6.3125,-5.9375,2.1875,57.6875,-41.3750,-6.5000,26.0,6.5625,89.5625,88.0625,3,3,3,3
3985118482,-0.8600,9.6800,0.1300,5.1250,-6.3125,4.3125,57.6875,-41.3750,-6.5000,26.0,6.6250,89.6250,88.1875,3,3,3,3
3985128565,-1.2300,9.4600,-0.1300,3.3125,-5.2500,5.6875,57.6875,-41.3750,-6.5000,26.0,6.6875,89.6875,88.1875,3,3,3,3
3985138752,-1.0500,9.5000,-0.3200,5.3125,-1.7500,2.8750,57.6875,-41.3750,-6.5000,26.0,6.6875,89.6875,88.1875,3,3,3,3
3985148752,-1.0800,9.5200,-0.1800,9.9375,-0.2500,0.6250,58.0000,-40.3750,-4.8750,26.0,6.6875,89.7500,88.5000,3,3,3,3
3985158752,-1.0600,9.4400,-0.2400,13.7500,0.0625,-0.8125,58.0000,-40.3750,-4.8750,26.0,6.6875,89.8750,88.5625,3,3,3,3
3985168752,-0.9800,9.4000,-0.2300,15.7500,0.2500,-2.2500,58.0000,-40.3750,-4.8750,26.0,6.6250,90.0000,88.5000,3,3,3,3
3985178752,-0.9600,9.6200,-0.0700,16.6250,-0.6250,-2.5000,58.0000,-40.3750,-4.8750,26.0,6.6250,90.1875,88.5000,3,3,3,3
3985188752,-1.1000,9.7300,-0.0000,13.3125,-1.3125,-2.1875,58.0000,-40.3750,-4.8750,26.0,6.5625,90.3125,88.5000,3,3,3,3
3985198752,-0.9600,9.8200,0.0900,9.7500,-1.2500,-1.5625,57.6875,-40.0000,-6.0625,26.0,6.5625,90.3750,88.6250,3,3,3,3
3985208752,-0.8800,9.7800,0.0100,7.4375,-1.5625,-0.7500,57.6875,-40.0000,-6.0625,26.0,6.5625,90.4375,88.6250,3,3,3,3
3985218752,-0.9300,9.6000,-0.0100,7.1875,-1.8125,0.2500,57.6875,-40.0000,-6.0625,26.0,6.5625,90.6250,88.6875,3,3,3,3
3985228752,-0.9600,9.5100,-0.1000,7.3750,-2.3125,0.5000,57.6875,-40.0000,-6.0625,26.0,6.5625,90.6250,88.6875,3,3,3,3
3985238752,-0.8800,9.4800,-0.0100,7.1250,-2.3750,0.6250,57.6875,-40.0000,-6.0625,26.0,6.5625,90.6875,88.6875,3,3,3,3
3985248752,-0.8700,9.4900,0.1500,6.2500,-2.6250,0.3125,58.3750,-40.3750,-5.6875,26.0,6.5625,90.6875,88.9375,3,3,3,3
3985258752,-0.8500,9.5000,0.3000,4.0000,-2.8125,-0.0000,58.3750,-40.3750,-5.6875,26.0,6.5625,90.7500,88.9375,3,3,3,3
3985268752,-0.8400,9.6200,0.1900,1.3125,-3.0000,0.0625,58.3750,-40.3750,-5.6875,26.0,6.5000,90.7500,88.9375,3,3,3,3
3985278752,-0.6700,9.6600,0.1100,0.8750,-5.2500,0.9375,58.3750,-40.3750,-5.6875,26.0,6.5000,90.7500,89.0000,3,3,3,3
3985288752,-1.2600,9.6100,-0.3200,2.6875,-7.4375,2.0000,58.3750,-40.3750,-5.6875,26.0,6.5625,90.7500,89.0625,3,3,3,3
3985298752,-1.1200,9.6400,0.0400,3.8125,-4.0000,-0.0625,57.2500,-40.8750,-6.8750,26.0,6.5625,90.8125,89.1250,3,3,3,3
3985308752,-0.9200,9.6400,0.2000,5.0000,-1.8750,-2.1875,57.2500,-40.8750,-6.8750,26.0,6.5000,90.8750,89.1250,3,3,3,3
3985318752,-0.8800,9.6000,0.2100,5.0625,-2.3125,-2.6875,57.2500,-40.8750,-6.8750,26.0,6.5000,90.8750,89.1250,3,3,3,3
3985328752,-0.8900,9.6100,0.1500,4.5625,-2.2500,-3.2500,57.2500,-40.8750,-6.8750,26.0,6.4375,90.9375,89.1250,3,3,3,3
3985338752,-0.9200,9.5500,-0.0000,4.4375,-1.8750,-3.3125,57.2500,-40.8750,-6.8750,26.0,6.4375,91.0000,89.1250,3,3,3,3
3985348752,-0.9500,9.4100,-0.1000,5.4375,-1.4375,-3.1250,57.6875,-39.5000,-6.5000,26.0,6.3750,91.0000,89.1875,3,3,3,3
3985358752,-1.0100,9.4600,-0.0100,7.6250,-1.0625,-3.4375,57.6875,-39.5000,-6.5000,26.0,6.3125,91.0625,89.1250,3,3,3,3
3985368752,-0.9900,9.7300,0.4000,7.0625,-0.8125,-4.3125,57.6875,-39.5000,-6.5000,26.0,6.3125,91.1250,89.1250,3,3,3,3
3985378752,-0.9400,9.5400,0.1300,4.0625,-1.0000,-3.9375,57.6875,-39.5000,-6.5000,26.0,6.2500,91.1875,89.0625,3,3,3,3
3985388752,-0.9200,9.4900,0.1200,4.0000,-0.8125,-4.0625,57.6875,-39.5000,-6.5000,26.0,6.1875,91.2500,89.0625,3,3,3,3
3985398752,-0.8600,9.5200,0.2300,6.0625,-0.5625,-5.3125,58.0000,-39.5000,-7.1875,26.0,6.1250,91.2500,89.0000,3,3,3,3
3985408752,-0.8200,9.5900,0.1900,7.1250,-0.7500,-4.8750,58.0000,-39.5000,-7.1875,26.0,6.1250,91.3750,89.0000,3,3,3,3
3985418752,-0.8700,9.6200,0.4600,6.7500,-1.1250,-3.5625,58.0000,-39.5000,-7.1875,26.0,6.0625,91.4375,88.9375,3,3,3,3
3985428752,-0.8700,9.5400,0.2700,4.8750,-1.3750,-2.3125,58.0000,-39.5000,-7.1875,26.0,6.0625,91.4375,88.9375,3,3,3,3
3985438752,-0.9000,9.5200,0.2100,3.5625,-1.3750,-1.9375,58.0000,-39.5000,-7.1875,26.0,6.0000,91.5000,88.9375,3,3,3,3
3985448752,-0.8500,9.6100,0.2500,2.3125,-1.4375,-2.0000,57.6875,-41.0000,-7.5625,26.0,6.0000,91.5000,88.9375,3,3,3,3
3985458752,-0.9400,9.5100,0.0700,0.8750,-2.1875,-1.5000,57.6875,-41.0000,-7.5625,26.0,6.0000,91.5000,88.9375,3,3,3,3
3985468752,-0.9600,9.5100,-0.0100,0.2500,-3.1875,-1.5625,57.6875,-41.0000,-7.5625,26.0,5.9375,91.5000,88.9375,3,3,3,3
3985478752,-0.9400,9.5300,-0.0000,0.8125,-4.0625,-1.9375,57.6875,-41.0000,-7.5625,26.0,5.9375,91.5000,89.0000,3,3,3,3
3985488752,-0.9300,9.6000,0.1900,1.0000,-4.5000,-2.6250,57.6875,-41.0000,-7.5625,26.0,5.9375,91.5000,89.0000,3,3,3,3
3985498752,-0.8800,9.4900,0.3200,1.0625,-5.0000,-2.8750,57.6875,-41.3750,-7.6875,26.0,5.8750,91.5000,89.0000,3,3,3,3
3985508752,-0.8000,9.5500,0.4200,1.8750,-3.4375,-3.8750,57.6875,-41.3750,-7.6875,26.0,5.8125,91.5000,89.0000,3,3,3,3
3985518752,-0.8000,9.6300,0.4400,2.1875,-1.8125,-4.1875,57.6875,-41.3750,-7.6875,26.0,5.8125,91.5625,89.0000,3,3,3,3
3985528752,-0.8900,9.5500,0.1400,3.2500,-0.3750,-3.6250,57.6875,-41.3750,-7.6875,26.0,5.7500,91.5625,88.9375,3,3,3,3
3985538752,-0.9200,9.5800,0.2300,5.8125,0.3125,-3.6875,57.6875,-41.3750,-7.6875,26.0,5.7500,91.6250,88.9375,3,3,3,3
3985548752,-0.8300,9.6500,0.2900,7.2500,0.8125,-3.8750,58.0000,-41.0000,-7.5625,26.0,5.6875,91.6875,88.8750,3,3,3,3
3985558752,-0.8000,9.6200,0.4400,6.3125,0.6875,-3.4375,58.0000,-41.0000,-7.5625,26.0,5.6250,91.7500,88.8750,3,3,3,3
3985568752,-0.8000,9.6100,0.4100,4.5000,0.5625,-2.6875,58.0000,-41.0000,-7.5625,26.0,5.6250,91.8125,88.8125,3,3,3,3
3985578752,-0.8500,9.5900,0.2700,2.7500,0.1875,-1.9375,58.0000,-41.0000,-7.5625,26.0,5.6250,91.8125,88.8125,3,3,3,3
3985588752,-0.9000,9.5300,0.0800,2.8125,-0.0625,-1.8750,58.0000,-41.0000,-7.5625,26.0,5.5625,91.8750,88.8125,3,3,3,3
3985598752,-0.8300,9.5500,0.1700,5.3125,-0.1875,-2.1250,57.6875,-41.3750,-8.3750,26.0,5.5625,91.9375,88.7500,3,3,3,3
3985608752,-0.7300,9.5500,0.2300,8.3750,-0.1250,-2.9375,57.6875,-41.3750,-8.3750,26.0,5.5000,92.0000,88.7500,3,3,3,3
3985618752,-0.7600,9.4300,0.2100,10.5625,0.1875,-2.8750,57.6875,-41.3750,-8.3750,26.0,5.5000,92.0625,88.6875,3,3,3,3
3985628752,-0.7900,9.4500,0.3200,12.3750,0.2500,-3.3125,57.6875,-41.3750,-8.3750,26.0,5.4375,92.1875,88.6875,3,3,3,3
3985638752,-0.8000,9.6000,0.4500,11.5625,0.5000,-3.5000,57.6875,-41.3750,-8.3750,26.0,5.4375,92.3125,88.6250,3,3,3,3
3985648752,-0.8100,9.6300,0.5200,8.9375,0.3750,-3.1875,56.8750,-41.3750,-7.1875,26.0,5.3750,92.3750,88.6250,3,3,3,3
3985658752,-0.9100,9.5300,0.4800,6.1250,-0.0625,-2.5625,56.8750,-41.3750,-7.1875,26.0,5.3750,92.4375,88.6250,3,3,3,3
3985668752,-0.8100,9.5900,0.4000,4.6875,-0.0000,-3.0000,56.8750,-41.3750,-7.1875,26.0,5.3125,92.5000,88.6250,3,3,3,3
3985678752,-0.7500,9.7200,0.4600,4.8125,0.1250,-3.2500,56.8750,-41.3750,-7.1875,26.0,5.3125,92.5625,88.5625,3,3,3,3
3985688752,-0.6900,9.7100,0.5200,5.4375,0.0625,-2.9375,56.8750,-41.3750,-7.1875,26.0,5.2500,92.6250,88.5625,3,3,3,3
3985698752,-0.6900,9.6000,0.5400,5.3750,0.0625,-2.3750,57.2500,-40.3750,-8.8750,26.0,5.2500,92.6875,88.5000,3,3,3,3
3985708752,-0.7000,9.4900,0.5000,5.6875,0.2500,-1.9375,57.2500,-40.3750,-8.8750,26.0,5.1875,92.7500,88.5000,3,3,3,3
3985718752,-0.7700,9.5600,0.4300,5.6875,0.1875,-2.3750,57.2500,-40.3750,-8.8750,26.0,5.1875,92.7500,88.4375,3,3,3,3
3985728752,-0.7700,9.5700,0.4800,5.6875,-0.3750,-2.5000,57.2500,-40.3750,-8.8750,26.0,5.1875,92.8125,88.4375,3,3,3,3
3985738752,-0.7700,9.5700,0.4300,5.1250,-1.0000,-2.5625,57.2500,-40.3750,-8.8750,26.0,5.1250,92.8750,88.4375,3,3,3,3
3985748752,-0.7000,9.7400,0.5600,4.6875,-0.9375,-2.7500,57.2500,-40.3750,-8.0000,26.0,5.1250,92.9375,88.4375,3,3,3,3
3985758752,-0.6900,9.7200,0.5700,4.2500,-0.7500,-2.6875,57.2500,-40.3750,-8.0000,26.0,5.0625,92.9375,88.3750,3,3,3,3
3985768752,-0.7200,9.6700,0.5400,3.7500,-0.8125,-1.6250,57.2500,-40.3750,-8.0000,26.0,5.0625,93.0000,88.3750,3,3,3,3
3985778752,-0.7600,9.6500,0.4600,4.3750,-0.7500,-1.2500,57.2500,-40.3750,-8.0000,26.0,5.0625,93.0625,88.3750,3,3,3,3
3985788752,-0.7700,9.5900,0.5000,6.2500,-0.4375,-1.3125,57.2500,-40.3750,-8.0000,26.0,5.0000,93.1250,88.3750,3,3,3,3
3985798752,-0.6900,9.5900,0.4300,8.5625,-0.0625,-1.8750,56.8750,-41.0000,-7.6875,26.0,5.0000,93.1875,88.3750,3,3,3,3
3985808752,-0.7300,9.5700,0.5300,10.7500,0.1250,-2.2500,56.8750,-41.0000,-7.6875,26.0,5.0000,93.3125,88.3750,3,3,3,3
3985818752,-0.8400,9.5800,0.6700,11.1875,0.5625,-2.4375,56.8750,-41.0000,-7.6875,26.0,4.9375,93.3750,88.3750,3,3,3,3
3985828752,-0.7900,9.6400,0.5400,8.5000,0.0625,-3.1875,56.8750,-41.0000,-7.6875,26.0,4.9375,93.5000,88.3750,3,3,3,3
3985838752,-0.8400,9.4800,0.4500,5.7500,-0.8750,-2.6250,56.8750,-41.0000,-7.6875,26.0,4.8750,93.5625,88.3125,3,3,3,3
3985848752,-0.8100,9.5300,0.4400,4.9375,-1.4375,-2.2500,56.8750,-41.3750,-7.6875,26.0,4.8750,93.5625,88.3750,3,3,3,3
3985858752,-0.6800,9.6100,0.5700,4.8750,-1.6875,-2.3750,56.8750,-41.3750,-7.6875,26.0,4.8750,93.6250,88.3750,3,3,3,3
3985868752,-0.6600,9.6900,0.6000,4.2500,-1.4375,-2.3125,56.8750,-41.3750,-7.6875,26.0,4.8125,93.6875,88.3750,3,3,3,3
3985878752,-0.6800,9.6000,0.4900,4.4375,-1.4375,-1.8125,56.8750,-41.3750,-7.6875,26.0,4.8125,93.6875,88.3750,3,3,3,3
3985888752,-0.7300,9.5100,0.6300,5.6250,-0.9375,-0.8750,56.8750,-41.3750,-7.6875,26.0,4.8125,93.7500,88.3750,3,3,3,3
3985898752,-0.6200,9.4900,0.6500,4.0625,-0.2500,-1.5000,57.6875,-40.6875,-8.8750,26.0,4.7500,93.8125,88.3750,3,3,3,3
3985908752,-0.6200,9.4700,0.6000,1.6875,-0.3750,-1.5625,57.6875,-40.6875,-8.8750,26.0,4.7500,93.8125,88.3125,3,3,3,3
3985918752,-0.6100,9.6200,0.6900,0.1250,-0.5000,-1.0000,57.6875,-40.6875,-8.8750,26.0,4.7500,93.8125,88.3125,3,3,3,3
3985928752,-0.6100,9.7000,0.8400,-1.5625,-0.0625,-0.6250,57.6875,-40.6875,-8.8750,26.0,4.7500,93.8125,88.3125,3,3,3,3
3985938752,-0.6400,9.5000,0.4300,-3.8750,-0.0625,0.3750,57.6875,-40.6875,-8.8750,26.0,4.7500,93.7500,88.3125,3,3,3,3
3985948752,-0.6600,9.5000,0.4700,-2.6875,-0.0625,0.2500,57.6875,-41.0000,-8.0000,26.0,4.7500,93.7500,88.3125,3,3,3,3
3985958752,-0.6200,9.5300,0.5400,0.1875,0.4375,-0.5625,57.6875,-41.0000,-8.0000,26.0,4.6875,93.7500,88.3125,3,3,3,3
3985968752,-0.6800,9.4900,0.5200,1.7500,0.6875,-0.8125,57.6875,-41.0000,-8.0000,26.0,4.6875,93.7500,88.2500,3,3,3,3
3985978752,-0.7000,9.4900,0.4600,2.6250,0.1875,-0.6875,57.6875,-41.0000,-8.0000,26.0,4.6875,93.7500,88.2500,3,3,3,3
3985988752,-0.6700,9.5100,0.5400,3.6250,-0.0625,-1.0000,57.6875,-41.0000,-8.0000,26.0,4.6875,93.8125,88.2500,3,3,3,3
3985998752,-0.6700,9.5100,0.5400,4.3125,-0.3125,-1.0000,57.6875,-41.3750,-9.1875,26.0,4.6875,93.8125,88.2500,3,3,3,3
3986008752,-0.7500,9.5300,0.6600,2.1875,-0.5000,-1.8125,57.6875,-41.3750,-9.1875,26.0,4.6250,93.8750,88.2500,3,3,3,3
3986018752,-0.7100,9.6000,0.5700,-0.1875,-0.5000,-1.6875,57.6875,-41.3750,-9.1875,26.0,4.6250,93.8750,88.1875,3,3,3,3
3986028752,-0.6600,9.6600,0.6000,-0.8750,-0.5000,-1.9375,57.6875,-41.3750,-9.1875,26.0,4.6250,93.8125,88.1875,3,3,3,3
3986038752,-0.6000,9.6400,0.6600,-0.8125,-0.5000,-2.0625,57.6875,-41.3750,-9.1875,26.0,4.5625,93.8125,88.1875,3,3,3,3
3986048752,-0.6000,9.6400,0.6600,-0.6250,-0.0625,-2.2500,56.8750,-41.0000,-8.0000,26.0,4.5625,93.8125,88.1250,3,3,3,3
3986058752,-0.5900,9.7100,0.7700,-0.9375,-0.1250,-1.8750,56.8750,-41.0000,-8.0000,26.0,4.5625,93.8125,88.1250,3,3,3,3
3986068752,-0.5900,9.7100,0.7700,-2.2500,-0.1875,-1.0625,56.8750,-41.0000,-8.0000,26.0,4.5000,93.8125,88.0625,3,3,3,3
3986078752,-0.6400,9.7600,0.7300,-2.6250,0.1875,-0.3750,56.8750,-41.0000,-8.0000,26.0,4.5000,93.7500,88.0625,3,3,3,3
3986088752,-0.6600,9.6700,0.5700,-1.1250,0.1875,-0.3125,56.8750,-41.0000,-8.0000,26.0,4.5000,93.7500,88.0625,3,3,3,3
3986098752,-0.6400,9.5400,0.5100,0.8125,0.4375,-0.6250,56.5625,-40.6875,-8.7500,26.0,4.5000,93.7500,88.0625,3,3,3,3
3986108752,-0.5900,9.4600,0.5100,3.0000,0.6875,-1.7500,56.5625,-40.6875,-8.7500,26.0,4.5000,93.8125,88.0625,3,3,3,3
3986118752,-0.6100,9.5100,0.4800,4.5625,0.8125,-2.4375,56.5625,-40.6875,-8.7500,26.0,4.4375,93.8125,88.0000,3,3,3,3
3986128752,-0.6500,9.5500,0.5200,4.5000,0.5625,-3.1250,56.5625,-40.6875,-8.7500,26.0,4.4375,93.8750,88.0000,3,3,3,3
3986138752,-0.6800,9.5900,0.5700,3.1875,-0.2500,-3.3750,56.5625,-40.6875,-8.7500,26.0,4.3750,93.9375,87.9375,3,3,3,3
3986148752,-0.6500,9.6300,0.6000,3.1875,-0.2500,-3.3750,56.5625,-40.6875,-8.7500,26.0,4.3750,93.9375,87.9375,3,3,3,3
3986158752,-0.6300,9.6900,0.6100,0.8750,-1.1250,-3.4375,57.2500,-41.3750,-8.0000,26.0,4.3125,93.8750,87.9375,3,3,3,3
3986168752,-0.6200,9.6900,0.6100,-2.2500,-1.3750,-1.6875,57.2500,-41.3750,-8.0000,26.0,4.3125,93.8750,87.9375,3,3,3,3
3986178752,-0.6600,9.6200,0.6000,-1.6250,-1.1250,-1.5625,57.2500,-41.3750,-8.0000,26.0,4.3125,93.8750,87.8750,3,3,3,3
3986188752,-0.6300,9.6400,0.6000,-1.0625,-0.3750,-1.8750,57.2500,-41.3750,-8.0000,26.0,4.2500,93.8125,87.8750,3,3,3,3
3986198752,-0.5800,9.7500,0.7100,-1.0625,-0.3750,-1.8750,55.5000,-41.7500,-9.1875,26.0,4.2500,93.8125,87.8750,3,3,3,3
3986208752,-0.6400,9.6800,0.6200,-1.3750,-0.3125,-1.5625,55.5000,-41.7500,-9.1875,26.0,4.2500,93.8125,87.8750,3,3,3,3
3986218752,-0.6600,9.6700,0.6200,-0.6875,0.4375,-1.6250,55.5000,-41.7500,-9.1875,26.0,4.2500,93.8125,87.8125,3,3,3,3
3986228752,-0.6000,9.7000,0.6600,-0.5625,0.5000,-1.0625,55.5000,-41.7500,-9.1875,26.0,4.1875,93.8125,87.8125,3,3,3,3
3986238752,-0.5800,9.6200,0.6200,-0.5000,0.1875,-0.3750,55.5000,-41.7500,-9.1875,26.0,4.1875,93.8125,87.8125,3,3,3,3
3986248752,-0.6300,9.5300,0.5300,0.3750,0.2500,-0.5625,57.2500,-41.0000,-8.0000,26.0,4.1875,93.8125,87.8125,3,3,3,3
3986258752,-0.5800,9.6200,0.5300,0.7500,0.3750,-0.8125,57.2500,-41.0000,-8.0000,26.0,4.1875,93.8125,87.8125,3,3,3,3
3986268752,-0.5800,9.5500,0.5500,1.8750,0.4375,-0.7500,57.2500,-41.0000,-8.0000,26.0,4.1875,93.8125,87.8125,3,3,3,3
3986278752,-0.6500,9.5800,0.5500,2.5625,0.4375,-1.1875,57.2500,-41.0000,-8.0000,26.0,4.1875,93.8750,87.7500,3,3,3,3
3986288752,-0.6200,9.6200,0.5700,2.7500,0.5625,-1.8125,57.2500,-41.0000,-8.0000,26.0,4.1250,93.8750,87.7500,3,3,3,3
3986298752,-0.6000,9.7000,0.6200,2.7500,0.5625,-1.8125,57.2500,-41.0000,-8.0000,26.0,4.1250,93.8750,87.7500,3,3,3,3
3986308752,-0.6200,9.7100,0.7400,2.5625,0.8750,-2.0625,57.2500,-39.5625,-9.5625,26.0,4.1250,93.8750,87.7500,3,3,3,3
3986318752,-0.5900,9.6900,0.7600,-0.7500,0.1250,-1.6250,57.2500,-39.5625,-9.5625,26.0,4.0625,93.8750,87.6875,3,3,3,3
3986328752,-0.5800,9.6600,0.5900,-1.0000,-0.3125,-1.0000,57.2500,-39.5625,-9.5625,26.0,4.0625,93.8750,87.6875,3,3,3,3
3986338752,-0.5700,9.5900,0.5900,1.1250,-0.3125,-0.8750,57.2500,-39.5625,-9.5625,26.0,4.0625,93.8750,87.6875,3,3,3,3
3986348752,-0.6000,9.5700,0.5300,1.1250,-0.3125,-0.8750,57.2500,-39.5625,-9.5625,26.0,4.0625,93.8750,87.6875,3,3,3,3
3986358752,-0.6000,9.6700,0.6200,3.9375,-0.0000,-1.4375,56.8750,-41.7500,-8.5000,26.0,4.0625,93.9375,87.6250,3,3,3,3
3986368752,-0.6000,9.6600,0.6900,6.0625,1.0625,-2.0000,56.8750,-41.7500,-8.5000,26.0,4.0000,94.0625,87.6250,3,3,3,3
3986378752,-0.5400,9.6900,0.6400,5.3750,0.3750,-1.3750,56.8750,-41.7500,-8.5000,26.0,4.0000,94.1250,87.5625,3,3,3,3
3986388752,-0.6100,9.6600,0.5700,5.1875,0.1875,-0.5000,56.8750,-41.7500,-8.5000,26.0,4.0000,94.1875,87.6250,3,3,3,3
3986398752,-0.6500,9.6400,0.8000,5.1875,0.1875,-0.5000,56.8750,-41.7500,-8.5000,26.0,4.0000,94.1875,87.6250,3,3,3,3
3986408752,-0.5200,9.7300,0.6600,3.1250,0.3750,-1.6250,56.5625,-41.7500,-8.8750,26.0,4.0000,94.1875,87.5625,3,3,3,3
3986418752,-0.5600,9.7300,0.6600,0.8125,-0.1875,-1.6250,56.5625,-41.7500,-8.8750,26.0,3.9375,94.1875,87.5625,3,3,3,3
3986428752,-0.5800,9.6900,0.7000,0.4375,-0.1250,-1.5625,56.5625,-41.7500,-8.8750,26.0,3.9375,94.1875,87.5000,3,3,3,3
3986438752,-0.5600,9.6200,0.6500,0.5625,-0.0625,-1.7500,56.5625,-41.7500,-8.8750,26.0,3.8750,94.1875,87.5000,3,3,3,3
3986448752,-0.4800,9.7000,0.7900,0.5625,-0.0625,-1.7500,56.5625,-41.7500,-8.8750,26.0,3.8750,94.1875,87.5000,3,3,3,3
3986458752,-0.5400,9.7500,0.7600,1.3125,-0.2500,-1.5625,56.5625,-41.0000,-8.7500,26.0,3.8750,94.2500,87.5000,3,3,3,3
3986468752,-0.5700,9.7300,0.7400,1.1250,-0.3750,-0.8750,56.5625,-41.0000,-8.7500,26.0,3.8750,94.2500,87.5000,3,3,3,3
3986478752,-0.5800,9.6500,0.7100,0.3125,-0.1875,-0.3750,56.5625,-41.0000,-8.7500,26.0,3.8750,94.2500,87.5000,3,3,3,3
3986488752,-0.6400,9.6000,0.6200,-0.1250,-0.3125,0.5625,56.5625,-41.0000,-8.7500,26.0,3.8750,94.2500,87.5000,3,3,3,3
3986498752,-0.6400,9.5600,0.5300,-0.1250,-0.5625,0.5000,56.5625,-41.0000,-8.7500,26.0,3.8750,94.2500,87.5000,3,3,3,3
3986508752,-0.5500,9.6000,0.6400,0.1875,-1.1250,0.3750,56.1875,-41.7500,-9.1875,26.0,3.8750,94.2500,87.5000,3,3,3,3
3986518752,-0.5600,9.6300,0.6300,-0.0000,-1.0625,0.2500,56.1875,-41.7500,-9.1875,26.0,3.8750,94.2500,87.5000,3,3,3,3
3986528752,-0.5900,9.6400,0.6500,-0.0000,-1.0625,0.1875,56.1875,-41.7500,-9.1875,26.0,3.8750,94.2500,87.5000,3,3,3,3
3986538752,-0.5500,9.6300,0.7400,0.8125,-0.7500,0.5625,56.1875,-41.7500,-9.1875,26.0,3.8750,94.2500,87.5000,3,3,3,3
3986548752,-0.5600,9.5400,0.6300,1.0000,-0.8125,0.6875,56.1875,-41.7500,-9.1875,26.0,3.8750,94.2500,87.5000,3,3,3,3
3986558752,-0.5900,9.5800,0.6300,0.8750,-0.3750,0.8125,56.8750,-42.1875,-9.5625,26.0,3.8750,94.2500,87.5625,3,3,3,3
3986568752,-0.5800,9.5400,0.6400,1.2500,-0.1250,0.3750,56.8750,-42.1875,-9.5625,26.0,3.8750,94.3125,87.5625,3,3,3,3
3986578752,-0.4800,9.6700,0.7100,2.4375,0.3125,-0.4375,56.8750,-42.1875,-9.5625,26.0,3.8750,94.3125,87.5625,3,3,3,3
3986588752,-0.6500,9.6400,0.8800,3.3125,0.5000,-0.5000,56.8750,-42.1875,-9.5625,26.0,3.8750,94.3750,87.5625,3,3,3,3
3986598752,-0.6500,9.6400,0.8100,3.3125,0.5000,0.8750,56.8750,-42.1875,-9.5625,26.0,3.8750,94.3750,87.5625,3,3,3,3
3986608752,-0.5800,9.6600,0.6800,1.3125,0.8125,0.5625,55.8750,-41.3750,-8.0000,26.0,3.8750,94.3750,87.5625,3,3,3,3
3986618752,-0.6000,9.6200,0.6900,-0.2500,0.3750,0.5000,55.8750,-41.3750,-8.0000,26.0,3.8750,94.3125,87.5625,3,3,3,3
3986628752,-0.6100,9.6400,0.6700,-1.8125,-0.5000,0.8750,55.8750,-41.3750,-8.0000,26.0,3.9375,94.3125,87.5625,3,3,3,3
3986638752,-0.6000,9.5900,0.5700,-3.6875,-1.1875,0.8125,55.8750,-41.3750,-8.0000,26.0,3.9375,94.2500,87.5625,3,3,3,3
3986648752,-0.5900,9.6700,0.5800,-3.5625,-1.6875,0.5000,55.8750,-41.3750,-8.0000,26.0,3.9375,94.2500,87.5625,3,3,3,3
3986658752,-0.5200,9.6700,0.7000,-0.6875,-1.6875,-0.0625,56.5625,-41.7500,-8.7500,26.0,3.9375,94.2500,87.6250,3,3,3,3
3986668752,-0.5500,9.5300,0.7800,1.1250,-1.7500,-0.0000,56.5625,-41.7500,-8.7500,26.0,3.9375,94.3125,87.6250,3,3,3,3
3986678752,-0.5700,9.5200,0.7800,1.6250,-1.1875,0.5625,56.5625,-41.7500,-8.7500,26.0,3.9375,94.3125,87.6250,3,3,3,3
3986688752,-0.6000,9.5600,0.6900,1.1875,-1.1875,0.0625,56.5625,-41.7500,-8.7500,26.0,3.9375,94.3125,87.6250,3,3,3,3
3986698752,-0.6500,9.5600,0.5800,-0.3750,-0.6875,-0.0625,56.5625,-41.7500,-8.7500,26.0,3.9375,94.3125,87.6250,3,3,3,3
3986708752,-0.6500,9.6400,0.6200,-3.5625,-1.0000,-0.4375,55.8750,-42.1875,-8.8750,26.0,3.9375,94.2500,87.6875,3,3,3,3
3986718752,-0.5900,9.6200,0.6700,-3.5625,-1.0000,-0.4375,55.8750,-42.1875,-8.8750,26.0,3.9375,94.1875,87.6875,3,3,3,3
3986728752,-0.5800,9.5900,0.6100,-4.6250,-1.3750,-0.4375,55.8750,-42.1875,-8.8750,26.0,3.9375,94.1250,87.6875,3,3,3,3
3986738752,-0.5300,9.6700,0.6500,-4.6250,-1.5000,-1.0000,55.8750,-42.1875,-8.8750,26.0,3.8750,94.0625,87.6875,3,3,3,3
3986748752,-0.5700,9.6200,0.7100,-4.4375,-1.6250,-1.0625,55.8750,-42.1875,-8.8750,26.0,3.8750,94.0625,87.6875,3,3,3,3
3986758752,-0.5600,9.5700,0.7100,-5.9375,-1.5000,-0.5625,55.8750,-41.3750,-8.8750,26.0,3.8750,94.0625,87.6875,3,3,3,3
3986768752,-0.5500,9.5400,0.6700,-7.6875,-1.6875,-0.5000,55.8750,-41.3750,-8.8750,26.0,3.8750,93.8750,87.7500,3,3,3,3
3986778752,-0.5200,9.5500,0.7700,-10.5625,-1.6250,-0.3750,55.8750,-41.3750,-8.8750,26.0,3.8750,93.6875,87.7500,3,3,3,3
3986788752,-0.5100,9.4600,0.6800,-14.5625,-1.7500,-0.1875,55.8750,-41.3750,-8.8750,26.0,3.8750,93.5625,87.7500,3,3,3,3
3986798752,-0.4800,9.3600,0.5700,-17.1875,-2.0000,-0.6875,55.8750,-41.3750,-8.8750,26.0,3.8750,93.5625,87.7500,3,3,3,3
3986808752,-0.5000,9.5800,0.4900,-18.7500,-1.9375,-1.0000,56.1875,-41.3750,-8.0000,26.0,3.8750,93.3750,87.7500,3,3,3,3
3986818752,-0.5600,9.5200,0.4300,-18.6250,-1.3125,-1.3750,56.1875,-41.3750,-8.0000,26.0,3.8750,93.1875,87.6875,3,3,3,3
3986828752,-0.5300,9.5300,0.4400,-16.5000,-0.6250,-2.7500,56.1875,-41.3750,-8.0000,26.0,3.8125,92.8750,87.6250,3,3,3,3
3986838752,-0.4900,9.6200,0.5300,-14.9375,-0.7500,-3.8750,56.1875,-41.3750,-8.0000,26.0,3.7500,92.6875,87.6250,3,3,3,3
3986848752,-0.6600,9.6600,0.6100,-15.9375,-0.7500,-3.8125,56.1875,-41.3750,-8.0000,26.0,3.7500,92.6875,87.6250,3,3,3,3
3986858752,-0.6300,9.7400,0.7000,-20.6875,-0.2500,-3.9375,56.8750,-41.3750,-8.0000,26.0,3.7500,92.5000,87.5625,3,3,3,3
3986868752,-0.5800,9.7200,0.8900,-30.1250,0.3750,-3.8750,56.8750,-41.3750,-8.0000,26.0,3.6875,91.8125,87.4375,3,3,3,3
3986878752,-0.4600,9.8800,1.0100,-44.1250,1.3125,-2.9375,56.8750,-41.3750,-8.0000,26.0,3.6250,91.2500,87.3750,3,3,3,3
3986888752,-0.4300,9.4300,0.1200,-54.6250,0.7500,-1.4375,56.8750,-41.3750,-8.0000,26.0,3.6250,90.6875,87.3125,3,3,3,3
3986898752,-0.4700,9.4500,-0.1500,-57.6250,-0.7500,-2.0000,56.8750,-41.3750,-8.0000,26.0,3.6250,90.6875,87.3125,3,3,3,3
3986908752,-0.6200,9.5300,-0.3600,-58.1875,-1.8750,-2.3125,56.1875,-42.5000,-7.2500,26.0,3.6250,90.1250,87.3125,3,3,3,3
3986918752,-0.6700,9.8000,-0.1800,-61.6875,-2.8125,-0.2500,56.1875,-42.5000,-7.2500,26.0,3.6250,88.8750,87.3125,3,3,3,3
3986928752,-0.6000,9.6700,0.0500,-69.6875,-3.0000,2.5000,56.1875,-42.5000,-7.2500,26.0,3.6875,88.1250,87.3125,3,3,3,3
3986938752,-0.4800,9.5100,-0.1500,-76.3750,-4.5000,3.3750,56.1875,-42.5000,-7.2500,26.0,3.6875,87.3750,87.3750,3,3,3,3
3986948752,-0.5200,9.4400,-0.3800,-76.5625,-6.8750,2.6250,56.1875,-42.5000,-7.2500,26.0,3.6875,87.3750,87.3750,3,3,3,3
3986958752,-0.6600,9.4800,-0.7800,-74.0000,-8.1250,-0.1875,56.1875,-44.0000,-4.8750,26.0,3.6875,86.6875,87.4375,3,3,3,3
3986968752,-0.8100,9.4300,-0.8900,-72.6875,-7.6250,-2.7500,56.1875,-44.0000,-4.8750,26.0,3.6250,85.9375,87.4375,3,3,3,3
3986978752,-0.7200,9.3100,-1.0500,-74.4375,-6.0625,-5.0625,56.1875,-44.0000,-4.8750,26.0,3.5000,84.5000,87.3125,3,3,3,3
3986988752,-0.8300,9.1000,-1.1000,-75.6250,-5.4375,-8.8750,56.1875,-44.0000,-4.8750,26.0,3.3750,83.6875,87.1875,3,3,3,3
3986998752,-0.4700,9.8700,-1.1900,-80.2500,-4.1875,-13.7500,56.1875,-44.0000,-4.8750,26.0,3.3750,83.6875,87.1875,3,3,3,3
3987008752,-0.2200,10.0500,-1.4000,-102.5000,7.5000,-14.1875,56.8750,-42.8750,-1.7500,26.0,3.2500,82.7500,87.0000,3,3,3,3
3987018752,0.3000,9.9000,-0.9300,-123.6250,16.8125,-8.5625,56.8750,-42.8750,-1.7500,26.0,3.1875,80.3125,86.5000,3,3,3,3
3987028752,0.1200,9.6600,-0.9700,-129.5625,13.7500,-2.5000,56.8750,-42.8750,-1.7500,26.0,3.1875,79.0625,86.3750,3,3,3,3
3987038752,-0.1300,9.3700,-2.2400,-125.6875,7.6875,-0.1250,56.8750,-42.8750,-1.7500,26.0,3.1875,78.0000,86.3125,3,3,3,3
3987048752,-0.3900,9.1400,-2.6600,-114.8125,6.1875,-0.4375,56.8750,-42.8750,-1.7500,26.0,3.1875,78.0000,86.3125,3,3,3,3
3987058752,-0.6900,9.0300,-2.7300,-100.3750,4.1875,-3.8125,56.1875,-45.3750,1.0000,26.0,3.1875,77.0000,86.1875,3,3,3,3
3987068752,-0.7700,9.0100,-2.8700,-88.5000,2.4375,-8.7500,56.1875,-45.3750,1.0000,26.0,3.1250,76.1250,86.0625,3,3,3,3
3987078752,-0.5800,9.0200,-2.2800,-83.1875,1.6250,-12.3125,56.1875,-45.3750,1.0000,26.0,2.8750,74.5000,85.7500,3,3,3,3
3987088752,-0.9000,8.8000,-2.0200,-86.1875,-0.6875,-14.2500,56.1875,-45.3750,1.0000,26.0,2.6875,73.5625,85.5625,3,3,3,3
3987098752,-0.8900,8.5700,-2.0700,-98.4375,-4.5625,-16.9375,56.1875,-45.3750,1.0000,26.0,2.6875,73.5625,85.5625,3,3,3,3
3987108752,-0.6000,8.0300,-2.6100,-113.5000,-8.5000,-19.4375,56.1875,-45.7500,5.1875,26.0,2.5000,72.4375,85.3750,3,3,3,3
3987118752,-0.7800,7.8600,-2.7900,-125.5000,-13.1250,-23.5000,56.1875,-45.7500,5.1875,26.0,2.2500,71.2500,85.2500,3,3,3,3
3987128752,-0.0700,7.9400,-2.7300,-136.8125,-16.1250,-29.9375,56.1875,-45.7500,5.1875,26.0,1.5625,68.5000,84.8125,3,3,3,3
3987138752,0.2600,8.1600,-2.6000,-144.8750,-21.0625,-32.1250,56.1875,-45.7500,5.1875,26.0,1.1875,67.0625,84.6875,3,3,3,3
3987148927,0.4200,8.3400,-3.4000,-146.8125,-27.2500,-31.3125,56.1875,-45.7500,5.1875,26.0,1.1875,67.0625,84.6875,3,3,3,3
3987158927,0.2200,8.7200,-3.3600,-144.1250,-28.5000,-30.6250,56.1875,-45.7500,10.2500,26.0,0.7500,65.6875,84.6250,3,3,3,3
3987168927,0.0900,8.4700,-2.7400,-153.0000,-31.9375,-36.0000,56.1875,-45.7500,10.2500,26.0,0.3125,64.1875,84.4375,3,3,3,3
3987178927,-0.0900,9.0000,-4.4400,-155.8125,-41.3750,-45.1875,56.1875,-45.7500,10.2500,26.0,-0.7500,61.3750,84.0625,3,3,3,3
3987188927,0.2100,10.0200,-5.6400,-136.7500,-38.0000,-46.6875,56.1875,-45.7500,10.2500,26.0,-1.2500,60.2500,83.8125,3,3,3,3
3987199302,0.2600,9.3500,-5.5000,-116.3750,-28.6250,-44.0000,56.1875,-45.7500,10.2500,26.0,-1.2500,60.2500,83.8125,3,3,3,3
3987209302,0.2600,8.2300,-5.6300,-101.1250,-24.5000,-42.9375,54.6875,-46.0625,15.2500,26.0,-1.7500,59.2500,83.5000,3,3,3,3
3987219302,-0.0100,7.2300,-5.4200,-91.3125,-28.3750,-46.7500,54.6875,-46.0625,15.2500,26.0,-2.9375,57.5000,82.9375,3,3,3,3
3987229302,0.7700,6.6700,-4.8600,-92.4375,-34.2500,-56.6875,54.6875,-46.0625,15.2500,26.0,-3.6250,56.5000,82.5000,3,3,3,3
3987239355,1.1200,6.8500,-4.5100,-105.8125,-39.1250,-64.8125,54.6875,-46.0625,15.2500,26.0,-4.4375,55.2500,82.1875,3,3,3,3
3987249613,1.2500,7.1300,-4.6000,-125.7500,-45.1875,-67.5625,54.6875,-46.0625,15.2500,26.0,-4.4375,55.2500,82.1875,3,3,3,3
3987259613,1.1600,7.9600,-5.1900,-141.1250,-50.5625,-65.5000,53.2500,-47.5625,22.6875,26.0,-5.2500,53.8750,81.8750,3,3,3,3
3987269613,1.1700,8.4100,-5.6100,-154.0000,-54.1875,-62.1875,53.2500,-47.5625,22.6875,26.0,-6.8125,50.8125,81.3750,3,3,3,3
3987279676,1.3000,8.3600,-6.0500,-166.7500,-54.1250,-59.6875,53.2500,-47.5625,22.6875,26.0,-7.5625,49.1250,81.1875,3,3,3,3
3987289744,1.5500,8.1700,-6.3100,-170.6875,-56.8750,-58.0000,53.2500,-47.5625,22.6875,26.0,-8.3750,47.5625,81.0625,3,3,3,3
3987300022,2.0600,7.3400,-7.5300,-168.4375,-61.0000,-55.2500,53.2500,-47.5625,22.6875,26.0,-8.3750,47.5625,81.0625,3,3,3,3
3987310022,2.2400,6.6000,-7.7900,-162.3750,-60.7500,-52.1250,49.6875,-49.0000,30.5000,26.0,-9.1250,46.0000,80.9375,3,3,3,3
3987320022,2.3000,6.2700,-7.6000,-152.3125,-58.6250,-50.8750,49.6875,-49.0000,30.5000,26.0,-10.6250,43.1250,80.7500,3,3,3,3
3987330022,2.1700,5.9100,-7.3400,-146.2500,-58.0625,-50.1250,49.6875,-49.0000,30.5000,26.0,-11.3750,41.6875,80.6250,3,3,3,3
3987340022,2.3800,5.7300,-7.0200,-149.0625,-59.1875,-50.1875,49.6875,-49.0000,30.5000,26.0,-12.1250,40.1250,80.5625,3,3,3,3
3987350260,2.5500,5.5900,-6.7800,-161.3125,-61.5000,-48.5625,49.6875,-49.0000,30.5000,26.0,-12.1250,40.1250,80.5625,3,3,3,3
3987360260,2.7800,5.5000,-6.6400,-179.3125,-65.4375,-46.6250,46.8750,-47.8750,38.0625,26.0,-12.9375,38.3750,80.5625,3,3,3,3
3987370260,2.9200,5.3000,-7.0000,-199.4375,-68.0625,-45.5625,46.8750,-47.8750,38.0625,26.0,-14.5000,34.4375,80.6250,3,3,3,3
3987380276,2.6800,5.3600,-8.1800,-210.5625,-69.6250,-46.8125,46.8750,-47.8750,38.0625,26.0,-15.3750,32.4375,80.6250,3,3,3,3
3987390276,2.7500,5.2900,-8.8700,-203.5625,-71.5625,-50.7500,46.8750,-47.8750,38.0625,26.0,-16.2500,30.6875,80.5625,3,3,3,3
3987400468,2.9000,5.0900,-8.9600,-181.7500,-74.3750,-55.2500,46.8750,-47.8750,38.0625,26.0,-16.2500,30.6875,80.5625,3,3,3,3
3987410468,3.6200,4.3700,-9.1600,-156.8125,-77.6875,-56.2500,44.0625,-43.8750,44.5000,26.0,-17.1875,29.1250,80.4375,3,3,3,3
3987420468,3.5800,4.3100,-8.9000,-133.8125,-81.9375,-53.0000,44.0625,-43.8750,44.5000,26.0,-19.1250,26.6250,80.2500,3,3,3,3
3987430468,3.2800,4.7000,-8.8400,-119.2500,-84.9375,-51.9375,44.0625,-43.8750,44.5000,26.0,-20.0625,25.5000,80.0625,3,3,3,3
3987440628,3.0800,5.0500,-8.8500,-111.0625,-84.5625,-54.1875,44.0625,-43.8750,44.5000,26.0,-21.0000,24.4375,79.8750,3,3,3,3
3987450790,3.5400,4.5700,-9.1700,-104.2500,-81.5000,-56.6250,44.0625,-43.8750,44.5000,26.0,-21.0000,24.4375,79.8750,3,3,3,3
3987460790,3.7200,4.1900,-9.0100,-89.6875,-78.3125,-57.3750,39.3750,-38.5625,51.3750,26.0,-21.9375,23.5000,79.6875,3,3,3,3
3987470790,3.8400,3.9700,-8.6200,-71.0625,-78.4375,-57.7500,39.3750,-38.5625,51.3750,26.0,-23.8125,22.0625,79.0625,3,3,3,3
3987480790,3.7700,3.8100,-8.4400,-54.9375,-80.9375,-59.6875,39.3750,-38.5625,51.3750,26.0,-24.7500,21.5625,78.6875,3,3,3,3
3987490790,4.3000,3.8700,-8.2700,-43.6875,-81.1875,-64.3750,39.3750,-38.5625,51.3750,26.0,-25.6875,21.0625,78.2500,3,3,3,3
3987500976,4.5000,3.8700,-8.2800,-35.3125,-77.6250,-67.5625,39.3750,-38.5625,51.3750,26.0,-25.6875,21.0625,78.2500,3,3,3,3
3987510976,4.5100,3.8600,-8.4200,-30.3750,-73.9375,-69.0000,33.5000,-35.0625,56.0000,26.0,-26.6250,20.5625,77.8125,3,3,3,3
3987520976,4.5000,3.4300,-8.5200,-26.4375,-72.7500,-67.2500,33.5000,-35.0625,56.0000,26.0,-28.3750,19.7500,76.8750,3,3,3,3
3987530976,5.0800,2.9700,-8.2800,-21.5000,-72.9375,-63.1250,33.5000,-35.0625,56.0000,26.0,-29.1875,19.3750,76.5000,3,3,3,3
3987540976,5.2900,2.9500,-8.3400,-21.1875,-73.3750,-56.5625,33.5000,-35.0625,56.0000,26.0,-30.0625,19.0000,76.1875,3,3,3,3
3987551261,5.1600,2.9400,-8.7200,-29.0625,-74.2500,-48.4375,33.5000,-35.0625,56.0000,26.0,-30.0625,19.0000,76.1875,3,3,3,3
3987561261,5.0400,3.1200,-8.3600,-35.3750,-74.3750,-41.7500,28.0000,-34.5000,58.1875,26.0,-30.8750,18.5625,76.0000,3,3,3,3
3987571261,5.5500,4.1300,-9.6000,-40.3125,-73.7500,-37.1250,28.0000,-34.5000,58.1875,26.0,-32.3750,17.6250,75.8125,3,3,3,3
3987581261,4.9500,2.8500,-8.6400,-41.8750,-68.0625,-27.5000,28.0000,-34.5000,58.1875,26.0,-33.0625,17.2500,75.7500,3,3,3,3
3987591261,5.3500,1.0300,-6.5100,-35.1875,-66.6875,-26.3750,28.0000,-34.5000,58.1875,26.0,-33.8750,17.0000,75.5625,3,3,3,3
3987601348,5.7600,2.9200,-6.4000,-21.8750,-77.6250,-35.7500,28.0000,-34.5000,58.1875,26.0,-33.8750,17.0000,75.5625,3,3,3,3
3987611348,5.9700,2.5600,-7.0000,-11.4375,-85.9375,-36.7500,23.5625,-34.2500,59.7500,26.0,-34.7500,16.8125,75.3750,3,3,3,3
3987621348,5.6000,2.6200,-7.5000,-6.3750,-87.1250,-36.3750,23.5625,-34.2500,59.7500,26.0,-36.5625,16.5625,74.9375,3,3,3,3
3987631418,5.6500,2.5200,-7.5500,-5.6250,-82.6250,-37.1875,23.5625,-34.2500,59.7500,26.0,-37.3750,16.3125,74.6875,3,3,3,3
3987641418,6.1600,2.6300,-8.3000,-10.1875,-78.3750,-37.1875,23.5625,-34.2500,59.7500,26.0,-38.1875,16.1250,74.5000,3,3,3,3
3987651696,5.7800,2.4100,-9.6700,-15.6875,-74.3750,-33.9375,23.5625,-34.2500,59.7500,26.0,-38.1875,16.1250,74.5000,3,3,3,3
3987661696,6.0100,1.4200,-6.9600,-12.6875,-64.0625,-33.5625,18.0000,-33.1875,61.3750,26.0,-38.8750,15.8750,74.3125,3,3,3,3
3987671696,6.6500,2.0000,-6.4500,-7.2500,-68.1875,-39.3750,18.0000,-33.1875,61.3750,26.0,-40.3750,15.1875,73.8750,3,3,3,3
3987681696,6.5700,3.2100,-7.2300,-34.0000,-72.3750,-35.9375,18.0000,-33.1875,61.3750,26.0,-41.0625,13.8125,74.0625,3,3,3,3
3987691696,6.4600,3.5900,-8.4900,-128.1875,-65.8125,-34.1875,18.0000,-33.1875,61.3750,26.0,-41.5000,10.8125,74.7500,3,3,3,3
3987702041,6.0800,-1.1900,-9.7400,-279.6250,-39.3125,-40.1875,18.0000,-33.1875,61.3750,26.0,-41.5000,10.8125,74.7500,3,3,3,3
3987712041,6.1500,1.6400,-7.4200,-147.5625,-42.3750,-53.2500,13.0000,-32.6875,61.7500,26.0,-42.0000,9.0000,74.8125,3,3,3,3
3987722041,6.7500,1.3600,-5.8300,-39.8750,-59.6250,-48.5625,13.0000,-32.6875,61.7500,26.0,-43.3750,7.6250,74.2500,3,3,3,3
3987732041,6.7800,1.4700,-6.1600,-34.5625,-70.1875,-49.8750,13.0000,-32.6875,61.7500,26.0,-44.1875,7.1875,73.9375,3,3,3,3
3987742041,6.6900,1.5500,-6.4600,-13.3750,-80.1875,-39.8125,13.0000,-32.6875,61.7500,26.0,-45.0625,6.8750,73.6250,3,3,3,3
3987752134,6.8000,1.3600,-6.4600,-5.3750,-83.5000,-36.9375,13.0000,-32.6875,61.7500,26.0,-45.0625,6.8750,73.6250,3,3,3,3
3987762134,7.2500,1.4800,-6.4000,2.1875,-84.9375,-37.0625,27.0000,-27.5000,56.2500,26.0,-45.9375,6.6250,73.3125,3,3,3,3
3987772134,7.2400,1.5400,-6.0800,6.6250,-86.6250,-36.6875,27.0000,-27.5000,56.2500,26.0,-47.6875,6.2500,72.6875,3,3,3,3
3987782134,7.1100,1.3400,-6.4500,6.0625,-89.5000,-32.6875,27.0000,-27.5000,56.2500,26.0,-48.6250,6.1250,72.4375,3,3,3,3
3987792134,7.3500,1.1200,-6.9100,4.3750,-92.0625,-28.6875,27.0000,-27.5000,56.2500,26.0,-49.5000,6.0000,72.1875,3,3,3,3
3987802313,7.4900,0.6800,-7.6100,4.9375,-93.8125,-25.6875,27.0000,-27.5000,56.2500,26.0,-49.5000,6.0000,72.1875,3,3,3,3
3987812313,8.0100,0.9200,-7.5400,4.2500,-86.7500,-23.5000,21.6875,-27.1875,55.2500,26.0,-50.3750,5.8750,71.9375,3,3,3,3
3987822313,8.2400,0.9900,-7.1800,0.1250,-76.0000,-16.3750,21.6875,-27.1875,55.2500,26.0,-51.7500,5.6875,71.8125,3,3,3,3
3987832313,7.6100,0.9300,-6.8200,-3.6875,-65.0000,-7.1250,21.6875,-27.1875,55.2500,26.0,-52.2500,5.6875,71.8125,3,3,3,3
3987842313,7.7100,1.1800,-6.5900,-4.5625,-51.5625,-4.1875,21.6875,-27.1875,55.2500,26.0,-52.6250,5.6875,71.8125,3,3,3,3
3987852313,7.7300,1.0000,-6.9000,-4.5000,-39.5000,-0.9375,21.6875,-27.1875,55.2500,26.0,-52.6250,5.6875,71.8125,3,3,3,3
3987862313,7.4300,0.6200,-6.9600,-2.5625,-29.0625,1.5000,16.0625,-26.8750,55.1875,26.0,-52.9375,5.6875,71.8750,3,3,3,3
3987872313,7.5400,0.7500,-6.5600,-1.3750,-18.6250,-0.8125,16.0625,-26.8750,55.1875,26.0,-53.2500,5.6875,71.8125,3,3,3,3
3987882313,7.5900,0.6100,-6.3100,0.3750,-13.0625,-3.8125,16.0625,-26.8750,55.1875,26.0,-53.3750,5.6875,71.7500,3,3,3,3
3987892313,7.6200,0.6600,-6.0600,5.8750,-12.8125,-5.1875,16.0625,-26.8750,55.1875,26.0,-53.5000,5.6875,71.6250,3,3,3,3
3987902404,7.9000,1.2300,-5.2300,11.5000,-14.5625,-7.1250,16.0625,-26.8750,55.1875,26.0,-53.5000,5.6875,71.6250,3,3,3,3
3987912404,7.6000,0.8700,-5.4500,13.0625,-18.0000,-5.4375,13.5000,-25.3750,54.1875,26.0,-53.6875,5.8125,71.5625,3,3,3,3
3987922404,7.4500,0.8200,-5.4700,14.5625,-21.3125,-4.6250,13.5000,-25.3750,54.1875,26.0,-54.1250,5.9375,71.3125,3,3,3,3
3987932548,7.6000,0.8900,-5.4400,11.6875,-22.1250,-7.4375,13.5000,-25.3750,54.1875,26.0,-54.3125,5.9375,71.1875,3,3,3,3
3987942628,7.7900,1.0000,-5.3500,4.9375,-21.2500,-8.9375,13.5000,-25.3750,54.1875,26.0,-54.5625,5.8125,71.1250,3,3,3,3
3987952929,7.9300,0.8400,-5.6000,-3.2500,-19.5625,-8.4375,13.5000,-25.3750,54.1875,26.0,-54.5625,5.8125,71.1250,3,3,3,3
3987962929,7.9200,0.8600,-5.9000,-14.6875,-18.3750,-5.9375,11.6875,-26.0000,54.0625,26.0,-54.6875,5.5625,71.1875,3,3,3,3
3987972929,7.7400,1.0300,-6.0000,-24.4375,-17.5625,-2.6250,11.6875,-26.0000,54.0625,26.0,-55.0625,5.0625,71.4375,3,3,3,3
3987982929,7.9600,1.1000,-6.3300,-32.9375,-17.5000,0.1875,11.6875,-26.0000,54.0625,26.0,-55.2500,4.7500,71.6875,3,3,3,3
3987992929,7.8500,1.2500,-6.5000,-35.5000,-19.1875,3.3750,11.6875,-26.0000,54.0625,26.0,-55.3750,4.5000,71.9375,3,3,3,3
3988003040,7.6700,1.1800,-6.6300,-36.3750,-17.3125,5.9375,11.6875,-26.0000,54.0625,26.0,-55.3750,4.5000,71.9375,3,3,3,3
3988013040,7.7900,1.0500,-6.8200,-38.1250,-9.3125,5.7500,10.7500,-25.0000,54.3750,26.0,-55.5000,4.2500,72.1875,3,3,3,3
3988023040,7.8100,0.9600,-6.7800,-33.5625,1.4375,3.0000,10.7500,-25.0000,54.3750,26.0,-55.3750,3.7500,72.5000,3,3,3,3
3988033040,7.7900,1.1200,-6.3500,-24.6250,11.0000,0.8750,10.7500,-25.0000,54.3750,26.0,-55.1875,3.5625,72.6250,3,3,3,3
3988043228,7.8200,1.0300,-6.1200,-21.3125,16.2500,2.2500,10.7500,-25.0000,54.3750,26.0,-55.0625,3.3750,72.8125,3,3,3,3
3988053421,7.8000,0.4200,-6.0600,-23.9375,16.0000,7.3750,10.7500,-25.0000,54.3750,26.0,-55.0625,3.3750,72.8125,3,3,3,3
3988063421,7.9000,0.3000,-5.9100,-24.2500,14.1875,11.8125,9.0625,-23.0625,55.0625,26.0,-54.8750,3.3125,73.0625,3,3,3,3
3988073421,7.8900,0.4400,-5.4100,-19.1875,16.0000,12.9375,9.0625,-23.0625,55.0625,26.0,-54.5625,3.2500,73.4375,3,3,3,3
3988083444,7.8800,0.3800,-5.1400,-15.5625,18.7500,9.7500,9.0625,-23.0625,55.0625,26.0,-54.3750,3.1875,73.5625,3,3,3,3
3988093444,7.6000,0.1600,-4.7900,-13.3750,20.0000,5.9375,9.0625,-23.0625,55.0625,26.0,-54.1875,3.1250,73.6250,3,3,3,3
3988103531,7.5700,0.7200,-5.1100,-8.7500,19.1250,2.8750,9.0625,-23.0625,55.0625,26.0,-54.1875,3.1250,73.6250,3,3,3,3
3988113531,7.3900,0.5700,-5.6100,-8.3125,18.2500,1.0625,11.1875,-22.0000,55.5000,26.0,-54.0000,3.0625,73.6875,3,3,3,3
3988123531,8.1400,1.0900,-5.5900,-9.5625,18.5625,0.6875,11.1875,-22.0000,55.5000,26.0,-53.6250,2.9375,73.8125,3,3,3,3
3988133706,8.2400,1.7200,-5.3200,-9.0000,16.5625,5.8750,11.1875,-22.0000,55.5000,26.0,-53.5000,3.0000,74.0625,3,3,3,3
3988143706,7.6800,1.3200,-5.4700,-16.8750,14.3750,18.9375,11.1875,-22.0000,55.5000,26.0,-53.3750,3.1250,74.5625,3,3,3,3
3988153992,8.3400,2.1000,-5.8800,-31.5625,14.6875,31.8125,11.1875,-22.0000,55.5000,26.0,-53.3750,3.1250,74.5625,3,3,3,3
3988163992,7.2600,0.9200,-6.5700,-39.3750,18.8125,38.5000,10.6875,-21.1875,55.5000,26.0,-53.1250,3.1875,75.1250,3,3,3,3
3988173992,6.9100,-1.1200,-6.1800,-34.8125,23.6250,32.3750,10.6875,-21.1875,55.5000,26.0,-52.6875,3.1875,75.8125,3,3,3,3
3988183992,7.6300,-0.6400,-5.7600,-25.2500,22.6250,13.5625,10.6875,-21.1875,55.5000,26.0,-52.5625,3.0625,75.8750,3,3,3,3
3988193992,7.2600,-0.3900,-5.7100,-13.8750,10.6250,0.8750,10.6875,-21.1875,55.5000,26.0,-52.5625,2.9375,75.8750,3,3,3,3
3988203994,6.9700,-0.2700,-5.2500,-4.6875,-1.6875,-6.0000,10.6875,-21.1875,55.5000,26.0,-52.5625,2.9375,75.8750,3,3,3,3
3988213994,7.4500,0.2300,-5.1300,-3.4375,-10.5000,-12.1875,12.8750,-19.2500,56.6875,26.0,-52.6875,2.7500,75.7500,3,3,3,3
3988223994,7.8900,0.1800,-5.2300,-10.3750,-18.0000,-15.5625,12.8750,-19.2500,56.6875,26.0,-53.1250,2.1250,75.6250,3,3,3,3
3988233995,7.9700,-0.0700,-5.2800,-20.7500,-22.3125,-12.8750,12.8750,-19.2500,56.6875,26.0,-53.3125,1.6875,75.6875,3,3,3,3
3988243995,7.6400,-0.4700,-5.7000,-29.3125,-23.4375,-9.1875,12.8750,-19.2500,56.6875,26.0,-53.5625,1.3125,75.7500,3,3,3,3
3988254105,7.5200,-0.4800,-5.7800,-32.7500,-22.1875,-8.6875,12.8750,-19.2500,56.6875,26.0,-53.5625,1.3125,75.7500,3,3,3,3
3988264105,7.4500,-0.2500,-5.6300,-30.6875,-21.8125,-10.5625,11.3750,-18.1875,56.1875,26.0,-53.7500,0.8750,75.8125,3,3,3,3
3988274105,7.6300,0.1600,-5.2800,-29.4375,-22.9375,-13.0000,11.3750,-18.1875,56.1875,26.0,-54.0000,0.4375,75.8750,3,3,3,3
3988284105,7.5500,0.5700,-4.8500,-34.4375,-25.8125,-10.6250,11.3750,-18.1875,56.1875,26.0,-54.5000,-0.5000,76.0625,3,3,3,3
3988294278,7.7300,0.6200,-4.6500,-42.1250,-29.0000,-7.0000,11.3750,-18.1875,56.1875,26.0,-54.8125,-1.0625,76.1875,3,3,3,3
3988304543,7.9200,1.0000,-4.4000,-45.0000,-32.3750,-6.8750,11.3750,-18.1875,56.1875,26.0,-54.8125,-1.0625,76.1875,3,3,3,3
3988314543,7.9200,1.2400,-4.4000,-43.3750,-36.9375,-6.7500,10.2500,-17.0625,55.0625,26.0,-55.1875,-1.5625,76.3750,3,3,3,3
3988324543,7.4400,0.6200,-5.2300,-36.3125,-44.1250,-2.8750,10.2500,-17.0625,55.0625,26.0,-56.1250,-2.2500,76.6250,3,3,3,3
3988334543,7.4100,0.6000,-5.8000,-24.6250,-53.1875,-0.9375,10.2500,-17.0625,55.0625,26.0,-56.6875,-2.5000,76.6875,3,3,3,3
3988344552,7.8200,0.6700,-6.2100,-14.6250,-59.7500,-3.2500,10.2500,-17.0625,55.0625,26.0,-57.3125,-2.6875,76.6250,3,3,3,3
3988354729,8.3600,0.7300,-6.0800,-7.3750,-61.7500,-3.6250,10.2500,-17.0625,55.0625,26.0,-57.3125,-2.6875,76.6250,3,3,3,3
3988364729,8.3600,0.4400,-5.3500,-2.0000,-58.1250,-2.0625,8.7500,-13.8750,56.6875,26.0,-57.8750,-2.7500,76.6250,3,3,3,3
3988374729,8.5000,0.5000,-5.0400,9.5000,-52.3750,-5.4375,8.7500,-13.8750,56.6875,26.0,-58.8125,-2.7500,76.3125,3,3,3,3
3988384729,8.4800,0.8300,-4.6700,18.8750,-45.6875,-8.1875,8.7500,-13.8750,56.6875,26.0,-59.2500,-2.6875,76.1875,3,3,3,3
3988394888,8.1300,0.5400,-4.9500,21.1250,-44.5000,-3.6875,8.7500,-13.8750,56.6875,26.0,-59.6875,-2.5000,76.1250,3,3,3,3
3988404995,8.3200,0.2000,-5.2900,14.5625,-47.4375,4.1250,8.7500,-13.8750,56.6875,26.0,-59.6875,-2.5000,76.1250,3,3,3,3
3988414995,8.0700,-0.0600,-5.5900,8.6875,-52.8750,8.5000,5.5625,-13.8750,55.5000,26.0,-60.1875,-2.3125,76.1250,3,3,3,3
3988424995,8.3800,-0.0100,-6.0400,3.5000,-56.8125,8.3750,5.5625,-13.8750,55.5000,26.0,-61.3125,-2.0625,76.3125,3,3,3,3
3988434995,8.8800,-0.3300,-6.7500,-0.7500,-55.0625,7.8125,5.5625,-13.8750,55.5000,26.0,-61.7500,-1.9375,76.3125,3,3,3,3
3988444995,8.6800,-0.4600,-6.6100,1.4375,-48.2500,7.6875,5.5625,-13.8750,55.5000,26.0,-62.1250,-1.8125,76.3750,3,3,3,3
3988455220,8.8200,-0.4700,-6.3500,4.3125,-38.0000,6.8125,5.5625,-13.8750,55.5000,26.0,-62.1250,-1.8125,76.3750,3,3,3,3
3988465220,9.0300,-0.3400,-5.3800,7.0625,-28.2500,3.0625,1.7500,-13.3750,55.0625,26.0,-62.3750,-1.6875,76.3750,3,3,3,3
3988475220,8.8500,-0.1600,-3.5300,10.5000,-22.5625,-1.2500,1.7500,-13.3750,55.0625,26.0,-62.8750,-1.6250,76.1875,3,3,3,3
3988485220,8.5900,-0.2700,-3.3400,9.2500,-24.1250,-4.9375,1.7500,-13.3750,55.0625,26.0,-63.1250,-1.7500,76.0625,3,3,3,3
3988495220,8.5500,-0.2500,-3.6400,4.0000,-30.8750,-7.2500,1.7500,-13.3750,55.0625,26.0,-63.5625,-1.9375,76.0000,3,3,3,3
3988505404,8.3300,-0.4700,-5.0400,0.5000,-39.8750,-6.5625,1.7500,-13.3750,55.0625,26.0,-63.5625,-1.9375,76.0000,3,3,3,3
3988515404,8.7900,0.0200,-5.2400,-4.5625,-47.5625,-8.4375,0.6875,-13.7500,56.2500,26.0,-64.0000,-2.1250,75.9375,3,3,3,3
3988525404,9.0600,0.0600,-5.2400,-1.9375,-48.3750,-11.6250,0.6875,-13.7500,56.2500,26.0,-64.8750,-2.6875,75.7500,3,3,3,3
3988535404,8.8200,-0.1000,-5.2600,-0.6250,-44.1875,-9.5000,0.6875,-13.7500,56.2500,26.0,-65.1875,-2.8750,75.6875,3,3,3,3
3988545404,8.8400,0.3500,-4.8000,-1.4375,-35.5000,-7.8750,0.6875,-13.7500,56.2500,26.0,-65.5000,-3.1250,75.6250,3,3,3,3
3988555584,8.8500,0.3900,-4.0800,0.6250,-28.5625,-8.0000,0.6875,-13.7500,56.2500,26.0,-65.5000,-3.1250,75.6250,3,3,3,3
3988565584,8.6300,0.4100,-3.7500,3.8125,-25.0625,-5.1250,-2.5000,-14.0625,54.0000,26.0,-65.7500,-3.1875,75.5000,3,3,3,3
3988575584,8.4700,0.2800,-3.4200,5.8125,-25.5625,-3.4375,-2.5000,-14.0625,54.0000,26.0,-66.2500,-3.3125,75.3125,3,3,3,3
3988585584,8.5200,0.3700,-3.5400,8.5625,-29.0625,-4.8125,-2.5000,-14.0625,54.0000,26.0,-66.5625,-3.3750,75.2500,3,3,3,3
3988595758,8.5600,0.2600,-4.2300,7.5000,-34.3125,-5.0000,-2.5000,-14.0625,54.0000,26.0,-66.9375,-3.5000,75.1875,3,3,3,3
3988605973,8.6600,0.0700,-4.7100,4.2500,-38.5625,-3.6875,-2.5000,-14.0625,54.0000,26.0,-66.9375,-3.5000,75.1875,3,3,3,3
3988615973,8.8500,0.0500,-5.1100,3.0000,-37.0000,-3.4375,-4.0625,-14.0625,53.5625,26.0,-67.3125,-3.5625,75.1250,3,3,3,3
3988625973,8.8500,0.0700,-5.0300,4.6875,-29.6250,-3.6875,-4.0625,-14.0625,53.5625,26.0,-67.8125,-3.7500,74.9375,3,3,3,3
3988635973,9.1400,0.1600,-4.5300,8.4375,-21.5625,-3.8750,-4.0625,-14.0625,53.5625,26.0,-67.9375,-3.7500,74.8125,3,3,3,3
3988645973,9.4800,0.3400,-3.5500,15.4375,-13.0625,-5.4375,-4.0625,-14.0625,53.5625,26.0,-68.0000,-3.6875,74.6250,3,3,3,3
3988656123,8.6400,0.4100,-3.0600,17.3750,-6.1875,-6.2500,-4.0625,-14.0625,53.5625,26.0,-68.0000,-3.6875,74.6250,3,3,3,3
3988666123,8.6900,0.3100,-2.8800,18.5625,-8.1875,-5.5000,-6.5625,-12.6875,52.7500,26.0,-68.0625,-3.6875,74.4375,3,3,3,3
3988676123,8.5300,0.4300,-3.0700,21.1875,-14.6875,-6.1875,-6.5625,-12.6875,52.7500,26.0,-68.4375,-3.6250,74.0625,3,3,3,3
3988686279,8.5400,0.4700,-3.9100,20.1875,-23.7500,-5.2500,-6.5625,-12.6875,52.7500,26.0,-68.6875,-3.5625,73.9375,3,3,3,3
3988696333,8.8900,0.5100,-4.0200,16.6875,-29.6875,-2.3750,-6.5625,-12.6875,52.7500,26.0,-69.0000,-3.5000,73.7500,3,3,3,3
3988706604,8.8100,0.3000,-3.0500,16.6875,-29.3125,-1.2500,-6.5625,-12.6875,52.7500,26.0,-69.0000,-3.5000,73.7500,3,3,3,3
3988716604,8.8900,-0.0000,-2.9300,12.9375,-29.3125,0.2500,-8.1875,-14.0625,52.5625,26.0,-69.2500,-3.3125,73.6875,3,3,3,3
3988726604,9.0200,-0.4700,-3.8200,7.3750,-35.1875,3.2500,-8.1875,-14.0625,52.5625,26.0,-70.0000,-2.9375,73.5625,3,3,3,3
3988736604,9.1400,-0.5800,-4.3000,20.0000,-38.3125,5.1875,-8.1875,-14.0625,52.5625,26.0,-70.3125,-2.2500,73.2500,3,3,3,3
3988746604,8.9300,-0.1800,-3.6100,58.7500,-33.6250,5.8750,-8.1875,-14.0625,52.5625,26.0,-70.5625,-1.2500,72.6875,3,3,3,3
3988756798,8.9600,0.3000,-3.0200,89.3125,-26.6875,4.9375,-8.1875,-14.0625,52.5625,26.0,-70.5625,-1.2500,72.6875,3,3,3,3
3988766798,8.9000,0.6300,-2.9500,83.5625,-21.7500,2.0625,-10.3750,-15.1875,52.0625,26.0,-70.8125,-0.4375,72.1250,3,3,3,3
3988776798,8.8400,0.4500,-3.0900,56.1250,-18.6875,-0.0000,-10.3750,-15.1875,52.0625,26.0,-71.1250,0.3750,71.4375,3,3,3,3
3988786798,8.7800,0.6300,-2.6800,40.0625,-17.8125,-2.1250,-10.3750,-15.1875,52.0625,26.0,-71.3125,0.6875,71.1250,3,3,3,3
3988796798,8.9200,0.7900,-2.8800,41.0625,-19.5000,-3.1875,-10.3750,-15.1875,52.0625,26.0,-71.5625,1.0000,70.8750,3,3,3,3
3988806996,8.6900,1.4000,-2.9200,37.3750,-23.3750,-1.9375,-10.3750,-15.1875,52.0625,26.0,-71.5625,1.0000,70.8750,3,3,3,3
3988816996,8.5700,0.5300,-3.8500,2.4375,-25.4375,-2.7500,-20.8750,-17.8750,57.2500,26.0,-71.8125,1.0000,70.8125,3,3,3,3
3988826996,8.6900,0.2700,-4.4200,2.4375,-25.4375,-2.7500,-20.8750,-17.8750,57.2500,26.0,-72.3125,0.7500,70.7500,3,3,3,3
3988836996,9.1100,0.2200,-4.0600,-7.8750,-28.9375,-3.9375,-20.8750,-17.8750,57.2500,26.0,-72.6250,0.6250,70.7500,3,3,3,3
3988846996,9.6700,0.2700,-2.5400,-0.3125,-31.0000,-3.9375,-20.8750,-17.8750,57.2500,26.0,-72.9375,0.5000,70.6875,3,3,3,3
3988856996,9.5200,0.2100,-2.1900,-1.8750,-28.3750,-4.0625,-20.8750,-17.8750,57.2500,26.0,-72.9375,0.5000,70.6875,3,3,3,3
3988866996,9.7000,0.2200,-2.5200,-3.2500,-26.0000,-4.5625,-26.5625,-18.5000,57.6875,26.0,-73.1875,0.3125,70.6875,3,3,3,3
3988876996,9.4900,-0.0100,-2.7200,-3.2500,-22.6875,-3.2500,-26.5625,-18.5000,57.6875,26.0,-73.3750,0.1875,70.6875,3,3,3,3
3988886996,9.1300,0.0200,-3.2600,-2.2500,-19.1875,-3.1250,-26.5625,-18.5000,57.6875,26.0,-73.7500,-0.0625,70.6250,3,3,3,3
3988896996,9.0900,0.1900,-3.1700,-1.0000,-17.0000,-4.7500,-26.5625,-18.5000,57.6875,26.0,-73.8750,-0.1875,70.6250,3,3,3,3
3988907208,9.0600,0.3300,-3.0600,-1.3125,-17.3125,-4.2500,-26.5625,-18.5000,57.6875,26.0,-73.8750,-0.1875,70.6250,3,3,3,3
3988917208,9.0500,0.4100,-3.0400,-2.2500,-18.6250,-3.7500,-29.2500,-16.0000,57.8750,26.0,-74.0625,-0.3750,70.5625,3,3,3,3
3988927208,9.1600,0.4700,-3.0700,-1.3125,-20.2500,-4.5000,-29.2500,-16.0000,57.8750,26.0,-74.5000,-0.6875,70.5000,3,3,3,3
3988937293,9.1200,0.4300,-3.2400,-1.4375,-22.6250,-4.3750,-29.2500,-16.0000,57.8750,26.0,-74.7500,-0.9375,70.5000,3,3,3,3
3988947349,8.9300,0.4300,-2.6300,-4.2500,-24.5625,-5.0625,-29.2500,-16.0000,57.8750,26.0,-75.0000,-1.3125,70.4375,3,3,3,3
3988957623,9.2900,0.1300,-3.6300,-5.1250,-27.5000,-8.0625,-29.2500,-16.0000,57.8750,26.0,-75.0000,-1.3125,70.4375,3,3,3,3
3988967623,9.3400,0.6000,-3.0100,-4.0000,-24.6250,-11.2500,-31.3750,-15.1875,56.5000,26.0,-75.1250,-1.4375,70.4375,3,3,3,3
3988977623,9.2200,0.5300,-2.2600,-36.7500,-18.1250,-13.8750,-31.3750,-15.1875,56.5000,26.0,-75.3125,-2.3750,70.5625,3,3,3,3
3988987623,9.5700,0.2300,-2.0400,-77.8750,-14.6250,-15.0625,-31.3750,-15.1875,56.5000,26.0,-75.5625,-5.1250,71.6875,3,3,3,3
3988997790,9.3000,-0.0100,-2.0400,-103.2500,-16.2500,-10.7500,-31.3750,-15.1875,56.5000,26.0,-75.7500,-6.6875,72.5625,3,3,3,3
3989008056,9.3400,-0.2600,-2.1100,-124.4375,-19.0625,-7.7500,-31.3750,-15.1875,56.5000,26.0,-75.7500,-6.6875,72.5625,3,3,3,3
3989018056,9.2600,-2.3400,-4.8500,-84.3125,-23.3750,-7.6250,-29.5000,-14.7500,55.3750,26.0,-76.0000,-7.9375,73.0625,3,3,3,3
3989028056,9.1100,0.1400,-2.8700,11.7500,-25.5625,-4.6250,-29.5000,-14.7500,55.3750,26.0,-76.4375,-8.3750,72.6875,3,3,3,3
3989038056,9.0800,0.1700,-2.3500,20.6875,-25.6250,-7.0625,-29.5000,-14.7500,55.3750,26.0,-76.6875,-8.6875,72.5000,3,3,3,3
3989048285,9.2100,0.3400,-2.0700,18.6875,-26.3125,-7.8750,-29.5000,-14.7500,55.3750,26.0,-76.9375,-8.9375,72.3750,3,3,3,3
3989058570,9.4400,0.2600,-1.9600,10.8750,-26.7500,-5.6875,-29.5000,-14.7500,55.3750,26.0,-76.9375,-8.9375,72.3750,3,3,3,3
3989068570,9.5000,0.1700,-2.0100,4.7500,-25.6875,-4.4375,-16.6875,-12.6875,50.7500,26.0,-77.1875,-9.2500,72.2500,3,3,3,3
3989078570,9.3600,-0.0600,-1.9200,-0.4375,-25.6250,-4.3125,-16.6875,-12.6875,50.7500,26.0,-77.6875,-10.0000,72.2500,3,3,3,3
3989088570,9.3200,-0.0200,-2.0200,-5.9375,-30.0000,-2.1875,-16.6875,-12.6875,50.7500,26.0,-78.0000,-10.3750,72.3125,3,3,3,3
3989098570,9.3900,-0.0500,-2.1300,-11.0625,-34.0000,0.6875,-16.6875,-12.6875,50.7500,26.0,-78.3750,-10.7500,72.4375,3,3,3,3
3989108570,9.6200,-0.0000,-2.1500,-16.5625,-33.6875,1.0625,-16.6875,-12.6875,50.7500,26.0,-78.3750,-10.7500,72.4375,3,3,3,3
3989118570,9.5500,0.1400,-1.8200,-19.6250,-28.8750,0.1875,-18.5625,-14.0625,48.7500,26.0,-78.6250,-11.0625,72.6250,3,3,3,3
3989128570,9.5800,0.2600,-1.7000,-23.7500,-21.5625,0.9375,-18.5625,-14.0625,48.7500,26.0,-78.8125,-11.1875,72.8750,3,3,3,3
3989138570,9.4700,0.1400,-1.7800,-24.8750,-16.9375,2.0625,-18.5625,-14.0625,48.7500,26.0,-79.1250,-11.1875,73.3125,3,3,3,3
3989148570,9.2500,0.1500,-2.1500,-20.8125,-15.5000,1.8750,-18.5625,-14.0625,48.7500,26.0,-79.1250,-11.1875,73.3125,3,3,3,3
3989158570,9.3300,0.0300,-2.1000,-15.8125,-16.5625,1.9375,-18.5625,-14.0625,48.7500,26.0,-79.3125,-11.0625,73.5000,3,3,3,3
3989168570,9.3900,0.0200,-2.0400,-12.8750,-19.0000,2.3750,-20.5625,-13.3750,46.6875,26.0,-79.4375,-11.0000,73.6875,3,3,3,3
3989178570,9.4100,-0.0600,-2.1000,-10.0000,-19.8125,1.5625,-20.5625,-13.3750,46.6875,26.0,-79.6250,-11.0000,73.8125,3,3,3,3
3989188570,9.3700,0.1600,-1.4300,-5.1875,-18.8125,-0.8750,-20.5625,-13.3750,46.6875,26.0,-79.9375,-11.3750,73.8750,3,3,3,3
3989198760,9.2400,0.1900,-1.3200,-3.8125,-19.3750,-1.3125,-20.5625,-13.3750,46.6875,26.0,-80.1250,-11.8125,73.8750,3,3,3,3
3989208942,9.2000,0.1300,-1.3800,-3.8750,-21.1250,-2.6875,-20.5625,-13.3750,46.6875,26.0,-80.1250,-11.8125,73.8750,3,3,3,3
3989218942,9.1600,0.0500,-1.5400,-0.8750,-25.2500,-5.5625,-21.3750,-11.8750,47.0000,26.0,-80.3750,-12.4375,73.8125,3,3,3,3
3989228942,9.3600,-0.0600,-2.0100,0.6875,-30.5625,-6.2500,-21.3750,-11.8750,47.0000,26.0,-81.0000,-13.8750,73.6250,3,3,3,3
3989238942,9.3900,-0.4100,-2.5500,5.3750,-35.1250,-4.4375,-21.3750,-11.8750,47.0000,26.0,-81.3125,-14.1250,73.2500,3,3,3,3
3989248951,9.3600,-0.7600,-3.2900,45.1250,-36.6875,-2.5625,-21.3750,-11.8750,47.0000,26.0,-81.6875,-13.5625,72.2500,3,3,3,3
3989259223,9.3800,0.0800,-2.0100,112.6875,-36.1250,0.6875,-21.3750,-11.8750,47.0000,26.0,-81.6875,-13.5625,72.2500,3,3,3,3
3989269223,9.4500,-0.0500,-1.4100,138.8125,-31.3750,2.6875,-22.8750,-10.3750,45.8750,26.0,-81.9375,-12.5000,71.1250,3,3,3,3
3989279223,9.3900,0.6000,-0.6300,126.8750,-31.1250,4.3125,-22.8750,-10.3750,45.8750,26.0,-82.5625,-11.2500,69.6250,3,3,3,3
3989289441,9.4300,0.8700,0.8400,52.9375,-33.2500,2.1250,-22.8750,-10.3750,45.8750,26.0,-82.8750,-11.9375,69.7500,3,3,3,3
3989299535,9.7000,-0.0700,-1.3700,-14.3750,-33.0000,0.0625,-22.8750,-10.3750,45.8750,26.0,-83.1875,-1.4375,69.9375,3,3,3,3
3989309535,9.5000,-0.1800,-1.4400,-21.9375,-31.5000,1.1875,-22.8750,-10.3750,45.8750,26.0,-83.1875,-1.4375,69.9375,3,3,3,3
3989319535,9.4000,-0.0400,-1.2800,-20.5000,-28.1250,-0.7500,-38.8750,-14.0000,51.0000,26.0,-83.4375,-1.5000,70.1250,3,3,3,3
3989329535,9.4800,0.0700,-0.9900,-11.3750,-26.1875,-3.1875,-38.8750,-14.0000,51.0000,26.0,-83.9375,-1.5625,70.1250,3,3,3,3
3989339535,9.2600,0.2300,-0.9700,-1.9375,-24.4375,-4.1875,-38.8750,-14.0000,51.0000,26.0,-84.1250,-1.6250,70.0625,3,3,3,3
3989349535,9.3200,0.1900,-1.1400,4.3750,-24.9375,-6.3750,-38.8750,-14.0000,51.0000,26.0,-84.1250,-1.6250,70.0625,3,3,3,3
3989359535,9.4300,0.1600,-1.1300,7.6875,-25.5625,-7.5000,-38.8750,-14.0000,51.0000,26.0,-84.3125,-1.6250,69.9375,3,3,3,3
3989369535,9.4800,0.0400,-1.1700,6.5625,-28.2500,-6.1875,-42.0000,-13.6875,49.8750,26.0,-84.5625,-1.6250,69.8750,3,3,3,3
3989379535,9.7100,-0.2300,-1.3000,7.8750,-29.3750,-4.4375,-42.0000,-13.6875,49.8750,26.0,-84.8125,-1.6875,69.7500,3,3,3,3
3989389535,9.6300,-0.3100,-1.2500,10.2500,-26.1250,-2.5000,-42.0000,-13.6875,49.8750,26.0,-85.1875,-1.6875,69.5000,3,3,3,3
3989399705,9.6300,-0.3500,-1.1700,13.3750,-21.0000,-1.8750,-42.0000,-13.6875,49.8750,26.0,-85.3125,-1.6875,69.3125,3,3,3,3
3989409886,9.4900,0.0100,-0.4200,12.9375,-13.6875,-2.3125,-42.0000,-13.6875,49.8750,26.0,-85.3125,-1.6875,69.3125,3,3,3,3
3989419886,9.3000,0.0200,-0.4700,5.0625,-9.1875,-2.3750,-43.1875,-12.8750,49.1875,26.0,-85.3750,-1.7500,69.2500,3,3,3,3
3989429886,9.2600,-0.0300,-0.5400,1.9375,-11.0000,-3.1250,-43.1875,-12.8750,49.1875,26.0,-85.6250,-1.8125,69.1250,3,3,3,3
3989439886,9.2700,-0.0200,-0.5100,2.8750,-15.8125,-3.7500,-43.1875,-12.8750,49.1875,26.0,-85.7500,-1.8125,69.0625,3,3,3,3
3989449886,9.4700,-0.2000,-0.5900,2.1875,-17.7500,-3.6875,-43.1875,-12.8750,49.1875,26.0,-85.8750,-1.8750,69.0625,3,3,3,3
3989460070,9.5100,-0.2300,-0.7100,1.9375,-15.2500,-2.9375,-43.1875,-12.8750,49.1875,26.0,-85.8750,-1.8750,69.0625,3,3,3,3
3989470070,9.5700,-0.1900,-0.5200,7.3125,-10.8750,-3.7500,-44.0625,-12.1875,48.5000,26.0,-85.9375,-1.8750,68.9375,3,3,3,3
3989480070,9.4700,-0.1800,-0.4600,10.0000,-5.8125,-3.6875,-44.0625,-12.1875,48.5000,26.0,-86.0000,-1.8750,68.8125,3,3,3,3
3989490070,9.6500,-0.3800,-1.4200,12.0000,1.6875,-3.9375,-44.0625,-12.1875,48.5000,26.0,-85.8125,-2.0000,68.3750,3,3,3,3
3989500188,9.5800,-0.3000,-1.5200,27.0000,11.3125,-6.0000,-44.0625,-12.1875,48.5000,26.0,-85.5625,-2.0000,67.9375,3,3,3,3
3989510473,9.8900,-0.2200,-2.1600,37.1875,26.1250,-6.7500,-44.0625,-12.1875,48.5000,26.0,-85.5625,-2.0000,67.9375,3,3,3,3
3989520473,9.8100,-0.7800,-3.0800,33.6250,49.4375,-5.5625,-44.3750,-11.8750,47.3750,26.0,-85.1250,-2.0625,67.6250,3,3,3,3
3989530473,10.1100,-0.5900,-3.9300,35.5000,79.8750,-6.4375,-44.3750,-11.8750,47.3750,26.0,-83.3750,-2.1250,66.9375,3,3,3,3
3989540810,9.9800,-0.2800,-3.3200,36.2500,107.4375,-5.5625,-44.3750,-11.8750,47.3750,26.0,-82.1875,-16.0000,66.6250,3,3,3,3
3989550810,9.8300,-0.0800,-2.5200,34.3125,126.1250,-4.1875,-44.3750,-11.8750,47.3750,26.0,-81.0000,-13.6250,66.3750,3,3,3,3
3989560810,9.5000,0.6400,-1.1100,33.5000,130.9375,-2.5625,-44.3750,-11.8750,47.3750,26.0,-81.0000,-13.6250,66.3750,3,3,3,3
3989570810,9.4000,0.8000,-0.5100,30.5625,122.3750,-2.1875,-42.5625,-13.2500,49.3750,26.0,-79.8125,-11.9375,66.1250,3,3,3,3
3989580810,9.4000,1.0900,-0.0300,25.1250,103.9375,-2.2500,-42.5625,-13.2500,49.3750,26.0,-78.0625,-9.6875,65.9375,3,3,3,3
3989590902,10.5500,2.0000,0.4700,12.2500,80.0000,5.6250,-42.5625,-13.2500,49.3750,26.0,-77.5000,-8.6250,66.1250,3,3,3,3
3989601318,9.0900,0.4600,-1.8200,-5.9375,60.6875,14.8750,-42.5625,-13.2500,49.3750,26.0,-77.0625,-7.8750,66.3125,3,3,3,3
3989611318,9.1200,0.3400,-1.0100,-7.8750,48.3125,12.2500,-42.5625,-13.2500,49.3750,26.0,-77.0625,-7.8750,66.3125,3,3,3,3
3989621318,9.3700,0.3200,-0.5600,-3.9375,32.7500,11.5625,-36.7500,-17.2500,52.5625,26.0,-76.7500,-7.2500,66.5000,3,3,3,3
3989631318,9.1500,-0.0000,-0.5500,-7.7500,15.3125,14.4375,-36.7500,-17.2500,52.5625,26.0,-76.6250,-6.2500,66.9375,3,3,3,3
3989641318,9.1000,-0.5100,-1.6800,-13.4375,1.2500,14.1875,-36.7500,-17.2500,52.5625,26.0,-76.7500,-5.9375,67.1875,3,3,3,3
3989651318,9.2700,-0.2900,-2.0400,-16.7500,-7.4375,11.7500,-36.7500,-17.2500,52.5625,26.0,-76.8125,-5.7500,67.4375,3,3,3,3
3989661318,9.2500,-0.3100,-2.4600,-22.1250,-10.1250,10.0625,-36.7500,-17.2500,52.5625,26.0,-76.8125,-5.7500,67.4375,3,3,3,3
3989671318,9.2000,-0.3600,-2.7000,-23.3125,-8.0625,9.3125,-35.0000,-18.3750,54.5000,26.0,-76.9375,-5.6250,67.6875,3,3,3,3
3989681318,9.2500,-0.0400,-2.2400,-19.2500,-3.8125,7.8125,-35.0000,-18.3750,54.5000,26.0,-77.0000,-5.3750,68.1250,3,3,3,3
3989691318,9.1100,-0.0500,-1.9300,-15.5625,-2.1250,7.7500,-35.0000,-18.3750,54.5000,26.0,-77.0625,-5.1875,68.2500,3,3,3,3
3989701318,9.1000,-0.0700,-1.8500,-13.3125,-3.8125,6.8125,-35.0000,-18.3750,54.5000,26.0,-77.1250,-5.2500,68.3750,3,3,3,3
3989711411,9.0700,0.1100,-1.0800,-7.6875,-6.9375,1.5000,-35.0000,-18.3750,54.5000,26.0,-77.1250,-5.2500,68.3750,3,3,3,3
3989721411,9.1400,-0.0000,-1.2100,-0.6875,-12.0625,-1.9375,-33.8750,-15.8750,54.8750,26.0,-77.2500,-5.3750,68.3125,3,3,3,3
3989731411,9.1200,-0.0000,-1.4400,1.6875,-18.2500,-3.7500,-33.8750,-15.8750,54.8750,26.0,-77.6250,-5.8750,68.1875,3,3,3,3
3989741411,9.0800,-0.0000,-1.7200,3.1875,-22.7500,-4.6875,-33.8750,-15.8750,54.8750,26.0,-77.8750,-6.1875,68.1250,3,3,3,3
3989751411,9.1800,-0.1800,-2.1800,3.5000,-24.3125,-5.1250,-33.8750,-15.8750,54.8750,26.0,-78.0625,-6.5000,68.0625,3,3,3,3
3989761591,9.0800,-0.5500,-2.6600,-0.0000,-23.6875,-3.8125,-33.8750,-15.8750,54.8750,26.0,-78.0625,-6.5000,68.0625,3,3,3,3
3989771591,9.1500,-0.6300,-2.6500,-3.5000,-21.2500,-2.9375,-35.0000,-16.8750,54.8750,26.0,-78.2500,-6.7500,68.0625,3,3,3,3
3989781591,9.4000,-0.3900,-2.3300,-3.8125,-17.4375,-4.2500,-35.0000,-16.8750,54.8750,26.0,-78.5625,-7.4375,68.0625,3,3,3,3
3989791591,9.2400,-0.2200,-1.9600,-5.0000,-14.5000,-3.8750,-35.0000,-16.8750,54.8750,26.0,-78.6875,-7.7500,68.0625,3,3,3,3
3989801591,9.1700,-0.0600,-1.7200,-6.5000,-12.5625,-3.6250,-35.0000,-16.8750,54.8750,26.0,-78.8125,-8.0625,68.1250,3,3,3,3
3989811871,9.2600,0.0200,-1.5900,-7.5000,-13.4375,-3.0000,-35.0000,-16.8750,54.8750,26.0,-78.8125,-8.0625,68.1250,3,3,3,3
3989821871,9.2500,-0.1500,-1.3600,-7.8125,-16.2500,-2.2500,-36.7500,-15.0625,54.0625,26.0,-78.9375,-8.3750,68.1250,3,3,3,3
3989831871,9.1800,0.0800,-1.9800,-9.3750,-19.7500,-1.1250,-36.7500,-15.0625,54.0625,26.0,-79.3750,-8.9375,68.2500,3,3,3,3
3989841871,9.2800,-0.0000,-2.6300,-8.5625,-21.8750,-0.2500,-36.7500,-15.0625,54.0625,26.0,-79.5625,-9.1250,68.3125,3,3,3,3
3989851871,9.3200,0.1200,-2.8000,-2.9375,-20.7500,-0.3750,-36.7500,-15.0625,54.0625,26.0,-79.7500,-9.2500,68.3125,3,3,3,3
3989862144,9.4500,0.3000,-3.0300,0.2500,-18.1250,0.6250,-36.7500,-15.0625,54.0625,26.0,-79.7500,-9.2500,68.3125,3,3,3,3
3989872144,9.5600,0.0400,-2.6700,0.7500,-12.6250,3.3750,-37.0625,-15.5000,52.5625,26.0,-79.8750,-9.1875,68.3125,3,3,3,3
3989882144,9.6300,-0.1100,-2.1900,2.5625,-6.6875,4.6250,-37.0625,-15.5000,52.5625,26.0,-79.9375,-8.6875,68.3125,3,3,3,3
3989892144,9.5800,-0.1600,-1.4900,4.6250,-2.7500,4.5000,-37.0625,-15.5000,52.5625,26.0,-80.0000,-8.4375,68.3750,3,3,3,3
3989902144,9.3900,-0.3000,-1.1400,4.0625,-2.5625,4.3750,-37.0625,-15.5000,52.5625,26.0,-80.0625,-8.1875,68.3750,3,3,3,3
3989912328,9.2700,-0.4500,-1.4500,1.0625,-6.6875,5.0000,-37.0625,-15.5000,52.5625,26.0,-80.0625,-8.1875,68.3750,3,3,3,3
3989922328,9.2900,-0.3300,-1.7500,-0.5625,-11.5625,3.2500,-37.7500,-14.0000,54.0625,26.0,-80.1875,-8.1250,68.4375,3,3,3,3
3989932328,9.4100,-0.1300,-2.2000,-1.6250,-13.5625,1.2500,-37.7500,-14.0000,54.0625,26.0,-80.4375,-8.1875,68.5000,3,3,3,3
3989942336,9.4000,-0.0400,-2.8400,-3.3125,-12.5625,1.4375,-37.7500,-14.0000,54.0625,26.0,-80.5000,-8.1875,68.5000,3,3,3,3
3989952336,9.5000,0.1300,-2.8300,-3.2500,-7.6250,1.8750,-37.7500,-14.0000,54.0625,26.0,-80.5000,-8.0625,68.5625,3,3,3,3
3989962810,9.5100,0.2300,-2.6000,-2.0625,-0.9375,2.5000,-37.7500,-14.0000,54.0625,26.0,-80.5000,-8.0625,68.5625,3,3,3,3
3989972810,9.5300,0.2400,-2.3100,-2.3125,4.5000,4.0625,-37.5000,-14.0000,54.0625,26.0,-80.5000,-7.8125,68.6250,3,3,3,3
3989982810,9.6100,0.3600,-1.2700,-2.8125,7.9375,3.7500,-37.5000,-14.0000,54.0625,26.0,-80.3750,-7.3125,68.7500,3,3,3,3
3989992810,9.6000,0.2900,-1.0200,-4.1250,7.4375,3.8750,-37.5000,-14.0000,54.0625,26.0,-80.3125,-7.0625,68.8750,3,3,3,3
3990002810,9.5600,0.2200,-0.9700,-5.6250,3.8750,4.7500,-37.5000,-14.0000,54.0625,26.0,-80.3125,-6.8750,68.9375,3,3,3,3
3990012826,9.5500,0.3200,-1.0000,-4.6250,-0.2500,4.0625,-37.5000,-14.0000,54.0625,26.0,-80.3125,-6.8750,68.9375,3,3,3,3
3990022826,9.4200,0.2000,-1.4200,-3.5000,-3.3750,3.7500,-37.0625,-14.6875,53.6875,26.0,-80.3750,-6.7500,69.0000,3,3,3,3
3990032826,9.3800,0.0900,-1.9100,-3.8750,-6.0000,3.9375,-37.0625,-14.6875,53.6875,26.0,-80.5000,-6.5000,69.1250,3,3,3,3
3990042826,9.4200,0.1500,-2.1100,-2.6875,-6.5625,3.3125,-37.0625,-14.6875,53.6875,26.0,-80.5625,-6.3750,69.1875,3,3,3,3
3990052907,9.5700,0.0800,-2.1000,-1.8750,-4.6875,2.5000,-37.0625,-14.6875,53.6875,26.0,-80.5625,-6.2500,69.1875,3,3,3,3
3990063015,9.5800,0.1200,-1.7600,0.1250,-1.2500,2.0625,-37.0625,-14.6875,53.6875,26.0,-80.5625,-6.2500,69.1875,3,3,3,3
3990073015,9.4900,0.2900,-1.3700,3.7500,1.6875,1.6250,-38.5625,-14.3750,53.6875,26.0,-80.5625,-6.1250,69.1875,3,3,3,3
3990083015,9.3700,0.2300,-1.2700,4.8750,1.2500,1.8750,-38.5625,-14.3750,53.6875,26.0,-80.5625,-5.8125,69.1250,3,3,3,3
3990093015,9.2800,-0.0000,-1.8300,3.2500,-2.1875,2.5625,-38.5625,-14.3750,53.6875,26.0,-80.6250,-5.6875,69.1250,3,3,3,3
3990103015,9.3600,0.0700,-2.0400,2.5000,-5.1250,1.8125,-38.5625,-14.3750,53.6875,26.0,-80.6250,-5.6250,69.1250,3,3,3,3
3990113146,9.4400,0.0700,-2.1100,1.3125,-4.6875,1.6875,-38.5625,-14.3750,53.6875,26.0,-80.6250,-5.6250,69.1250,3,3,3,3
3990123146,9.4500,0.0700,-2.1000,0.2500,-1.7500,2.4375,-37.0625,-13.6875,52.1875,26.0,-80.6875,-5.5000,69.1875,3,3,3,3
3990133146,9.4700,0.1400,-1.5400,0.3125,1.0625,2.6250,-37.0625,-13.6875,52.1875,26.0,-80.6250,-5.1250,69.1875,3,3,3,3
3990143321,9.4700,0.0900,-1.2800,0.2500,2.0625,2.6875,-37.0625,-13.6875,52.1875,26.0,-80.6250,-4.9375,69.2500,3,3,3,3
3990153321,9.3800,-0.1400,-1.3800,-3.0625,0.5000,3.8125,-37.0625,-13.6875,52.1875,26.0,-80.6875,-4.8125,69.3125,3,3,3,3
3990163362,9.4300,0.0900,-1.3000,-3.3125,-1.9375,2.7500,-37.0625,-13.6875,52.1875,26.0,-80.6875,-4.8125,69.3125,3,3,3,3
3990173362,9.3300,0.0500,-1.5900,-2.4375,-3.8125,1.8125,-37.7500,-14.0000,53.6875,26.0,-80.6875,-4.7500,69.3750,3,3,3,3
3990183362,9.3200,0.1400,-1.7800,-1.7500,-4.6250,1.3750,-37.7500,-14.0000,53.6875,26.0,-80.7500,-4.6875,69.3750,3,3,3,3
3990193362,9.3700,0.3800,-1.4900,1.0000,-4.1250,-0.1250,-37.7500,-14.0000,53.6875,26.0,-80.8125,-4.7500,69.3750,3,3,3,3
3990203399,9.3600,0.4500,-1.2500,2.2500,-3.5625,-0.3125,-37.7500,-14.0000,53.6875,26.0,-80.8750,-4.6250,69.3750,3,3,3,3
3990213582,9.3900,0.3300,-1.3100,-0.0625,-4.8750,1.5625,-37.7500,-14.0000,53.6875,26.0,-80.8750,-4.6250,69.3750,3,3,3,3
3990223582,9.3800,0.3000,-1.4500,-1.6875,-6.8750,3.0625,-37.8750,-15.8750,53.2500,26.0,-80.9375,-4.5000,69.4375,3,3,3,3
3990233582,9.3400,0.1500,-1.7500,-3.1250,-8.8750,4.0625,-37.8750,-15.8750,53.2500,26.0,-81.0625,-4.3125,69.5000,3,3,3,3
3990243582,9.4200,0.0500,-1.7100,-3.3750,-8.9375,3.9375,-37.8750,-15.8750,53.2500,26.0,-81.1250,-4.0625,69.5625,3,3,3,3
3990253582,9.4500,0.2100,-1.5000,-1.3125,-6.9375,2.6250,-37.8750,-15.8750,53.2500,26.0,-81.1875,-3.8125,69.6250,3,3,3,3
3990263582,9.4300,0.2000,-1.3800,-1.7500,-5.6875,2.4375,-37.8750,-15.8750,53.2500,26.0,-81.2500,-3.5625,69.6875,3,3,3,3
3990273582,9.3500,0.1400,-1.3400,-4.3750,-6.3125,3.3125,-39.0000,-15.8750,53.3750,26.0,-81.3125,-3.3125,69.7500,3,3,3,3
3990283582,9.2800,0.0300,-1.7100,-6.6250,-8.3125,3.5625,-39.0000,-15.8750,53.3750,26.0,-81.3750,-3.1250,69.8750,3,3,3,3
3990293582,9.4300,0.0500,-1.9100,-8.5000,-10.3125,3.0625,-39.0000,-15.8750,53.3750,26.0,-81.5625,-2.9375,70.0625,3,3,3,3
3990303932,9.4900,0.1400,-1.8900,-7.5625,-10.3125,2.1250,-39.0000,-15.8750,53.3750,26.0,-81.6250,-2.8750,70.1250,3,3,3,3
3990314381,9.4400,0.1900,-1.6200,-5.5625,-8.1875,2.1250,-39.0000,-15.8750,53.3750,26.0,-81.6250,-2.8750,70.1250,3,3,3,3
3990324381,9.4100,0.2900,-1.3400,-5.1875,-5.1250,2.3750,-38.5625,-13.6875,53.2500,26.0,-81.6875,-2.8125,70.1875,3,3,3,3
3990334381,9.4000,0.3000,-1.2400,-5.7500,-4.5625,2.4375,-38.5625,-13.6875,53.2500,26.0,-81.8125,-2.6250,70.3125,3,3,3,3
3990344381,9.3900,0.3100,-1.3300,-5.9375,-6.5625,2.1250,-38.5625,-13.6875,53.2500,26.0,-81.8750,-2.5625,70.3750,3,3,3,3
3990354381,9.4200,0.2400,-1.9100,-6.8125,-9.2500,2.0000,-38.5625,-13.6875,53.2500,26.0,-82.0000,-2.5625,70.5000,3,3,3,3
3990364657,9.5100,0.2300,-1.9100,-6.3750,-10.0625,1.8750,-38.5625,-13.6875,53.2500,26.0,-82.0000,-2.5625,70.5000,3,3,3,3
3990374657,9.5300,0.2800,-1.6400,-6.1875,-8.1250,2.1250,-39.2500,-12.8750,53.3750,26.0,-82.0625,-2.5000,70.5625,3,3,3,3
3990384657,9.5500,0.3000,-1.3400,-8.3125,-4.8125,3.1875,-39.2500,-12.8750,53.3750,26.0,-82.1250,-2.1875,70.7500,3,3,3,3
3990394657,9.3600,0.2500,-0.9100,-9.3125,-3.6250,4.1875,-39.2500,-12.8750,53.3750,26.0,-82.1875,-2.0000,70.8750,3,3,3,3
3990404657,9.4000,0.2700,-1.0500,-8.5000,-5.1875,3.3750,-39.2500,-12.8750,53.3750,26.0,-82.3125,-1.8750,71.0000,3,3,3,3
3990414839,9.4000,0.3000,-1.3300,-8.8125,-8.6250,3.1875,-39.2500,-12.8750,53.3750,26.0,-82.3125,-1.8750,71.0000,3,3,3,3
3990424839,9.4500,0.3700,-1.6100,-8.5000,-10.8125,3.4375,-39.2500,-14.3750,52.8750,26.0,-82.3750,-1.7500,71.0625,3,3,3,3
3990434839,9.4500,0.0900,-1.9300,-8.7500,-9.9375,4.3125,-39.2500,-14.3750,52.8750,26.0,-82.5625,-1.3125,71.3125,3,3,3,3
3990444839,9.4400,0.1100,-1.7500,-7.1250,-6.9375,4.0000,-39.2500,-14.3750,52.8750,26.0,-82.6250,-1.1250,71.3750,3,3,3,3
3990454843,9.4800,0.2100,-1.6100,-4.3750,-4.0625,3.1250,-39.2500,-14.3750,52.8750,26.0,-82.6250,-0.9375,71.4375,3,3,3,3
3990464939,9.4600,0.1600,-1.4600,-2.6875,-1.9375,3.2500,-39.2500,-14.3750,52.8750,26.0,-82.6250,-0.9375,71.4375,3,3,3,3
3990474939,9.4900,-0.0300,-1.2600,-2.5000,-0.9375,3.6875,-40.0000,-13.2500,53.2500,27.0,-82.6250,-0.6875,71.5000,3,3,3,3
3990484939,9.4900,-0.0800,-1.3500,-2.6875,-0.5000,4.1250,-40.0000,-13.2500,53.2500,27.0,-82.6250,-0.1875,71.5625,3,3,3,3
3990494939,9.5900,-0.0000,-1.2500,-1.7500,-1.4375,3.1875,-40.0000,-13.2500,53.2500,27.0,-82.6875,0.0000,71.6250,3,3,3,3
3990504939,9.5700,0.0700,-1.3300,-0.8750,-1.2500,2.3125,-40.0000,-13.2500,53.2500,27.0,-82.6875,0.1250,71.6875,3,3,3,3
3990514939,9.5200,0.0700,-1.5200,-1.6875,-1.7500,2.3750,-40.0000,-13.2500,53.2500,27.0,-82.6875,0.1250,71.6875,3,3,3,3
3990524939,9.5500,0.1600,-1.6000,-2.1250,-2.3125,2.3125,-40.0000,-12.5625,53.2500,27.0,-82.6875,0.3125,71.6875,3,3,3,3
3990534939,9.6100,0.1700,-1.7300,-2.9375,-1.7500,2.2500,-40.0000,-12.5625,53.2500,27.0,-82.6875,0.6250,71.8125,3,3,3,3
3990544939,9.5700,0.3100,-1.4600,-3.8125,-0.0625,2.6250,-40.0000,-12.5625,53.2500,27.0,-82.6875,0.8125,71.8750,3,3,3,3
3990554939,9.5400,0.2300,-1.4500,-2.7500,2.0625,2.6250,-40.0000,-12.5625,53.2500,27.0,-82.6875,0.8125,71.8750,3,3,3,3
3990564939,9.5300,0.1200,-1.3600,-1.7500,2.8750,2.5000,-40.0000,-12.5625,53.2500,27.0,-82.6250,1.0000,71.8750,3,3,3,3
3990574939,9.5300,0.2300,-1.2700,0.5000,2.7500,1.5000,-39.2500,-12.1875,53.6875,27.0,-82.6250,1.1875,71.9375,3,3,3,3
3990584939,9.5100,0.1300,-1.2100,1.5625,2.2500,0.9375,-39.2500,-12.1875,53.6875,27.0,-82.5625,1.3125,71.9375,3,3,3,3
3990594939,9.4700,0.2000,-1.3200,0.8125,1.8125,1.5625,-39.2500,-12.1875,53.6875,27.0,-82.5625,1.5000,71.9375,3,3,3,3
3990604939,9.5200,0.3000,-1.3300,1.5625,0.8125,0.4375,-39.2500,-12.1875,53.6875,27.0,-82.5625,1.5625,71.9375,3,3,3,3
3990614939,9.5300,0.2500,-1.7100,2.6875,-0.0000,0.0625,-39.2500,-12.1875,53.6875,27.0,-82.5000,1.6875,71.9375,3,3,3,3
3990624939,9.5600,0.2600,-1.6000,1.8750,0.1875,0.8750,-40.0000,-14.0000,53.2500,27.0,-82.5000,1.8750,71.9375,3,3,3,3
3990634939,9.6400,0.2500,-1.3200,1.3750,2.0000,1.1250,-40.0000,-14.0000,53.2500,27.0,-82.5000,2.0625,71.9375,3,3,3,3
3990644939,9.4800,0.1200,-1.0600,0.6875,3.4375,1.4375,-40.0000,-14.0000,53.2500,27.0,-82.4375,2.3125,71.9375,3,3,3,3
3990655504,9.4800,0.0500,-0.9700,0.3750,2.6875,1.5000,-40.0000,-14.0000,53.2500,27.0,-82.4375,2.3125,71.9375,3,3,3,3
3990665605,9.5200,0.2100,-1.0300,1.8125,0.2500,-0.2500,-40.0000,-14.0000,53.2500,27.0,-82.4375,2.3125,71.9375,3,3,3,3
3990675605,9.4600,0.2100,-1.3000,2.4375,-2.3125,-1.1875,-39.2500,-14.0000,52.8750,27.0,-82.4375,2.3125,71.9375,3,3,3,3
3990685605,9.4100,0.2000,-1.5300,0.6875,-3.6250,-0.4375,-39.2500,-14.0000,52.8750,27.0,-82.5000,2.3125,71.9375,3,3,3,3
3990695605,9.5300,0.4600,-1.4500,-0.1875,-3.5625,-0.3750,-39.2500,-14.0000,52.8750,27.0,-82.5000,2.3125,71.9375,3,3,3,3
3990705605,9.4100,0.3900,-1.2800,-1.1875,-2.2500,0.0625,-39.2500,-14.0000,52.8750,27.0,-82.5625,2.3125,71.9375,3,3,3,3
3990715712,9.4300,0.4200,-1.1700,-0.7500,-1.7500,0.5000,-39.2500,-14.0000,52.8750,27.0,-82.5625,2.3125,71.9375,3,3,3,3
3990725712,9.3900,0.4400,-1.1000,0.7500,-2.6875,0.1875,-40.0000,-13.2500,53.6875,27.0,-82.5625,2.3125,71.9375,3,3,3,3
3990735712,9.2700,0.3500,-1.5000,0.8125,-4.8750,0.4375,-40.0000,-13.2500,53.6875,27.0,-82.6250,2.5625,71.9375,3,3,3,3
3990745712,9.3800,0.2800,-1.7700,0.3125,-6.5625,0.3750,-40.0000,-13.2500,53.6875,27.0,-82.6875,2.8125,71.9375,3,3,3,3
3990755882,9.4100,0.3400,-1.8200,0.5000,-6.8125,-0.3750,-40.0000,-13.2500,53.6875,27.0,-82.7500,2.7500,71.9375,3,3,3,3
3990765930,9.4500,0.4200,-1.8700,0.3125,-4.6250,-0.6250,-40.0000,-13.2500,53.6875,27.0,-82.7500,2.7500,71.9375,3,3,3,3
3990775930,9.4300,0.2400,-1.8500,-0.6250,-1.8125,-0.1250,-40.0000,-13.6875,54.5000,27.0,-82.7500,2.7500,71.9375,3,3,3,3
3990785930,9.5100,0.4500,-1.5900,-0.0000,0.5000,-0.7500,-40.0000,-13.6875,54.5000,27.0,-82.7500,2.6875,71.9375,3,3,3,3
3990795952,9.5000,0.3800,-1.3800,0.1250,2.7500,-0.5000,-40.0000,-13.6875,54.5000,27.0,-82.6875,2.7500,72.0000,3,3,3,3
3990805952,9.4900,0.3600,-1.0300,-1.0000,4.0625,0.6250,-40.0000,-13.6875,54.5000,27.0,-82.6875,2.7500,72.0000,3,3,3,3
3990816304,9.4800,0.3500,-0.8900,-1.1875,3.8750,1.0625,-40.0000,-13.6875,54.5000,27.0,-82.6875,2.7500,72.0000,3,3,3,3
3990826304,9.4100,0.2600,-1.1300,-3.1250,2.6875,1.7500,-39.5625,-12.5625,52.1875,27.0,-82.6250,2.8750,72.0625,3,3,3,3
3990836304,9.3400,0.1000,-1.3000,-4.9375,0.5000,2.2500,-39.5625,-12.5625,52.1875,27.0,-82.6250,3.0625,72.1250,3,3,3,3
3990846304,9.4000,0.4300,-1.3900,-3.6875,-0.7500,1.2500,-39.5625,-12.5625,52.1875,27.0,-82.6250,3.1250,72.1875,3,3,3,3
3990856304,9.4000,0.3000,-1.4400,-3.1250,-0.9375,1.2500,-39.5625,-12.5625,52.1875,27.0,-82.6250,3.1250,72.1875,3,3,3,3
3990866304,9.4100,0.3500,-1.2600,-3.2500,-0.3750,1.8750,-39.5625,-12.5625,52.1875,27.0,-82.6250,3.3750,72.2500,3,3,3,3
3990876304,9.4400,0.5000,-1.0800,-1.5000,0.4375,1.5625,-40.0000,-13.2500,52.8750,27.0,-82.6250,3.6250,72.3125,3,3,3,3
3990886304,9.3800,0.2200,-1.3600,-2.1875,-0.5000,2.5625,-40.0000,-13.2500,52.8750,27.0,-82.6250,3.9375,72.3750,3,3,3,3
3990896304,9.4300,0.2600,-1.4600,-3.5625,-1.6875,3.0625,-40.0000,-13.2500,52.8750,27.0,-82.6250,4.2500,72.4375,3,3,3,3
3990906304,9.4600,0.2400,-1.5100,-3.8750,-2.5000,2.5625,-40.0000,-13.2500,52.8750,27.0,-82.6875,4.6250,72.5625,3,3,3,3
3990916691,9.4800,0.1900,-1.5200,-3.6250,-1.7500,2.2500,-40.0000,-13.2500,52.8750,27.0,-82.6875,4.6250,72.5625,3,3,3,3
3990926691,9.4600,0.3200,-1.1600,-0.5625,0.3125,0.6250,-40.0000,-12.8750,53.2500,27.0,-82.6875,4.6875,72.5625,3,3,3,3
3990936691,9.4600,0.3500,-1.1300,-0.5625,0.3125,0.6250,-40.0000,-12.8750,53.2500,27.0,-82.6875,4.8125,72.5625,3,3,3,3
3990946691,9.4200,0.3700,-1.0100,-2.5000,-1.6875,1.6875,-40.0000,-12.8750,53.2500,27.0,-82.6875,5.0000,72.6250,3,3,3,3
3990956691,9.4200,0.2500,-1.3100,-3.7500,-2.6250,2.4375,-40.0000,-12.8750,53.2500,27.0,-82.7500,5.1875,72.6875,3,3,3,3
3990967051,9.4200,0.2200,-1.4100,-3.2500,-3.1875,2.5000,-40.0000,-12.8750,53.2500,27.0,-82.7500,5.1875,72.6875,3,3,3,3
3990977051,9.5100,0.2700,-1.4100,-3.0625,-2.6250,2.4375,-39.5625,-14.0000,54.5000,27.0,-82.7500,5.3750,72.7500,3,3,3,3
3990987051,9.5200,0.1500,-1.3600,-1.5000,-1.5000,1.7500,-39.5625,-14.0000,54.5000,27.0,-82.7500,5.5000,72.8125,3,3,3,3
3990997051,9.4700,0.3500,-0.8000,0.8750,-1.3750,0.6250,-39.5625,-14.0000,54.5000,27.0,-82.8125,5.6875,72.8125,3,3,3,3
3991007051,9.3700,0.3500,-0.8600,0.1875,-2.6875,0.6250,-39.5625,-14.0000,54.5000,27.0,-82.8750,5.7500,72.8125,3,3,3,3
3991017109,9.3700,0.3300,-1.1100,-0.6875,-5.4375,0.7500,-39.5625,-14.0000,54.5000,27.0,-82.8750,5.7500,72.8125,3,3,3,3
3991027109,9.3800,0.2900,-1.4300,-1.1250,-6.5000,0.5625,-40.3750,-11.8750,53.2500,27.0,-82.9375,5.8125,72.8125,3,3,3,3
3991037109,9.5100,0.3500,-1.8900,-1.3125,-4.8125,0.3125,-40.3750,-11.8750,53.2500,27.0,-83.0000,5.8750,72.8750,3,3,3,3
3991047109,9.5200,0.3100,-1.6600,-1.3750,-0.7500,0.6875,-40.3750,-11.8750,53.2500,27.0,-82.9375,5.9375,72.8750,3,3,3,3
3991057218,9.4900,0.3500,-1.4700,-0.7500,2.0625,1.1250,-40.3750,-11.8750,53.2500,27.0,-82.9375,6.0000,72.8750,3,3,3,3
3991067491,9.4400,0.3000,-1.3200,0.1250,2.1875,0.8750,-40.3750,-11.8750,53.2500,27.0,-82.9375,6.0000,72.8750,3,3,3,3
3991077491,9.5500,0.4500,-0.7900,-0.0000,0.8750,1.0625,-40.7500,-14.0000,53.6875,27.0,-82.9375,6.2500,72.9375,3,3,3,3
3991087491,9.6000,0.4200,-0.8200,-2.0625,-1.0625,2.0625,-40.7500,-14.0000,53.6875,27.0,-82.9375,6.4375,72.9375,3,3,3,3
3991097491,9.5400,0.3600,-0.9200,-2.8125,-3.5625,2.2500,-40.7500,-14.0000,53.6875,27.0,-83.0000,6.6250,73.0000,3,3,3,3
3991107491,9.5500,0.4400,-1.1100,-2.2500,-5.1250,2.2500,-40.7500,-14.0000,53.6875,27.0,-83.0625,6.8125,73.0625,3,3,3,3
3991117761,9.4700,0.3200,-1.3800,-2.8750,-5.7500,2.5000,-40.7500,-14.0000,53.6875,27.0,-83.0625,6.8125,73.0625,3,3,3,3
3991127761,9.4600,0.2000,-1.6400,-1.9375,-5.5625,2.5625,-40.7500,-13.2500,52.8750,27.0,-83.1250,7.0625,73.1250,3,3,3,3
3991137761,9.4800,0.2000,-1.8300,-1.4375,-3.8750,1.9375,-40.7500,-13.2500,52.8750,27.0,-83.1250,0.8750,73.1875,3,3,3,3
3991147761,9.5800,0.2200,-1.6900,-1.4375,-0.8750,1.3750,-40.7500,-13.2500,52.8750,27.0,-83.1250,0.8750,73.1875,3,3,3,3
3991157761,9.5500,0.2200,-1.3000,-0.4375,2.0000,1.0625,-40.7500,-13.2500,52.8750,27.0,-83.1250,7.3750,73.1875,3,3,3,3
3991168058,9.5400,0.3000,-0.9500,-0.1250,2.8750,0.2500,-40.7500,-13.2500,52.8750,27.0,-83.1250,7.3750,73.1875,3,3,3,3
3991178058,9.5700,0.4100,-0.7700,0.1875,0.6250,0.0625,-40.7500,-11.5000,54.0625,27.0,-83.1250,7.4375,73.1875,3,3,3,3
3991188058,9.5600,0.4700,-0.7700,-0.5000,-2.1875,0.3125,-40.7500,-11.5000,54.0625,27.0,-83.1875,0.8750,73.1875,3,3,3,3
3991198058,9.5300,0.4400,-1.0300,-1.1875,-4.5000,1.2500,-40.7500,-11.5000,54.0625,27.0,-83.1875,0.8750,73.2500,3,3,3,3
3991208058,9.4600,0.3900,-1.2700,-1.3750,-4.9375,1.5625,-40.7500,-11.5000,54.0625,27.0,-83.2500,0.8750,73.2500,3,3,3,3
3991218067,9.4900,0.4900,-1.3600,-1.1875,-4.3750,1.8750,-40.7500,-11.5000,54.0625,27.0,-83.2500,0.8750,73.2500,3,3,3,3
3991228067,9.5000,0.4100,-1.5300,-1.3125,-3.1875,2.3125,-40.0000,-12.5625,53.6875,27.0,-83.2500,0.9375,73.3125,3,3,3,3
3991238067,9.5500,0.4800,-1.3400,-0.8125,-2.0625,2.1250,-40.0000,-12.5625,53.6875,27.0,-83.3125,0.9375,73.3750,3,3,3,3
3991248072,9.5500,0.5100,-1.2100,-1.5000,-0.8750,2.6250,-40.0000,-12.5625,53.6875,27.0,-83.3125,1.0000,73.3750,3,3,3,3
3991258072,9.5100,0.3300,-1.4500,-2.0625,-1.6875,2.5000,-40.0000,-12.5625,53.6875,27.0,-83.3125,1.0000,73.3750,3,3,3,3
3991268072,9.5600,0.3500,-1.5000,-1.4375,-2.3125,1.8750,-40.0000,-12.5625,53.6875,27.0,-83.3125,1.0000,73.4375,3,3,3,3
3991278072,9.6800,0.3800,-1.4900,-1.0000,-1.6875,1.8750,-40.0000,-12.5625,53.2500,27.0,-83.3125,1.0625,73.5000,3,3,3,3
3991288072,9.6700,0.3200,-1.3500,-1.1250,0.5000,2.0625,-40.0000,-12.5625,53.2500,27.0,-83.2500,1.0625,73.5000,3,3,3,3
3991298072,9.6100,0.4600,-0.6300,0.1875,1.9375,1.7500,-40.0000,-12.5625,53.2500,27.0,-83.2500,1.1250,73.5625,3,3,3,3
3991308249,9.4800,0.4000,-0.6800,-0.3125,-0.0000,1.8125,-40.0000,-12.5625,53.2500,27.0,-83.2500,1.1250,73.5625,3,3,3,3
3991318311,9.4500,0.3700,-0.9500,0.1250,-3.5000,1.1250,-40.0000,-12.5625,53.2500,27.0,-83.2500,1.1250,73.5625,3,3,3,3
3991328311,9.4500,0.3700,-0.9500,0.1250,-3.5000,1.1250,-40.0000,-12.5625,53.2500,27.0,-83.2500,1.1250,73.5625,3,3,3,3
3991338311,9.5800,0.3800,-1.5600,-0.2500,-4.6875,1.5000,-40.7500,-11.5000,53.3750,27.0,-83.3750,1.1875,73.6250,3,3,3,3
3991348311,9.5700,0.3400,-1.4100,-0.1250,-1.8750,1.6875,-40.7500,-11.5000,53.3750,27.0,-83.3750,1.1875,73.6250,3,3,3,3
3991358483,9.6200,0.4300,-1.3000,0.1250,-0.2500,1.8125,-40.7500,-11.5000,53.3750,27.0,-83.3750,1.1875,73.6250,3,3,3,3
3991368606,9.6000,0.3700,-1.1200,-0.0000,-0.0625,1.7500,-40.7500,-11.5000,53.3750,27.0,-83.3750,1.1875,73.6250,3,3,3,3
3991378606,9.5700,0.3200,-1.1400,-0.0625,-1.3125,1.0625,-41.0625,-12.8750,52.8750,27.0,-83.3750,1.1875,73.6250,3,3,3,3
3991388606,9.6200,0.3700,-1.1500,-0.2500,-2.5000,1.0000,-41.0625,-12.8750,52.8750,27.0,-83.3750,1.2500,73.6875,3,3,3,3
3991398606,9.6000,0.2900,-1.2300,-1.1875,-2.5000,1.1250,-41.0625,-12.8750,52.8750,27.0,-83.4375,1.2500,73.6875,3,3,3,3
3991408606,9.6900,0.3100,-1.0300,-0.3125,-1.7500,0.1875,-41.0625,-12.8750,52.8750,27.0,-83.4375,1.2500,73.6250,3,3,3,3
3991418819,9.7100,0.5700,-0.6500,3.0625,-1.5000,-1.5000,-41.0625,-12.8750,52.8750,27.0,-83.4375,1.2500,73.6250,3,3,3,3
3991428819,9.5700,0.4900,-0.8400,2.6875,-3.4375,-0.9375,-40.0000,-12.1875,53.6875,27.0,-83.5000,1.2500,73.6250,3,3,3,3
3991438819,9.5700,0.3900,-1.1500,2.0625,-5.6250,-0.4375,-40.0000,-12.1875,53.6875,27.0,-83.6250,1.2500,73.6250,3,3,3,3
3991448905,9.6400,0.5100,-1.5700,-0.0000,-7.0625,-0.2500,-40.0000,-12.1875,53.6875,27.0,-83.6875,1.2500,73.6250,3,3,3,3
3991458905,9.7000,0.3200,-1.7300,-3.1250,-5.6250,0.7500,-40.0000,-12.1875,53.6875,27.0,-83.6875,1.2500,73.6875,3,3,3,3
3991469165,9.7100,0.3600,-1.5100,-3.5625,-2.6250,1.0000,-40.0000,-12.1875,53.6875,27.0,-83.6875,1.2500,73.6875,3,3,3,3
3991479165,9.6400,0.3100,-1.0600,-2.1250,-0.3750,0.4375,-40.3750,-12.8750,53.6875,27.0,-83.6875,1.2500,73.6875,3,3,3,3
3991489165,9.5900,0.2200,-0.5400,-1.1875,-0.9375,-0.3125,-40.3750,-12.8750,53.6875,26.0,-83.7500,1.1875,73.6875,3,3,3,3
3991499165,9.6200,0.3400,-0.4000,0.7500,-3.5625,-2.5000,-40.3750,-12.8750,53.6875,26.0,-83.8125,1.1875,73.6250,3,3,3,3
3991509165,9.5800,0.4200,-0.5700,1.2500,-7.5000,-3.3125,-40.3750,-12.8750,53.6875,26.0,-83.9375,1.1250,73.6250,3,3,3,3
3991519366,9.5200,0.5200,-0.9200,0.3125,-10.3750,-3.0000,-40.3750,-12.8750,53.6875,26.0,-83.9375,1.1250,73.6250,3,3,3,3
3991529366,9.4900,0.5000,-1.6300,-1.3750,-11.4375,-2.1875,-41.5000,-12.8750,53.2500,26.0,-84.0000,1.1250,73.6250,3,3,3,3
3991539366,9.5800,0.4200,-1.8300,-3.2500,-10.1875,-1.3125,-41.5000,-12.8750,53.2500,26.0,-84.1875,1.1250,73.6875,3,3,3,3
3991549366,9.7000,0.5100,-1.5800,-4.1250,-6.9375,-0.5625,-41.5000,-12.8750,53.2500,26.0,-84.2500,1.1250,73.6875,3,3,3,3
3991559366,9.7400,0.4200,-1.2800,-5.0625,-3.5000,0.4375,-41.5000,-12.8750,53.2500,26.0,-84.2500,1.1250,73.7500,3,3,3,3
3991569484,9.5700,0.4000,-0.6600,-4.0000,-2.9375,-0.1875,-41.5000,-12.8750,53.2500,26.0,-84.2500,1.1250,73.7500,3,3,3,3
3991579484,9.5200,0.4400,-0.7500,-5.0000,-5.4375,-0.1875,-41.5000,-11.5000,53.2500,26.0,-84.3125,1.0625,73.8125,3,3,3,3
3991589484,9.4600,0.2000,-1.2900,-6.8125,-8.6250,-0.2500,-41.5000,-11.5000,53.2500,26.0,-84.3750,1.0625,73.8750,3,3,3,3
3991599484,9.6000,0.4100,-1.4200,-6.4375,-8.1875,-1.5625,-41.5000,-11.5000,53.2500,26.0,-84.5000,1.0625,73.9375,3,3,3,3
3991609774,9.5600,0.4000,-1.3100,-6.3750,-4.9375,-1.9375,-41.5000,-11.5000,53.2500,26.0,-84.5000,1.0625,73.9375,3,3,3,3
3991619774,9.5700,0.4600,-0.7900,-4.5625,-2.0625,-2.3750,-41.5000,-11.5000,53.2500,26.0,-84.5000,1.0000,73.9375,3,3,3,3
3991629774,9.6300,0.5800,-0.2100,-3.3125,-1.8125,-2.1875,-41.7500,-10.3750,52.5625,26.0,-84.5625,1.0000,74.0000,3,3,3,3
3991639774,9.4000,0.6200,-0.1300,-4.1875,-5.5625,-1.2500,-41.7500,-10.3750,52.5625,26.0,-84.6875,1.0000,74.0625,3,3,3,3
3991649774,9.3600,0.3600,-0.5000,-5.5625,-10.8750,-0.5000,-41.7500,-10.3750,52.5625,26.0,-84.8750,1.0000,74.0625,3,3,3,3
3991659774,9.4000,0.3900,-0.9000,-5.0000,-14.5000,-0.9375,-41.7500,-10.3750,52.5625,26.0,-85.0000,0.9375,74.1250,3,3,3,3
3991670049,9.4500,0.4600,-1.2200,-4.7500,-14.7500,-1.2500,-41.7500,-10.3750,52.5625,26.0,-85.0000,0.9375,74.1250,3,3,3,3
3991680049,9.6000,0.3700,-0.9200,-4.6250,-12.2500,-1.1875,-41.7500,-10.7500,52.1875,26.0,-85.1250,0.9375,74.1250,3,3,3,3
3991690049,9.5000,0.3500,-0.8300,-4.6250,-10.1250,-1.1250,-41.7500,-10.7500,52.1875,26.0,-85.1875,0.9375,74.1875,3,3,3,3
3991700049,9.4600,0.3300,-0.8100,-4.7500,-10.0625,-1.0625,-41.7500,-10.7500,52.1875,26.0,-85.4375,0.8750,74.2500,3,3,3,3
3991710049,9.4600,0.3000,-0.9500,-5.0625,-11.4375,-0.7500,-41.7500,-10.7500,52.1875,26.0,-85.5625,0.8750,74.3125,3,3,3,3
3991720151,9.5400,0.1600,-1.6600,-5.2500,-12.0625,-1.0625,-41.7500,-10.7500,52.1875,26.0,-85.5625,0.8750,74.3125,3,3,3,3
3991730151,9.7200,0.2900,-1.4300,-4.1875,-8.8750,-1.8125,-43.0000,-10.0000,52.8750,26.0,-85.6250,0.8750,74.3125,3,3,3,3
3991740151,9.7600,0.2900,-0.9500,-3.3750,-3.8750,-1.3750,-43.0000,-10.0000,52.8750,26.0,-85.6875,0.8125,74.3750,3,3,3,3
3991750151,9.5800,-0.1900,0.2500,-3.5000,-0.9375,-1.0625,-43.0000,-10.0000,52.8750,26.0,-85.6875,0.8125,74.3750,3,3,3,3
3991760166,9.5500,-0.4900,0.2100,-4.0625,-3.3125,-2.3750,-43.0000,-10.0000,52.8750,26.0,-85.8125,0.7500,74.3750,3,3,3,3
3991770261,9.4700,-0.4500,-0.0200,-3.6250,-9.0625,-5.3750,-43.0000,-10.0000,52.8750,26.0,-85.8125,0.7500,74.3750,3,3,3,3
3991780261,9.4200,-0.4200,-0.4900,-2.7500,-14.4375,-9.0000,-43.0000,-10.0000,52.8750,26.0,-85.9375,0.6875,74.3125,3,3,3,3
3991790261,9.5700,-0.1400,-1.5100,-2.0625,-16.3125,-11.5000,-43.0000,-10.0000,52.8750,26.0,-86.1250,0.5625,74.1875,3,3,3,3
3991800261,9.6500,0.2000,-1.4100,-1.3125,-13.4375,-13.3125,-43.0000,-10.0000,52.8750,26.0,-86.3750,0.3125,74.0000,3,3,3,3
3991810515,9.6400,0.3700,-1.1800,-2.3125,-8.5000,-12.7500,-43.0000,-10.0000,52.8750,26.0,-86.4375,0.1875,73.8750,3,3,3,3
3991820736,9.7000,0.3000,-0.9800,-3.3750,-5.5000,-11.1250,-43.0000,-10.0000,52.8750,26.0,-86.4375,0.1875,73.8750,3,3,3,3
3991830736,9.6500,0.5400,-0.4700,-3.3125,-4.1250,-10.1875,-44.2500,-9.2500,52.1875,26.0,-86.5000,0.0625,73.8125,3,3,3,3
3991840736,9.6300,0.6200,-0.4100,-2.8750,-4.8750,-9.1875,-44.2500,-9.2500,52.1875,26.0,-86.6250,0.0000,73.6875,3,3,3,3
3991850736,9.6500,0.7500,-0.4600,-2.3750,-7.1875,-8.0000,-44.2500,-9.2500,52.1875,26.0,-86.6875,-0.0625,73.6875,3,3,3,3
3991860736,9.5900,0.8400,-0.6900,-1.8750,-9.1250,-6.3750,-44.2500,-9.2500,52.1875,26.0,-86.7500,-0.1250,73.6250,3,3,3,3
3991870947,9.7300,0.9300,-1.1500,-1.8750,-9.2500,-4.0000,-44.2500,-9.2500,52.1875,26.0,-86.7500,-0.1250,73.6250,3,3,3,3
3991880947,9.7100,0.7900,-1.1500,-1.8750,-6.3125,-0.7500,-43.8750,-7.5000,51.0000,26.0,-86.8125,-0.1250,73.6875,3,3,3,3
3991890947,9.7000,0.7200,-0.8700,-0.0625,-2.8125,1.3750,-43.8750,-7.5000,51.0000,26.0,-86.8750,-0.0625,73.6875,3,3,3,3
3991900947,9.7000,0.3200,-0.5900,0.4375,-1.5625,2.9375,-43.8750,-7.5000,51.0000,26.0,-86.9375,-0.0625,73.7500,3,3,3,3
3991910947,9.6800,0.1400,-0.6200,-0.4375,-2.5000,4.3750,-43.8750,-7.5000,51.0000,26.0,-86.9375,0.0000,73.8125,3,3,3,3
3991920947,9.7200,0.0600,-0.6900,-1.8125,-3.0000,4.1875,-43.8750,-7.5000,51.0000,26.0,-86.9375,0.0000,73.8125,3,3,3,3
3991930947,9.7000,-0.1000,-0.7400,-1.3750,-3.0625,3.1250,-43.5625,-8.5625,51.0000,26.0,-86.9375,0.0000,73.8750,3,3,3,3
3991940947,9.6500,-0.1500,-0.6600,-0.6250,-2.3125,1.3125,-43.5625,-8.5625,51.0000,26.0,-87.0000,0.0000,73.8750,3,3,3,3
3991950947,9.6500,-0.1100,-0.5800,-0.5625,-1.5625,-0.4375,-43.5625,-8.5625,51.0000,26.0,-87.0000,0.0000,73.8750,3,3,3,3
3991960947,9.6200,-0.0100,-0.6000,-1.3125,-1.8750,-1.9375,-43.5625,-8.5625,51.0000,26.0,-87.0625,0.0000,73.8125,3,3,3,3
3991970947,9.6600,0.2900,-0.5000,-0.8750,-2.4375,-3.4375,-43.5625,-8.5625,51.0000,26.0,-87.0625,0.0000,73.8125,3,3,3,3
3991980947,9.5800,0.5600,-0.4800,-0.2500,-2.9375,-3.0000,-44.3750,-7.8750,51.0000,26.0,-87.0625,-0.0625,73.8125,2,3,3,3
3991990947,9.5600,0.4700,-0.7700,-0.6250,-3.5000,-1.3750,-44.3750,-7.8750,51.0000,26.0,-87.1250,-0.0625,73.8125,2,3,3,3
3992001154,9.5400,0.3800,-0.7800,-0.3125,-3.6250,0.1875,-44.3750,-7.8750,51.0000,26.0,-87.1875,-0.0625,73.8125,2,3,3,3
3992011154,9.5500,0.2700,-0.9000,-1.8125,-3.3125,1.1250,-44.3750,-7.8750,51.0000,26.0,-87.1875,-0.0625,73.8750,2,3,3,3
3992021497,9.6700,0.0500,-0.9900,-3.7500,-2.7500,1.0625,-44.3750,-7.8750,51.0000,26.0,-87.1875,-0.0625,73.8750,2,3,3,3
3992031497,9.7600,0.1600,-0.8000,-3.4375,-1.5625,-0.0625,-45.5000,-6.3750,51.0000,26.0,-87.2500,-0.0625,73.8750,2,3,3,3
3992041497,9.7600,0.2200,-0.6100,-3.1250,0.7500,-0.1250,-45.5000,-6.3750,51.0000,26.0,-87.1875,-0.0625,73.9375,2,3,3,3
3992051497,9.6100,0.2000,-0.2900,-3.6250,2.3125,-0.0625,-45.5000,-6.3750,51.0000,26.0,-87.1875,-0.0625,74.0000,2,3,3,3
3992061521,9.6500,0.3100,-0.2200,-2.6875,1.0625,-0.4375,-45.5000,-6.3750,51.0000,26.0,-87.1875,-0.0625,74.0000,2,3,3,3
3992071615,9.6500,0.3400,-0.3000,-2.4375,-1.0625,0.0625,-45.5000,-6.3750,51.0000,26.0,-87.1875,-0.0625,74.0000,2,3,3,3
3992081615,9.5900,0.2600,-0.4900,-3.0625,-1.7500,1.3125,-45.0625,-6.3750,52.1875,26.0,-87.1875,-0.0625,74.0625,2,3,3,3
3992091615,9.5600,0.2200,-0.6900,-1.6875,-1.8125,1.6250,-45.0625,-6.3750,52.1875,26.0,-87.2500,0.0000,74.1250,2,3,3,3
3992101677,9.5700,0.2100,-0.7400,-0.5000,-1.6250,1.5000,-45.0625,-6.3750,52.1875,26.0,-87.2500,0.0000,74.1250,2,3,3,3
3992111677,9.5400,0.1100,-0.8300,-1.2500,-0.8750,1.9375,-45.0625,-6.3750,52.1875,26.0,-87.2500,0.0000,74.1250,2,3,3,3
3992121865,9.5800,0.1300,-0.7800,-1.1875,0.1250,1.7500,-45.0625,-6.3750,52.1875,26.0,-87.2500,0.0000,74.1250,2,3,3,3
3992131865,9.5900,0.0500,-0.5300,-1.6875,1.3125,1.5000,-45.0625,-7.5000,51.0000,26.0,-87.2500,0.0000,74.1875,2,3,3,3
3992141865,9.5600,0.0200,-0.4400,-3.0000,1.6875,1.5625,-45.0625,-7.5000,51.0000,26.0,-87.1875,0.0000,74.2500,2,3,3,3
3992151865,9.5300,0.1000,-0.3000,-2.1875,1.8125,0.7500,-45.0625,-7.5000,51.0000,26.0,-87.1875,0.0000,74.2500,2,3,3,3
3992161948,9.5200,0.1800,-0.2800,-1.5000,0.6250,0.3750,-45.0625,-7.5000,51.0000,26.0,-87.1875,0.0000,74.3125,2,3,3,3
3992172135,9.5100,0.2600,-0.5800,-2.2500,-0.6875,0.5625,-45.0625,-7.5000,51.0000,26.0,-87.1875,0.0000,74.3125,2,3,3,3
3992182135,9.5500,0.3400,-0.5300,-2.3750,-1.0625,0.5000,-45.0625,-7.1875,50.5625,26.0,-87.1875,0.0000,74.3125,2,3,3,3
3992192135,9.5700,0.4300,-0.3200,-2.1875,-0.6250,1.0625,-45.0625,-7.1875,50.5625,26.0,-87.2500,0.0000,74.3750,2,3,3,3
3992202135,9.5700,0.3500,-0.1700,-2.4375,-0.4375,2.1250,-45.0625,-7.1875,50.5625,26.0,-87.2500,0.0625,74.4375,2,3,3,3
3992212135,9.5700,0.1400,-0.4100,-2.1875,-1.6250,2.8125,-45.0625,-7.1875,50.5625,26.0,-87.2500,0.1250,74.5000,2,3,3,3
3992222135,9.6100,0.1900,-0.3100,-0.3750,-2.6875,1.8750,-45.0625,-7.1875,50.5625,26.0,-87.2500,0.1250,74.5000,2,3,3,3
3992232135,9.6200,0.1500,-0.6200,0.1250,-3.6250,1.6875,-44.7500,-6.7500,51.6875,26.0,-87.3125,0.1250,74.5625,2,3,3,3
3992242135,9.6300,0.1000,-0.7900,-0.1250,-3.1875,1.5625,-44.7500,-6.7500,51.6875,26.0,-87.3750,0.1875,74.5625,2,3,3,3
3992252139,9.6200,0.1700,-0.6100,0.3125,-1.3125,0.3750,-44.7500,-6.7500,51.6875,26.0,-87.3750,0.1875,74.5625,2,3,3,3
3992262331,9.6500,0.1500,-0.8100,0.2500,-0.9375,0.0625,-44.7500,-6.7500,51.6875,26.0,-87.3750,0.1875,74.5625,2,3,3,3
3992272434,9.6700,0.2700,-0.6600,1.0625,0.1875,-0.3125,-44.7500,-6.7500,51.6875,26.0,-87.3750,0.1875,74.5625,2,3,3,3
3992282434,9.6300,0.2600,-0.4800,0.1875,1.1250,0.2500,-44.7500,-7.5000,51.3750,26.0,-87.3750,0.1875,74.5625,2,3,3,3
3992292434,9.6400,0.1700,-0.6700,-1.4375,0.8125,1.2500,-44.7500,-7.5000,51.3750,26.0,-87.3125,0.1875,74.5625,2,3,3,3
3992302434,9.7000,0.2000,-0.5800,-2.6250,0.1250,1.7500,-44.7500,-7.5000,51.3750,26.0,-87.3125,0.1875,74.6250,2,3,3,3
3992312434,9.7900,0.2000,-0.4700,-3.1875,0.1250,1.5000,-44.7500,-7.5000,51.3750,26.0,-87.3125,0.2500,74.6875,2,3,3,3
3992322434,9.7100,0.1800,-0.4800,-3.0000,0.3750,1.8125,-44.7500,-7.5000,51.3750,26.0,-87.3125,0.2500,74.7500,2,3,3,3
3992332434,9.6900,0.2100,-0.3200,-2.1250,0.4375,1.2500,-44.7500,-6.3750,52.1875,26.0,-87.3125,0.2500,74.7500,2,3,3,3
3992342434,9.6700,0.2300,-0.3700,-1.2500,-0.5000,0.5000,-44.7500,-6.3750,52.1875,26.0,-87.3125,0.2500,74.7500,2,3,3,3
3992352434,9.6200,0.2500,-0.5100,-1.1875,-2.0000,0.2500,-44.7500,-6.3750,52.1875,26.0,-87.3125,0.2500,74.8125,2,3,3,3
3992362434,9.5800,0.1500,-0.9400,-1.7500,-3.2500,0.1875,-44.7500,-6.3750,52.1875,26.0,-87.3750,0.2500,74.8125,2,3,3,3
3992372644,9.6500,0.2000,-1.0600,-0.7500,-2.9375,-0.8125,-44.7500,-6.3750,52.1875,26.0,-87.3750,0.2500,74.8125,2,3,3,3
3992382644,9.6800,0.2700,-1.1000,0.8125,-1.1250,-1.5000,-45.5000,-5.6875,51.6875,26.0,-87.3750,0.2500,74.8125,2,3,3,3
3992392644,9.6300,0.2800,-0.2600,0.4375,2.0625,-1.0000,-45.5000,-5.6875,51.6875,26.0,-87.3125,0.2500,74.7500,2,3,3,3
3992402720,9.6400,0.3700,-0.0000,0.6250,3.3125,-1.3750,-45.5000,-5.6875,51.6875,26.0,-87.3125,0.2500,74.7500,2,3,3,3
3992412866,9.6300,0.4300,-0.0400,1.3750,1.7500,-1.3750,-45.5000,-5.6875,51.6875,26.0,-87.3125,0.2500,74.7500,2,3,3,3
3992423158,9.6200,0.3600,-0.4300,0.3750,-0.6875,-0.5000,-45.5000,-5.6875,51.6875,26.0,-87.3125,0.2500,74.7500,2,3,3,3
3992433158,9.5600,0.2500,-0.7000,-0.3125,-1.0625,0.3750,-45.0625,-6.7500,51.3750,26.0,-87.3125,0.2500,74.7500,2,3,3,3
3992443158,9.5300,0.1900,-0.8000,-0.3750,-0.4375,0.8750,-45.0625,-6.7500,51.3750,26.0,-87.3125,0.2500,74.7500,2,3,3,3
3992453158,9.5300,0.1300,-0.8600,-1.1250,0.2500,1.0625,-45.0625,-6.7500,51.3750,26.0,-87.3125,0.2500,74.7500,2,3,3,3
3992463165,9.5800,0.1600,-0.8100,-0.3750,0.2500,0.2500,-45.0625,-6.7500,51.3750,26.0,-87.3125,0.2500,74.7500,2,3,3,3
3992473220,9.6600,0.2400,-0.4700,0.3125,0.7500,-0.5000,-45.0625,-6.7500,51.3750,26.0,-87.3125,0.2500,74.7500,2,3,3,3
3992483220,9.6400,0.1100,-0.5200,-1.2500,0.8125,0.0625,-45.0625,-5.6875,52.1875,26.0,-87.3125,0.2500,74.7500,2,3,3,3
3992493220,9.5900,0.1300,-0.6000,-2.2500,0.5625,0.3125,-45.0625,-5.6875,52.1875,26.0,-87.3125,0.2500,74.8125,2,3,3,3
3992503220,9.6300,0.2000,-0.6300,-2.0000,0.7500,-0.0625,-45.0625,-5.6875,52.1875,27.0,-87.3125,0.2500,74.8125,2,3,3,3
3992513220,9.5500,0.3900,-0.5300,-1.4375,1.5000,-0.3125,-45.0625,-5.6875,52.1875,27.0,-87.2500,0.2500,74.8750,2,3,3,3
3992523220,9.5400,0.4600,-0.4300,-0.0000,1.9375,-0.6250,-45.0625,-5.6875,52.1875,27.0,-87.2500,0.2500,74.8750,2,3,3,3
3992533220,9.5200,0.4200,-0.5500,0.7500,1.5000,-0.0625,-45.0625,-6.7500,51.3750,27.0,-87.2500,0.3125,74.8750,2,3,3,3
3992543220,9.5900,0.2700,-0.8000,-0.6250,1.0000,1.0625,-45.0625,-6.7500,51.3750,27.0,-87.1875,0.3125,74.9375,2,3,3,3
3992553220,9.6600,0.3200,-0.5800,-1.7500,1.3750,1.6250,-45.0625,-6.7500,51.3750,27.0,-87.1875,0.3750,75.0000,2,3,3,3
3992563220,9.6100,0.2400,-0.4200,-1.8750,2.9375,2.3750,-45.0625,-6.7500,51.3750,27.0,-87.1250,0.3750,75.0000,2,3,3,3
3992573220,9.5600,0.1700,-0.0900,-0.6250,3.7500,2.2500,-45.0625,-6.7500,51.3750,27.0,-87.1250,0.4375,75.0625,2,3,3,3
3992583220,9.5000,0.1000,-0.3400,1.3750,2.3125,0.9375,-45.0625,-6.7500,50.5625,27.0,-87.0625,0.4375,75.0625,2,3,3,3
3992593220,9.4900,0.1500,-0.8300,2.1250,-1.3125,0.4375,-45.0625,-6.7500,50.5625,27.0,-87.0625,0.4375,75.0625,2,3,3,3
3992603479,9.5400,0.1300,-0.9300,1.3125,-2.6250,0.1250,-45.0625,-6.7500,50.5625,27.0,-87.1250,0.4375,75.0000,2,3,3,3
3992613590,9.6200,0.2200,-0.7000,0.1250,-0.6250,0.0625,-45.0625,-6.7500,50.5625,27.0,-87.1250,0.4375,75.0625,2,3,3,3
3992623949,9.5000,0.1000,-0.5700,-1.8125,1.1875,1.1250,-45.0625,-6.7500,50.5625,27.0,-87.1250,0.4375,75.0625,2,3,3,3
3992633949,9.5700,0.2300,-0.3700,-1.0000,1.2500,0.6875,-44.0000,-5.6875,52.0625,27.0,-87.0625,0.4375,75.0625,2,3,3,3
3992643969,9.6300,0.3600,-0.3300,0.6875,0.8125,-0.6250,-44.0000,-5.6875,52.0625,27.0,-87.0625,0.4375,75.0625,2,3,3,3
3992653969,9.6900,0.3200,-0.4200,-0.3125,0.1875,0.3125,-44.0000,-5.6875,52.0625,27.0,-87.0625,0.4375,75.0625,2,3,3,3
3992663969,9.5600,0.3300,-0.4600,0.7500,0.3750,0.6250,-44.0000,-5.6875,52.0625,27.0,-87.0625,0.4375,75.0625,2,3,3,3
3992674080,9.5300,0.2000,-0.5900,1.4375,0.0625,0.6250,-44.0000,-5.6875,52.0625,27.0,-87.0625,0.4375,75.0625,2,3,3,3
3992684080,9.5900,0.2500,-0.5700,1.9375,-1.3125,0.5000,-45.0625,-6.3750,51.3750,27.0,-87.1250,0.5000,75.0625,2,3,3,3
3992694080,9.6400,0.1700,-0.9100,1.6250,-2.1875,0.1250,-45.0625,-6.3750,51.3750,27.0,-87.1250,0.5000,75.0000,2,3,3,3
3992704080,9.6800,0.2000,-0.7700,-0.5625,-2.1875,0.5625,-45.0625,-6.3750,51.3750,27.0,-87.1250,0.5000,75.0000,2,3,3,3
3992714165,9.7800,0.3800,-0.4800,0.4375,-0.8750,-0.0000,-45.0625,-6.3750,51.3750,27.0,-87.1250,0.5000,75.0000,2,3,3,3
3992724277,9.6900,0.3600,-0.4500,0.8750,0.1250,-0.0000,-45.0625,-6.3750,51.3750,27.0,-87.1250,0.5000,75.0000,2,3,3,3
3992734277,9.5800,0.1900,-0.7500,-0.8125,-0.4375,0.9375,-44.7500,-7.1875,50.1875,27.0,-87.1250,0.5000,75.0625,2,3,3,3
3992744277,9.6400,0.3100,-0.7700,-0.6875,-1.8125,0.5000,-44.7500,-7.1875,50.1875,27.0,-87.1250,0.5000,75.0625,2,3,3,3
3992754277,9.6300,0.2500,-0.8100,0.0625,-2.3125,-0.2500,-44.7500,-7.1875,50.1875,27.0,-87.1250,0.5000,75.0625,2,3,3,3
3992764277,9.5900,0.1400,-0.8300,-0.6250,-1.3750,0.1250,-44.7500,-7.1875,50.1875,27.0,-87.1250,0.5000,75.0625,2,3,3,3
3992774277,9.6500,0.2500,-0.8200,0.1875,-0.3125,-0.1875,-44.7500,-7.1875,50.1875,27.0,-87.1250,0.5625,75.0625,2,3,3,3
3992784277,9.7300,0.3800,-0.3800,1.3125,1.3125,-0.6250,-44.7500,-8.1875,52.1875,27.0,-87.0625,0.5625,75.0625,2,3,3,3
3992794277,9.6800,0.4400,-0.0700,0.6250,3.0625,-0.3750,-44.7500,-8.1875,52.1875,27.0,-87.0625,0.5625,75.0625,2,3,3,3
3992804277,9.4800,0.1900,-0.1400,-1.6250,2.6250,1.0625,-44.7500,-8.1875,52.1875,27.0,-87.0000,0.5625,75.1250,2,3,3,3
3992814459,9.5700,0.1900,-0.8400,-2.3125,-0.2500,0.6250,-44.7500,-8.1875,52.1875,27.0,-87.0625,0.5625,75.1250,2,3,3,3
3992824774,9.7500,0.3400,-0.8300,-1.5625,-2.8750,-0.6875,-44.7500,-8.1875,52.1875,27.0,-87.0625,0.5625,75.1250,2,3,3,3
3992834774,9.7500,0.3500,-0.7300,-1.0625,-1.3750,-0.8125,-44.7500,-6.7500,50.5625,27.0,-87.0625,0.5625,75.1250,2,3,3,3
3992844774,9.5800,0.1400,-0.4800,-0.8125,1.4375,0.1875,-44.7500,-6.7500,50.5625,27.0,-87.0000,0.5625,75.1250,2,3,3,3
3992854929,9.6300,0.2100,-0.2400,-0.5000,2.7500,0.6250,-44.7500,-6.7500,50.5625,27.0,-87.0000,0.5625,75.1250,2,3,3,3
3992864941,9.6900,0.3400,-0.2400,-0.0625,1.5625,-0.0625,-44.7500,-6.7500,50.5625,27.0,-87.0000,0.5625,75.1875,2,3,3,3
3992874984,9.6100,0.2000,-0.5800,-1.4375,0.5000,0.8125,-44.7500,-6.7500,50.5625,27.0,-87.0000,0.5625,75.1875,2,3,3,3
3992884984,9.5400,0.1300,-1.3300,-1.7500,-0.1875,1.3125,-45.5000,-6.3750,50.5625,27.0,-87.0000,0.5625,75.1875,2,3,3,3
3992894984,9.6100,0.1800,-1.5800,-1.1875,0.3125,0.7500,-45.5000,-6.3750,50.5625,27.0,-87.0000,0.5625,75.2500,2,3,3,3
3992905158,9.6800,0.2300,-1.5300,-2.0000,3.2500,0.7500,-45.5000,-6.3750,50.5625,27.0,-86.8750,0.5625,75.3125,2,3,3,3
3992915404,9.7000,0.3000,-1.3800,-3.1250,9.1250,1.5625,-45.5000,-6.3750,50.5625,27.0,-86.7500,0.6250,75.3750,2,3,3,3
3992925805,9.7000,0.2700,-0.9800,-4.0000,15.0625,2.9375,-45.5000,-6.3750,50.5625,27.0,-86.7500,0.6250,75.3750,2,3,3,3
3992935805,9.7900,0.4500,-0.7000,-3.5000,19.1875,3.6250,-44.0000,-6.7500,51.6875,27.0,-86.5625,0.6250,75.4375,2,3,3,3
3992945805,9.7800,0.4600,-0.3400,-4.2500,20.8750,5.3125,-44.0000,-6.7500,51.6875,27.0,-86.1250,0.7500,75.6875,2,3,3,3
3992955805,9.6500,0.1000,-1.3800,-9.8125,21.0625,8.8125,-44.0000,-6.7500,51.6875,27.0,-85.8750,0.8750,75.9375,2,3,3,3
3992965968,9.7500,-0.0800,-3.1700,-14.8750,21.8125,11.6875,-44.0000,-6.7500,51.6875,27.0,-85.5625,1.0000,76.2500,2,3,3,3
3992976149,9.7300,-0.5000,-3.8000,-20.6875,28.8125,14.5625,-44.0000,-6.7500,51.6875,27.0,-85.5625,1.0000,76.2500,2,3,3,3
3992986149,10.1000,-0.2200,-3.7100,-24.1250,42.0000,16.3750,-43.2500,-7.8750,51.6875,27.0,-85.1250,1.1250,76.6250,2,3,3,3
3992996149,9.5900,-0.3500,-2.8400,-22.3750,59.3125,16.5000,-43.2500,-7.8750,51.6875,27.0,-83.8750,1.3750,77.2500,2,3,3,3
3993006149,10.1300,0.1100,-2.2300,-21.0625,71.8750,12.4375,-43.2500,-7.8750,51.6875,27.0,-83.0625,11.7500,77.3125,2,3,3,3
3993016572,10.2100,1.0400,-1.2000,-12.2500,84.1875,-0.2500,-43.2500,-7.8750,51.6875,27.0,-82.2500,9.9375,77.3125,2,3,3,3
3993026651,9.9500,0.7200,-1.3800,-3.9375,89.6250,-6.5000,-43.2500,-7.8750,51.6875,27.0,-82.2500,9.9375,77.3125,2,3,3,3
3993036651,9.9300,0.2300,-2.9100,-3.0000,89.3125,-6.1250,-41.0625,-8.5625,52.8750,27.0,-81.3750,8.5625,77.2500,2,3,3,3
3993046651,10.0200,0.3900,-3.5900,2.6875,86.5625,-8.0000,-41.0625,-8.5625,52.8750,27.0,-79.7500,6.4375,76.9375,2,3,3,3
3993056671,10.5500,0.4500,-3.8600,10.3750,87.5625,-7.4375,-41.0625,-8.5625,52.8750,27.0,-78.8125,6.0625,76.8750,2,3,3,3
3993066671,11.0300,0.2200,-3.9300,12.5000,96.3125,1.3750,-41.0625,-8.5625,52.8750,27.0,-77.6875,6.3125,76.8750,2,3,3,3
3993076951,10.4500,0.0900,-3.0100,10.5625,111.3750,15.3750,-41.0625,-8.5625,52.8750,27.0,-77.6875,6.3125,76.8750,2,3,3,3
3993086951,10.4600,-0.2500,-2.6700,5.1250,126.2500,30.8750,-37.0625,-9.6875,54.8750,27.0,-76.4375,7.0625,77.1250,2,3,3,3
3993096951,10.4500,-0.6500,-2.3300,-8.0000,138.3750,44.0625,-37.0625,-9.6875,54.8750,27.0,-73.6250,8.6250,78.1250,2,3,3,3
3993106951,10.3900,-0.8700,-2.0700,-17.4375,143.1875,44.6250,-37.0625,-9.6875,54.8750,27.0,-72.1875,8.7500,78.5000,2,3,3,3
3993116951,9.5700,-0.3500,-1.4300,-20.6875,143.5000,33.0625,-37.0625,-9.6875,54.8750,27.0,-70.8125,8.5625,78.7500,2,3,3,3
3993127032,9.1500,-0.1500,-0.9900,-14.0000,144.2500,19.4375,-37.0625,-9.6875,54.8750,27.0,-70.8125,8.5625,78.7500,2,3,3,3
3993137032,8.7300,-0.1100,-0.8900,-5.8125,142.5000,7.5000,-29.8750,-11.0625,57.5625,27.0,-69.4375,8.1250,78.8125,2,3,3,3
3993147032,8.1500,-0.1500,-0.9300,3.3750,136.5000,-4.2500,-29.8750,-11.0625,57.5625,27.0,-66.9375,7.0000,78.4375,2,3,3,3
3993157032,7.1000,0.4900,-1.3300,14.5625,123.7500,-15.3125,-29.8750,-11.0625,57.5625,27.0,-65.9375,6.3750,78.0625,2,3,3,3
3993167192,7.3300,0.7400,-2.7800,17.3750,106.6250,-23.7500,-29.8750,-11.0625,57.5625,27.0,-65.1250,5.5625,77.6250,2,3,3,3
3993177293,8.9600,1.2500,-3.9400,11.3750,92.6875,-33.1875,-29.8750,-11.0625,57.5625,27.0,-65.1250,5.5625,77.6250,2,3,3,3
3993187293,9.9700,1.5500,-5.4900,10.3125,82.8750,-32.3750,-22.1875,-13.6875,60.5000,27.0,-64.3125,4.8750,77.2500,2,3,3,3
3993197293,9.6900,1.2700,-6.3500,8.7500,75.5625,-8.0000,-22.1875,-13.6875,60.5000,27.0,-62.8125,4.8750,77.1875,2,3,3,3
3993207293,9.9100,1.5700,-6.1700,5.0000,83.5625,16.0625,-22.1875,-13.6875,60.5000,27.0,-61.7500,5.3750,77.3125,2,3,3,3
3993217361,9.3900,1.7000,-5.1100,15.2500,103.0625,28.5000,-22.1875,-13.6875,60.5000,27.0,-60.4375,6.0625,77.3750,2,3,3,3
3993227523,8.9700,1.6100,-3.1400,38.8125,133.1875,32.4375,-22.1875,-13.6875,60.5000,27.0,-60.4375,6.0625,77.3750,2,3,3,3
3993237523,8.2900,1.4100,-2.7700,40.3750,128.8125,31.1250,-16.6875,-14.0000,62.5000,27.0,-59.1875,6.7500,77.4375,2,3,3,3
3993247523,7.5500,1.3900,-3.3500,40.3750,128.8125,31.1250,-16.6875,-14.0000,62.5000,27.0,-56.7500,7.8750,77.5000,2,3,3,3
3993257678,7.2100,1.2100,-4.4700,34.4375,115.6875,27.1250,-16.6875,-14.0000,62.5000,27.0,-55.8125,8.1250,77.4375,2,3,3,3
3993267828,6.3900,0.4800,-7.7500,22.3750,95.8750,14.0000,-16.6875,-14.0000,62.5000,27.0,-54.8750,8.1875,77.2500,2,3,3,3
3993277905,6.2300,0.0500,-8.8800,26.6250,100.3750,1.9375,-16.6875,-14.0000,62.5000,27.0,-54.8750,8.1875,77.2500,2,3,3,3
3993287905,7.3300,0.1300,-9.4300,39.7500,111.0000,-13.0000,-10.1875,-17.2500,63.6875,27.0,-53.8125,8.1875,76.8750,2,3,3,3
3993297905,8.8400,1.1500,-8.9200,57.9375,118.2500,-15.1250,-10.1875,-17.2500,63.6875,27.0,-51.5000,8.7500,76.0000,2,3,3,3
3993307905,10.3200,3.0100,-7.2400,66.1250,123.1250,0.8125,-10.1875,-17.2500,63.6875,27.0,-50.2500,9.5625,76.0000,2,3,3,3
3993318141,9.7900,3.1600,-6.7500,66.2500,128.4375,35.1250,-10.1875,-17.2500,63.6875,27.0,-48.8125,10.5000,76.2500,2,3,3,3
3993328382,8.2800,3.2100,-6.8200,49.5625,141.5625,63.0000,-10.1875,-17.2500,63.6875,27.0,-48.8125,10.5000,76.2500,2,3,3,3
3993338382,7.8500,2.1300,-6.4600,27.6250,151.7500,74.9375,-4.0000,-19.8750,63.7500,27.0,-47.1875,11.2500,76.7500,2,3,3,3
3993348382,7.4200,1.9600,-6.6700,10.1875,152.3750,76.4375,-4.0000,-19.8750,63.7500,27.0,-44.0625,12.1250,78.0000,2,3,3,3
3993358382,7.0900,1.8700,-7.3100,-4.6875,148.9375,75.4375,-4.0000,-19.8750,63.7500,27.0,-42.5000,12.3750,78.6250,2,3,3,3
3993368382,6.7300,1.5200,-8.2700,-16.4375,146.6250,73.4375,-4.0000,-19.8750,63.7500,27.0,-41.0000,12.4375,79.1875,2,3,3,3
3993378455,5.8900,-0.1500,-10.2300,-18.9375,149.0000,63.1875,-4.0000,-19.8750,63.7500,27.0,-41.0000,12.4375,79.1875,2,3,3,3
3993388455,5.7200,-0.6500,-10.7000,-8.1875,158.5000,37.1875,4.2500,-22.3750,63.0625,27.0,-39.3750,12.3750,79.4375,3,3,3,3
3993398455,6.4300,0.0500,-10.2400,23.6250,173.9375,-0.0000,4.2500,-22.3750,63.0625,27.0,-36.0625,12.4375,78.5625,3,3,3,3
3993408455,8.4200,1.4700,-8.3000,61.7500,182.0000,-26.1875,4.2500,-22.3750,63.0625,27.0,-34.4375,12.7500,77.9375,3,3,3,3
3993418455,7.9500,4.1400,-5.9000,72.6875,178.9375,-21.3750,4.2500,-22.3750,63.0625,27.0,-32.8125,13.1875,77.6250,3,3,3,3
3993428803,6.4000,5.0600,-5.9200,69.4375,172.8750,8.3125,4.2500,-22.3750,63.0625,27.0,-32.8125,13.1875,77.6250,3,3,3,3
3993438803,5.9200,4.9200,-6.0700,58.6875,161.0625,39.8125,14.5625,-22.6875,62.8750,27.0,-31.1875,13.7500,77.6875,3,3,3,3
3993448803,5.2500,4.1900,-6.4500,40.1250,147.2500,61.0625,14.5625,-22.6875,62.8750,27.0,-28.1875,14.6875,78.5000,3,3,3,3
3993458861,4.4500,2.2100,-9.9100,21.3125,140.6250,70.0000,14.5625,-22.6875,62.8750,27.0,-26.6250,14.9375,78.9375,3,3,3,3
3993469009,4.3100,1.2300,-11.3300,13.5625,145.6875,70.2500,14.5625,-22.6875,62.8750,27.0,-24.9375,15.1875,79.3125,3,3,3,3
3993479273,4.3300,0.4900,-11.6300,15.5625,162.5000,64.2500,14.5625,-22.6875,62.8750,27.0,-24.9375,15.1875,79.3125,3,3,3,3
3993489273,4.3400,-0.2400,-10.0200,16.2500,183.7500,50.0000,24.2500,-25.5625,59.3750,27.0,-23.1250,15.3750,79.5625,3,3,3,3
3993499273,4.4500,0.0400,-9.2800,5.6250,197.8750,27.8125,24.2500,-25.5625,59.3750,27.0,-19.3125,15.0625,79.4375,3,3,3,3
3993509273,4.6500,0.5000,-8.9200,-12.6875,199.2500,7.6250,24.2500,-25.5625,59.3750,27.0,-17.5000,14.6250,79.1875,3,3,3,3
3993519273,5.3800,0.9900,-8.9700,-25.0625,192.3125,-5.4375,24.2500,-25.5625,59.3750,27.0,-15.8125,14.3125,78.9375,3,3,3,3
3993529273,5.4600,3.5600,-8.7800,-19.6875,182.9375,-1.6875,24.2500,-25.5625,59.3750,27.0,-15.8125,14.3125,78.9375,3,3,3,3
3993539273,4.3500,3.2800,-8.8200,-5.9375,177.5625,9.6875,33.5625,-25.5625,54.3750,27.0,-14.1250,14.1250,78.8750,3,3,3,3
3993549273,3.8200,3.7300,-9.2500,11.4375,178.0000,12.3750,33.5625,-25.5625,54.3750,27.0,-10.6875,14.4375,78.6875,3,3,3,3
3993559278,3.2000,4.3700,-9.3900,31.6875,178.2500,18.3125,33.5625,-25.5625,54.3750,27.0,-8.9375,14.7500,78.6875,3,3,3,3
3993569278,1.5800,4.0700,-8.9300,36.7500,179.2500,27.5625,33.5625,-25.5625,54.3750,27.0,-7.1875,14.9375,78.7500,3,3,3,3
3993579444,1.3900,3.3200,-9.3100,18.7500,182.6250,30.4375,33.5625,-25.5625,54.3750,27.0,-7.1875,14.9375,78.7500,3,3,3,3
3993589444,1.4900,2.4000,-10.2900,-5.1250,187.3125,28.2500,41.8750,-24.5000,49.5000,27.0,-5.3750,14.8125,78.8125,3,3,3,3
3993599444,1.2400,1.1100,-10.6600,-22.6250,197.4375,20.2500,41.8750,-24.5000,49.5000,27.0,-1.5000,14.2500,78.5000,3,3,3,3
3993609444,2.4300,0.6900,-9.6100,-33.9375,208.6875,2.2500,41.8750,-24.5000,49.5000,27.0,0.3750,14.0000,78.1250,3,3,3,3
3993619444,2.6000,1.0900,-8.7700,-26.2500,208.9375,-14.3750,41.8750,-24.5000,49.5000,27.0,2.1875,14.0000,77.6875,3,3,3,3
3993629444,1.6800,1.2600,-7.0300,1.5000,199.0000,-24.0625,41.8750,-24.5000,49.5000,27.0,2.1875,14.0000,77.6875,3,3,3,3
3993639444,0.3700,4.4700,-5.0300,21.6875,181.5625,-31.8750,48.7500,-23.5625,42.1875,27.0,3.8125,14.2500,77.1250,3,3,3,3
3993649444,0.3900,5.5000,-4.5000,26.9375,160.1875,-23.9375,48.7500,-23.5625,42.1875,27.0,6.5000,14.8125,76.5625,3,3,3,3
3993659444,-0.2000,5.4600,-4.6100,20.2500,133.7500,-3.1875,48.7500,-23.5625,42.1875,27.0,7.5625,14.8750,76.5000,3,3,3,3
3993669444,-0.8700,4.8500,-5.4300,1.9375,108.8125,13.6250,48.7500,-23.5625,42.1875,27.0,8.5000,14.6250,76.6250,3,3,3,3
3993679635,-1.1700,3.6400,-8.0000,-22.2500,94.3750,25.1875,48.7500,-23.5625,42.1875,27.0,8.5000,14.6250,76.6250,3,3,3,3
3993689635,-1.3600,2.9200,-8.6200,-43.8750,93.5625,32.0625,54.5625,-23.8750,33.8750,27.0,9.4375,14.1875,76.8125,3,3,3,3
3993699635,-1.6100,2.2700,-9.0700,-58.7500,100.3125,33.3125,54.5625,-23.8750,33.8750,27.0,11.5000,13.0000,77.0625,3,3,3,3
3993709635,-1.7300,1.9200,-9.0300,-60.8750,105.1250,31.4375,54.5625,-23.8750,33.8750,27.0,12.5625,12.4375,77.1875,3,3,3,3
3993719670,-2.1700,2.2000,-8.3500,-56.1250,102.8750,29.3125,54.5625,-23.8750,33.8750,27.0,13.5000,11.8750,77.3125,3,3,3,3
3993729936,-2.1800,2.3600,-8.4000,-56.2500,94.6250,26.5625,54.5625,-23.8750,33.8750,27.0,13.5000,11.8750,77.3125,3,3,3,3
3993739936,-2.2000,2.4000,-8.9500,-65.5625,86.8750,23.1250,56.3750,-22.0625,30.3750,27.0,14.3750,11.2500,77.3750,3,3,3,3
3993749936,-2.1400,2.5500,-9.7800,-73.2500,82.9375,22.0000,56.3750,-22.0625,30.3750,27.0,16.0625,9.7500,77.5000,3,3,3,3
3993759936,-2.0700,2.8000,-10.0500,-79.1875,83.6875,25.3750,56.3750,-22.0625,30.3750,27.0,16.9375,8.8750,77.6250,3,3,3,3
3993769996,-2.2200,2.2700,-10.1700,-86.2500,87.8750,32.0625,56.3750,-22.0625,30.3750,27.0,17.8750,7.9375,77.7500,3,3,3,3
3993780256,-2.5700,1.7200,-10.2300,-87.5000,93.8750,37.0625,56.3750,-22.0625,30.3750,27.0,17.8750,7.9375,77.7500,3,3,3,3
3993790256,-2.8900,0.9400,-9.4100,-81.8125,97.8125,39.8750,59.0000,-18.5000,25.1875,27.0,18.8750,7.0625,77.9375,3,3,3,3
3993800256,-3.1500,0.7600,-8.8000,-76.7500,97.7500,40.6875,59.0000,-18.5000,25.1875,27.0,20.8125,5.4375,78.3750,3,3,3,3
3993810256,-3.4400,-1.6200,-13.2700,-71.9375,97.3125,38.0000,59.0000,-18.5000,25.1875,27.0,21.8750,5.1875,78.5000,3,3,3,3
3993820256,-4.2400,-2.8400,-14.8900,-20.0000,106.1875,24.8125,59.0000,-18.5000,25.1875,27.0,23.1250,5.3125,78.5625,3,3,3,3
3993830256,-3.2800,1.1300,-11.2200,14.3125,130.8750,3.8750,59.0000,-18.5000,25.1875,27.0,23.1250,5.3125,78.5625,3,3,3,3
3993840256,-3.2400,1.7500,-9.5200,24.2500,147.5000,-2.1875,60.8750,-14.6875,23.1875,27.0,24.5625,5.6250,78.5000,3,3,3,3
3993850256,-3.7100,1.1200,-8.8600,24.3750,151.6875,1.8750,60.8750,-14.6875,23.1875,27.0,27.4375,6.2500,78.5000,3,3,3,3
3993860256,-4.1100,0.9500,-7.7600,24.8125,146.3125,3.8125,60.8750,-14.6875,23.1875,27.0,28.7500,6.4375,78.5625,3,3,3,3
3993870256,-4.1600,0.9300,-6.6200,13.8125,138.1250,7.1250,60.8750,-14.6875,23.1875,27.0,30.0000,6.4375,78.6250,3,3,3,3
3993880514,-4.4900,0.2400,-7.3600,0.3750,128.3125,11.3125,60.8750,-14.6875,23.1875,27.0,30.0000,6.4375,78.6250,3,3,3,3
3993890514,-4.9600,-0.2500,-7.9400,2.6250,114.8750,13.3750,62.0000,-13.6875,16.0000,27.0,31.1250,6.4375,78.6875,3,3,3,3
3993900514,-5.2000,-0.1200,-7.8300,10.1875,102.3125,12.3750,62.0000,-13.6875,16.0000,27.0,33.0625,6.6250,78.8125,3,3,3,3
3993910514,-5.0600,1.0300,-8.3000,8.8750,95.2500,9.5625,62.0000,-13.6875,16.0000,27.0,34.0000,6.6875,78.8750,3,3,3,3
3993920695,-4.9400,1.6200,-8.2200,3.1875,94.6875,8.1875,62.0000,-13.6875,16.0000,27.0,34.9375,6.6250,78.9375,3,3,3,3
3993930775,-4.9800,1.8700,-8.2100,-5.2500,99.5625,11.7500,62.0000,-13.6875,16.0000,27.0,34.9375,6.6250,78.9375,3,3,3,3
3993940775,-5.0300,1.8000,-8.0500,-11.5625,106.3125,19.1250,63.7500,-12.8750,9.6875,27.0,36.0000,6.5000,79.0000,3,3,3,3
3993950775,-4.8800,1.8000,-7.7500,-14.5625,112.6875,27.2500,63.7500,-12.8750,9.6875,27.0,38.2500,5.9375,79.4375,3,3,3,3
3993960847,-4.8300,1.6600,-7.5100,-15.6250,116.5000,35.6875,63.7500,-12.8750,9.6875,27.0,39.4375,5.5625,79.7500,3,3,3,3
3993970914,-5.0500,1.3900,-7.0600,-12.7500,116.1250,42.6875,63.7500,-12.8750,9.6875,27.0,40.5625,5.1250,80.1250,3,3,3,3
3993981018,-5.7500,0.9900,-6.6600,-9.6250,113.0000,47.3750,63.7500,-12.8750,9.6875,27.0,40.5625,5.1250,80.1250,3,3,3,3
3993991018,-5.8500,0.9000,-6.8400,-6.2500,107.8750,50.3750,63.3750,-12.8750,5.3750,27.0,41.6250,4.7500,80.5625,3,3,3,3
3994001018,-6.0700,0.8500,-6.6900,-1.0625,102.5000,51.3750,63.3750,-12.8750,5.3750,27.0,43.6250,4.0000,81.5000,3,3,3,3
3994011018,-6.3700,0.4200,-6.6000,1.8750,97.1250,50.5000,63.3750,-12.8750,5.3750,27.0,44.5625,3.6250,81.8750,3,3,3,3
3994021018,-7.3600,0.4200,-6.3400,-0.6250,93.1875,43.0625,63.3750,-12.8750,5.3750,27.0,45.5000,3.2500,82.0625,3,3,3,3
3994031022,-7.3700,0.5800,-6.7500,-16.5000,93.8125,31.3125,63.3750,-12.8750,5.3750,27.0,45.5000,3.2500,82.0625,3,3,3,3
3994041022,-6.7500,0.5200,-7.0200,-35.0625,99.5625,24.7500,64.5000,-9.6875,0.5625,27.0,46.5000,2.6875,82.1875,3,3,3,3
3994051022,-6.1300,0.4000,-6.9600,-46.1875,107.1875,25.6875,64.5000,-9.6875,0.5625,27.0,48.6250,1.2500,82.2500,3,3,3,3
3994061049,-6.2600,-0.2800,-7.0200,-48.1875,112.4375,29.8125,64.5000,-9.6875,0.5625,27.0,49.7500,0.5625,82.3750,3,3,3,3
3994071049,-6.5800,-0.6000,-6.6800,-43.5625,115.9375,29.5625,64.5000,-9.6875,0.5625,27.0,50.8750,0.0000,82.3750,3,3,3,3
3994081056,-7.1000,-0.9800,-6.4800,-36.8750,117.8125,22.8125,64.5000,-9.6875,0.5625,27.0,50.8750,0.0000,82.3750,3,3,3,3
3994091056,-7.5900,-0.5900,-5.9100,-30.6250,117.1875,13.1250,64.7500,-7.5625,-5.5000,27.0,52.0000,-0.5000,82.3750,3,3,3,3
3994101056,-7.7000,-0.2400,-5.7500,-27.8750,112.9375,5.8750,64.7500,-7.5625,-5.5000,27.0,53.1250,-0.8750,82.3125,3,3,3,3
3994111056,-8.1100,-0.2300,-6.2000,-27.3750,106.6250,2.6875,64.7500,-7.5625,-5.5000,27.0,55.1250,-1.4375,82.1250,3,3,3,3
3994121163,-8.3300,-0.1600,-6.1700,-24.1875,102.1250,0.0625,64.7500,-7.5625,-5.5000,27.0,56.1250,-1.6875,82.0000,3,3,3,3
3994131244,-7.5100,-0.0000,-5.6300,-23.0000,103.1875,-0.0000,64.7500,-7.5625,-5.5000,27.0,56.1250,-1.6875,82.0000,3,3,3,3
3994141244,-7.4800,-0.2500,-5.1200,-20.1875,105.8125,4.1250,63.0000,-6.0625,-10.1875,27.0,57.1875,-2.0000,81.9375,3,3,3,3
3994151244,-7.5300,-0.4900,-4.7500,-18.6250,103.6875,7.6875,63.0000,-6.0625,-10.1875,27.0,59.1250,-2.8125,81.9375,3,3,3,3
3994161414,-7.7400,-0.5700,-4.2300,-17.5625,100.0625,10.5625,63.0000,-6.0625,-10.1875,27.0,60.0000,-3.2500,82.0000,3,3,3,3
3994171516,-8.4000,-0.1800,-4.0300,-16.0000,92.0000,14.5000,63.0000,-6.0625,-10.1875,27.0,60.7500,-3.8125,82.1250,3,3,3,3
3994181694,-8.6800,-0.6300,-4.0000,-15.6250,80.0625,19.0000,63.0000,-6.0625,-10.1875,27.0,60.7500,-3.8125,82.1250,3,3,3,3
3994191694,-8.8000,-0.3900,-3.6900,-10.6250,68.7500,21.7500,62.5000,-6.8750,-15.7500,27.0,61.4375,-4.3750,82.3125,3,3,3,3
3994201694,-8.6300,-0.3300,-3.5500,-7.5000,57.8125,25.3125,62.5000,-6.8750,-15.7500,27.0,62.3750,-5.6250,82.6875,3,3,3,3
3994211747,-8.5100,-1.3300,-4.6600,-11.0625,47.6875,23.9375,62.5000,-6.8750,-15.7500,27.0,62.8125,-6.0625,82.7500,3,3,3,3
3994221914,-8.2500,-1.0900,-4.7300,-11.6875,42.9375,14.0000,62.5000,-6.8750,-15.7500,27.0,63.1875,-6.3125,82.7500,3,3,3,3
3994232289,-8.0900,-0.8600,-4.6100,-12.7500,43.2500,0.9375,62.5000,-6.8750,-15.7500,27.0,63.1875,-6.3125,82.7500,3,3,3,3
3994242289,-8.3800,-0.1000,-4.8000,-15.6875,45.4375,-8.7500,61.6875,-5.5000,-19.0000,27.0,63.6250,-6.3750,82.5625,3,3,3,3
3994252289,-8.4300,-0.2800,-5.0000,-16.1875,48.2500,-11.1875,61.6875,-5.5000,-19.0000,27.0,64.6250,-6.4375,82.1875,3,3,3,3
3994262289,-8.4500,-0.9500,-5.2100,-14.4375,51.3125,-12.0000,61.6875,-5.5000,-19.0000,27.0,65.2500,-6.3125,81.9375,3,3,3,3
3994272289,-8.2100,-0.9000,-4.9700,-8.4375,58.1875,-18.8125,61.6875,-5.5000,-19.0000,27.0,65.8750,-5.9375,81.7500,3,3,3,3
3994282289,-7.6800,-0.3800,-4.3000,-1.8750,65.6250,-24.3750,61.6875,-5.5000,-19.0000,27.0,65.8750,-5.9375,81.7500,3,3,3,3
3994292289,-7.8100,-0.0500,-3.9800,2.8125,71.5000,-24.1250,60.0625,-5.0625,-21.0000,27.0,66.5625,-5.5625,81.5625,3,3,3,3
3994302289,-8.0600,0.0600,-4.0000,6.8125,76.0625,-19.6250,60.0625,-5.0625,-21.0000,27.0,68.1250,-4.9375,81.3750,3,3,3,3
3994312289,-8.2700,-0.0400,-3.8100,11.0000,78.9375,-12.1875,60.0625,-5.0625,-21.0000,27.0,68.8750,-4.8125,81.4375,3,3,3,3
3994322289,-8.2700,-0.1700,-3.6900,13.1250,80.4375,-7.3750,60.0625,-5.0625,-21.0000,27.0,69.6875,-4.7500,81.5000,3,3,3,3
3994332444,-8.3200,-0.1700,-3.4400,14.3125,80.6250,-5.2500,60.0625,-5.0625,-21.0000,27.0,69.6875,-4.7500,81.5000,3,3,3,3
3994342444,-8.2600,-0.1800,-3.0700,16.8125,80.1250,-3.6875,57.8750,-7.2500,-23.3750,27.0,70.4375,-4.6250,81.5625,3,3,3,3
3994352444,-8.1300,-0.2600,-2.7500,16.3750,78.5000,-1.2500,57.8750,-7.2500,-23.3750,27.0,71.9375,-4.6250,81.8125,3,3,3,3
3994362444,-8.4900,-0.7600,-2.4100,16.4375,75.6875,0.3750,57.8750,-7.2500,-23.3750,27.0,72.6250,-4.5625,81.9375,3,3,3,3
3994372444,-8.5000,-0.9200,-2.4000,18.5000,71.9375,-2.0000,57.8750,-7.2500,-23.3750,27.0,73.3125,-4.2500,82.0000,3,3,3,3
3994382647,-8.5300,-0.7600,-2.1600,21.3125,67.8750,-8.2500,57.8750,-7.2500,-23.3750,27.0,73.3125,-4.2500,82.0000,3,3,3,3
3994392647,-8.6100,-0.1900,-2.0600,21.1875,61.8125,-13.6875,57.7500,-7.0000,-27.7500,27.0,73.8750,-3.7500,82.0625,3,3,3,3
3994402647,-8.7600,0.0900,-2.3500,14.4375,55.0000,-17.5000,57.7500,-7.0000,-27.7500,27.0,74.9375,-2.5000,81.8750,3,3,3,3
3994412729,-8.9500,0.4200,-2.4800,7.2500,50.0625,-18.6875,57.7500,-7.0000,-27.7500,27.0,75.3750,-1.8750,81.7500,3,3,3,3
3994422829,-9.0500,0.7400,-2.4900,2.0625,47.2500,-17.8125,57.7500,-7.0000,-27.7500,27.0,75.8750,-1.4375,81.5625,3,3,3,3
3994433030,-8.9300,1.1000,-2.1900,-1.2500,46.0000,-13.1875,57.7500,-7.0000,-27.7500,27.0,75.8750,-1.4375,81.5625,3,3,3,3
3994443030,-8.8000,1.1200,-2.0600,-3.6250,44.6250,-5.5625,55.8750,-6.1875,-30.0625,27.0,76.3125,-1.3125,81.5000,3,3,3,3
3994453030,-8.8700,1.0000,-1.9900,-6.3750,43.4375,3.8125,55.8750,-6.1875,-30.0625,27.0,76.6875,-1.5625,81.5000,3,3,3,3
3994463030,-8.9500,0.6500,-2.1100,-9.2500,42.4375,12.6250,55.8750,-6.1875,-30.0625,27.0,77.5000,-3.1875,81.6250,3,3,3,3
3994473030,-8.9800,0.2200,-2.1600,-11.8750,42.7500,17.6250,55.8750,-6.1875,-30.0625,27.0,77.9375,-4.3750,81.7500,3,3,3,3
3994483201,-9.0000,0.1400,-1.9700,-12.6250,44.3750,19.6250,55.8750,-6.1875,-30.0625,27.0,77.9375,-4.3750,81.7500,3,3,3,3
3994493201,-8.9400,-0.0000,-1.8900,-11.6875,45.8750,20.5000,54.3750,-6.1875,-33.1875,27.0,78.3750,-5.5625,81.8750,3,3,3,3
3994503201,-9.2100,-0.6100,-2.1400,-9.1875,47.8125,18.5625,54.3750,-6.1875,-33.1875,27.0,78.8125,-6.8125,82.0000,3,3,3,3
3994513201,-8.9100,0.2000,-1.7500,-0.0000,52.7500,8.8750,54.3750,-6.1875,-33.1875,27.0,79.8125,-8.1250,82.1250,3,3,3,3
3994523201,-9.0000,0.0200,-1.8000,5.5000,57.4375,3.2500,54.3750,-6.1875,-33.1875,26.0,80.4375,-8.6875,82.2500,3,3,3,3
3994533299,-9.1100,0.0200,-1.8900,6.1875,60.9375,2.3750,54.3750,-6.1875,-33.1875,26.0,80.4375,-8.6875,82.2500,3,3,3,3
3994543299,-9.3400,0.2800,-1.2600,9.2500,64.8125,2.0000,54.0000,-5.5625,-34.5000,26.0,81.0625,-9.3125,82.3750,3,3,3,3
3994553299,-9.2900,0.3500,-1.0000,10.5625,66.8125,2.3125,54.0000,-5.5625,-34.5000,26.0,81.6875,-10.1250,82.5000,3,3,3,3
3994563299,-9.1400,0.1700,-0.6300,7.0000,66.3125,3.6250,54.0000,-5.5625,-34.5000,26.0,82.8750,-12.4375,82.6875,3,3,3,3
3994573557,-9.0000,0.1100,-0.3600,2.5625,63.0625,5.2500,54.0000,-5.5625,-34.5000,26.0,83.4375,-1.5625,82.7500,3,3,3,3
3994583687,-9.1600,-0.1600,-0.5800,-1.5625,58.5000,5.5625,54.0000,-5.5625,-34.5000,26.0,83.4375,-1.5625,82.7500,3,3,3,3
3994593687,-9.2400,-0.0400,-0.6800,-3.6875,54.0000,5.6875,52.8750,-5.5625,-36.2500,26.0,83.9375,-1.6250,82.7500,3,3,3,3
3994603687,-9.3400,-0.0200,-0.9200,-4.4375,51.0000,4.8125,52.8750,-5.5625,-36.2500,26.0,84.3750,-1.6875,82.8125,3,3,3,3
3994613687,-9.3700,0.1200,-0.5900,-5.1875,50.7500,4.3125,52.8750,-5.5625,-36.2500,26.0,85.2500,-1.7500,82.8125,3,3,3,3
3994623687,-9.4900,-0.1600,-0.1700,-5.7500,48.7500,5.2500,52.8750,-5.5625,-36.2500,26.0,85.6250,-1.8125,82.8125,3,3,3,3
3994633687,-9.5800,-0.2500,-0.2400,-6.7500,43.7500,4.6875,52.8750,-5.5625,-36.2500,26.0,85.6250,-1.8125,82.8125,3,3,3,3
3994643687,-9.4000,-0.0600,-0.2700,-6.3125,38.4375,2.1250,50.2500,-5.1875,-39.7500,26.0,85.9375,-1.8125,82.8125,3,3,3,3
3994653687,-9.2400,0.0200,-0.4200,-5.3125,35.8125,0.5625,50.2500,-5.1875,-39.7500,26.0,86.2500,-1.8125,82.7500,3,3,3,3
3994663687,-9.2500,-0.4700,-0.3700,-3.9375,35.0000,0.6875,50.2500,-5.1875,-39.7500,26.0,86.8125,-1.8750,82.7500,3,3,3,3
3994673687,-9.3500,-0.3800,-0.3600,-0.9375,35.0000,-0.6875,50.2500,-5.1875,-39.7500,26.0,86.8125,-1.8750,82.7500,3,3,3,3
3994683687,-9.3800,-0.1500,-0.2900,2.1250,34.8750,-3.0625,50.2500,-5.1875,-39.7500,26.0,87.1250,-1.8125,82.7500,3,3,3,3
3994693687,-9.4900,-0.0800,-0.3000,2.0000,33.6250,-3.8750,49.1875,-4.7500,-42.1875,26.0,87.3750,-1.7500,82.7500,3,3,3,3
3994703687,-9.5000,0.0900,-0.2100,-0.1250,32.0625,-3.6250,49.1875,-4.7500,-42.1875,26.0,87.6250,-1.7500,82.7500,3,3,3,3
3994713687,-9.5500,0.0600,-0.2900,-1.5625,29.9375,-2.3750,49.1875,-4.7500,-42.1875,26.0,88.0000,-1.6875,82.6250,3,3,3,3
3994723687,-9.4800,0.0500,-0.1300,-2.6250,28.4375,-1.7500,49.1875,-4.7500,-42.1875,26.0,88.0000,-1.6875,82.6250,3,3,3,3
3994733731,-9.1500,-0.1700,0.0100,-3.8125,27.3125,-1.5000,49.1875,-4.7500,-42.1875,26.0,88.1250,-1.6875,82.6250,3,3,3,3
3994743731,-9.1900,-0.3000,0.1500,-5.7500,26.2500,-1.5625,48.0625,-5.5625,-42.0625,26.0,88.1875,-1.6875,82.5625,3,3,3,3
3994753731,-9.2200,-0.3200,0.2600,-7.0625,24.8750,-2.6250,48.0625,-5.5625,-42.0625,26.0,88.3125,-1.6250,82.4375,3,3,3,3
3994763731,-9.3000,-0.2900,0.3200,-7.0000,22.1250,-4.6250,48.0625,-5.5625,-42.0625,26.0,88.3750,-1.5625,82.3750,3,3,3,3
3994773731,-9.2400,-0.0700,0.1400,-6.3125,19.3750,-6.8750,48.0625,-5.5625,-42.0625,26.0,88.3750,-178.4375,82.2500,3,3,3,3
3994784095,-9.2200,-0.0200,0.0700,-6.2500,17.5625,-8.5000,48.0625,-5.5625,-42.0625,26.0,88.4375,-178.5000,82.0625,3,3,3,3
3994794095,-9.2700,0.0600,0.1600,-6.1875,16.7500,-9.0625,48.0000,-5.1875,-43.6875,26.0,88.5000,-178.5625,81.9375,3,3,3,3
3994804095,-9.2500,-0.1200,0.0800,-6.5000,16.6250,-8.6875,48.0000,-5.1875,-43.6875,26.0,88.5000,-178.6875,81.8125,3,3,3,3
3994814095,-9.2700,-0.1100,0.2200,-7.0625,16.1250,-8.0000,48.0000,-5.1875,-43.6875,26.0,88.5000,-178.7500,81.6875,3,3,3,3
3994824095,-9.3100,-0.2100,0.0200,-6.8750,14.9375,-7.2500,48.0000,-5.1875,-43.6875,26.0,88.4375,-178.8125,81.5000,3,3,3,3
3994834095,-9.4300,-0.0700,0.0800,-5.8750,14.6875,-7.7500,48.0000,-5.1875,-43.6875,26.0,88.4375,-178.8750,81.3750,3,3,3,3
3994844095,-9.2900,0.2000,0.2800,-4.7500,15.0000,-8.9375,47.2500,-6.1875,-44.5625,26.0,88.3750,-179.0000,81.2500,3,3,3,3
3994854095,-9.3500,0.1800,0.3900,-4.0625,15.4375,-8.5625,47.2500,-6.1875,-44.5625,26.0,88.3125,-179.0625,81.1250,3,3,3,3
3994864095,-9.3900,0.2600,0.4200,-3.5000,15.0000,-7.1875,47.2500,-6.1875,-44.5625,26.0,88.1875,-179.1875,81.0000,3,3,3,3
3994874314,-9.3200,0.3700,0.4600,-3.3125,13.8750,-5.6875,47.2500,-6.1875,-44.5625,26.0,88.1250,-179.2500,80.9375,3,3,3,3
3994884701,-9.6900,0.3100,0.1000,-3.8750,13.3750,-3.3125,47.2500,-6.1875,-44.5625,26.0,88.0000,-179.2500,80.8750,3,3,3,3
3994894701,-9.5600,0.2800,0.1300,-2.5000,13.3750,-1.6250,46.1875,-5.5625,-44.0625,26.0,87.8750,-179.2500,80.8750,3,3,3,3
3994904701,-9.3600,0.1100,0.3400,-0.6875,15.3750,-0.4375,46.1875,-5.5625,-44.0625,26.0,87.7500,-179.2500,80.8750,3,3,3,3
3994914701,-9.3300,-0.1900,0.5800,0.1875,16.6875,0.7500,46.1875,-5.5625,-44.0625,26.0,87.4375,-179.2500,80.8750,3,3,3,3
3994925041,-9.3600,-0.2200,0.9000,2.1250,15.8125,0.1875,46.1875,-5.5625,-44.0625,26.0,87.3125,-179.3125,80.9375,3,3,3,3
3994935290,-9.3900,-0.0800,0.8900,4.6875,12.6875,-2.1250,46.1875,-5.5625,-44.0625,26.0,87.3125,-179.3125,80.9375,3,3,3,3
3994945290,-9.4200,-0.0000,0.6900,6.0000,8.5625,-3.6250,45.8750,-6.5625,-45.3750,26.0,87.2500,-179.3125,80.9375,3,3,3,3
3994955290,-9.4900,0.0900,0.5500,5.4375,5.4375,-4.3125,45.8750,-6.5625,-45.3750,26.0,87.2500,-179.3750,81.0000,3,3,3,3
3994965290,-9.5200,-0.0500,0.5200,4.3125,4.1250,-4.6875,45.8750,-6.5625,-45.3750,26.0,87.1875,-179.3750,81.0000,3,3,3,3
3994975290,-9.5100,-0.0000,0.5900,4.0625,4.2500,-5.7500,45.8750,-6.5625,-45.3750,26.0,87.1875,-179.4375,80.9375,3,3,3,3
3994985290,-9.5200,0.2800,0.6000,4.2500,3.6875,-7.3125,45.8750,-6.5625,-45.3750,26.0,87.1250,-179.5625,80.9375,3,3,3,3
3994995290,-9.6100,0.5900,0.5400,3.9375,2.1875,-7.1875,45.0625,-6.1875,-46.8750,26.0,87.1250,-179.6250,80.9375,3,3,3,3
3995005290,-9.5700,0.5700,0.4500,3.0000,-0.0625,-4.5625,45.0625,-6.1875,-46.8750,26.0,87.1250,-179.6250,80.9375,3,3,3,3
3995015290,-9.6300,0.4900,0.4400,1.5625,-1.0000,-1.4375,45.0625,-6.1875,-46.8750,26.0,87.1250,-179.6250,80.9375,3,3,3,3
3995025486,-9.6300,0.4500,0.3500,-0.1875,-1.0625,1.2500,45.0625,-6.1875,-46.8750,26.0,87.1250,-179.6250,80.9375,3,3,3,3
3995035592,-9.6200,0.2900,0.5600,-2.6875,-0.2500,3.1875,45.0625,-6.1875,-46.8750,26.0,87.1250,-179.6250,80.9375,3,3,3,3
3995045592,-9.6300,0.1800,0.5200,-2.6250,-0.0625,3.8125,45.8750,-6.1875,-45.5625,26.0,87.1250,-179.5625,81.0000,3,3,3,3
3995055592,-9.6000,0.1200,0.4500,-1.6250,-0.9375,3.9375,45.8750,-6.1875,-45.5625,26.0,87.1250,-179.5625,81.0000,3,3,3,3
3995065592,-9.5300,0.1200,0.4200,-0.6875,-1.2500,2.6875,45.8750,-6.1875,-45.5625,26.0,87.1250,-179.5000,81.0000,3,3,3,3
3995075761,-9.5200,0.0600,0.4500,-0.4375,-0.8750,1.7500,45.8750,-6.1875,-45.5625,26.0,87.1250,-179.5000,81.0000,3,3,3,3
3995085790,-9.5800,0.1000,0.4600,-1.2500,-0.5000,1.5000,45.8750,-6.1875,-45.5625,26.0,87.1250,-179.5000,81.0000,3,3,3,3
3995095790,-9.5500,0.2000,0.4300,-1.5625,-0.8750,0.6875,45.5000,-5.8750,-46.3750,26.0,87.1875,-179.5000,81.0625,3,3,3,3
3995105790,-9.4100,0.2000,0.4700,-2.2500,-0.8125,1.1250,45.5000,-5.8750,-46.3750,26.0,87.1875,-179.5000,81.0625,3,3,3,3
3995115790,-9.4500,-0.0100,0.4700,-2.6250,-0.8125,2.3125,45.5000,-5.8750,-46.3750,26.0,87.1875,-179.5000,81.0000,3,3,3,3
3995125790,-9.5100,-0.1100,0.4900,-2.2500,-0.9375,3.0625,45.5000,-5.8750,-46.3750,26.0,87.1875,-179.4375,81.0625,3,3,3,3
3995135790,-9.4800,-0.0600,0.4600,-1.4375,-1.3750,2.5000,45.5000,-5.8750,-46.3750,26.0,87.1875,-179.4375,81.0625,3,3,3,3
3995145790,-9.3800,-0.0200,0.3700,-0.5625,-2.0625,1.2500,46.1875,-5.8750,-45.2500,26.0,87.1875,-179.4375,81.0625,3,3,3,3
3995155790,-9.4300,-0.1400,0.2800,-0.4375,-2.9375,1.2500,46.1875,-5.8750,-45.2500,26.0,87.2500,-179.4375,81.1250,3,3,3,3
3995165790,-9.4800,-0.0800,0.3100,-0.0000,-3.0625,0.9375,46.1875,-5.8750,-45.2500,26.0,87.2500,-179.3750,81.1250,3,3,3,3
3995175790,-9.4600,0.1500,0.2900,0.8125,-2.6250,-1.0000,46.1875,-5.8750,-45.2500,26.0,87.3125,-179.4375,81.1250,3,3,3,3
3995185790,-9.4300,0.1800,0.2900,0.6875,-2.1875,-2.0625,46.1875,-5.8750,-45.2500,26.0,87.3125,-179.4375,81.0625,3,3,3,3
3995195790,-9.4200,0.1500,0.3400,-0.1875,-1.7500,-1.6250,45.0625,-6.1875,-46.3750,26.0,87.3750,-179.5000,81.0625,3,3,3,3
3995205790,-9.4500,0.2100,0.2900,-0.6875,-1.2500,-0.9375,45.0625,-6.1875,-46.3750,26.0,87.3750,-179.5000,81.0625,3,3,3,3
3995215790,-9.5000,0.2000,0.2500,-0.1875,-0.9375,-0.1875,45.0625,-6.1875,-46.3750,26.0,87.3750,-179.5000,81.0625,3,3,3,3
3995225790,-9.4000,0.0800,0.3400,0.3125,-0.5000,0.1875,45.0625,-6.1875,-46.3750,26.0,87.3750,-179.5000,81.0000,3,3,3,3
3995235790,-9.4000,0.0300,0.2800,0.1875,0.0625,0.5000,45.0625,-6.1875,-46.3750,26.0,87.3750,-179.5000,81.0000,3,3,3,3
3995245790,-9.3800,0.0600,0.3400,-0.0625,-0.1875,0.5625,45.0625,-6.5625,-46.5000,26.0,87.4375,-179.5000,81.0000,3,3,3,3
3995255790,-9.3800,0.0500,0.3800,-0.2500,-0.1250,0.3125,45.0625,-6.5625,-46.5000,26.0,87.4375,-179.5625,81.0000,3,3,3,3
3995265790,-9.3600,-0.1100,0.3500,-0.3125,-0.1875,-0.0625,45.0625,-6.5625,-46.5000,26.0,87.4375,-179.5625,81.0000,3,3,3,3
3995275790,-9.4000,-0.1100,0.4100,-0.2500,-0.4375,-1.1875,45.0625,-6.5625,-46.5000,26.0,87.4375,-179.5625,81.0000,3,3,3,3
3995285790,-9.4600,0.0400,0.4000,0.5625,-1.1250,-2.5625,45.0625,-6.5625,-46.5000,26.0,87.4375,-179.5625,81.0000,3,3,3,3
3995295790,-9.3900,0.4200,0.1600,0.1250,-1.6875,-3.0625,45.0625,-5.8750,-46.0000,26.0,87.4375,-179.6250,81.0000,3,3,3,3
3995305790,-9.4200,0.1200,0.1000,0.1250,-1.6875,-3.0625,45.0625,-5.8750,-46.0000,26.0,87.5000,-179.6875,80.9375,3,3,3,3
3995315790,-9.4600,-0.0600,0.2800,-1.5000,-0.2500,-1.1250,45.0625,-5.8750,-46.0000,26.0,87.5000,-179.6875,80.9375,3,3,3,3
3995325790,-9.5600,-0.0800,0.2800,0.1250,1.0000,-2.8750,45.0625,-5.8750,-46.0000,26.0,87.5000,-179.6875,80.8750,3,3,3,3
3995335790,-9.4500,0.4700,0.1800,1.1250,0.9375,-3.5625,45.0625,-5.8750,-46.0000,26.0,87.5000,-179.7500,80.8125,3,3,3,3
3995345790,-9.3200,0.3400,0.1400,0.1875,1.8125,-0.3750,45.5000,-7.6875,-45.5625,26.0,87.5000,-179.7500,80.7500,3,3,3,3
3995355790,-9.3100,0.0100,0.2600,-1.0000,3.3125,1.5000,45.5000,-7.6875,-45.5625,26.0,87.5000,-179.7500,80.7500,3,3,3,3
3995365790,-9.4500,-0.1200,0.4800,-0.0625,3.3750,-0.1875,45.5000,-7.6875,-45.5625,26.0,87.4375,-179.7500,80.7500,3,3,3,3
3995375790,-9.5000,0.1500,0.4800,1.1875,1.3750,-2.3125,45.5000,-7.6875,-45.5625,26.0,87.4375,-179.8125,80.7500,3,3,3,3
3995385790,-9.4000,0.0700,0.2500,1.5000,0.3750,-2.5000,45.5000,-7.6875,-45.5625,26.0,87.4375,-179.8125,80.7500,3,3,3,3
3995395790,-9.2800,0.0900,0.2800,1.8750,1.6250,-2.6250,45.0625,-6.1875,-46.0000,26.0,87.4375,-179.8750,80.7500,3,3,3,3
3995405790,-9.3500,0.0200,0.3500,2.3125,2.6250,-2.6250,45.0625,-6.1875,-46.0000,26.0,87.4375,-179.8750,80.7500,3,3,3,3
3995415790,-9.4900,0.1800,0.4900,2.3125,1.2500,-2.5000,45.0625,-6.1875,-46.0000,26.0,87.3750,-179.9375,80.7500,3,3,3,3
3995425790,-9.4800,0.0500,0.4100,1.6875,-0.2500,-2.1250,45.0625,-6.1875,-46.0000,26.0,87.3750,-179.9375,80.7500,3,3,3,3
3995435790,-9.4000,0.0900,0.3700,1.4375,-1.2500,-2.0625,45.0625,-6.1875,-46.0000,26.0,87.4375,-179.9375,80.7500,3,3,3,3
3995445790,-9.5400,0.1700,0.4200,1.4375,-1.3750,-2.7500,45.5000,-6.5625,-46.0000,26.0,87.4375,179.9375,80.7500,3,3,3,3
3995455790,-9.4200,0.2300,0.3600,1.3125,-1.6250,-2.6250,45.5000,-6.5625,-46.0000,26.0,87.4375,179.9375,80.7500,3,3,3,3
3995465790,-9.4600,0.1300,0.3100,1.3125,-2.0000,-1.9375,45.5000,-6.5625,-46.0000,26.0,87.4375,179.8750,80.7500,3,3,3,3
3995475790,-9.4100,0.2100,0.3500,1.5000,-1.8125,-1.4375,45.5000,-6.5625,-46.0000,26.0,87.5000,179.8750,80.7500,3,3,3,3
3995485790,-9.4000,0.0700,0.4000,1.1875,-1.4375,-0.8750,45.5000,-6.5625,-46.0000,26.0,87.5000,179.8750,80.7500,3,3,3,3
3995495790,-9.4300,-0.0200,0.4000,1.1250,-1.6875,-1.3750,45.0625,-6.1875,-46.0000,26.0,87.5000,179.8750,80.7500,3,3,3,3
3995505790,-9.5000,0.0500,0.3400,1.3125,-1.8750,-2.6875,45.0625,-6.1875,-46.0000,26.0,87.5625,179.8125,80.7500,3,3,3,3
3995515790,-9.4900,0.2200,0.3000,1.0625,-1.7500,-3.1875,45.0625,-6.1875,-46.0000,26.0,87.5625,179.8125,80.7500,3,3,3,3
3995525790,-9.4000,0.2100,0.3100,1.0625,-1.1250,-2.1250,45.0625,-6.1875,-46.0000,26.0,87.5625,179.7500,80.7500,3,3,3,3
3995535790,-9.4800,0.0600,0.3600,0.9375,-0.8125,-1.4375,45.0625,-6.1875,-46.0000,26.0,87.5625,179.7500,80.6875,3,3,3,3
3995545790,-9.5600,0.0500,0.3500,0.8750,-1.2500,-2.5000,45.8750,-7.0000,-46.7500,26.0,87.5625,179.7500,80.6875,3,3,3,3
3995555790,-9.5600,0.1800,0.3500,0.9375,-2.5625,-3.3750,45.8750,-7.0000,-46.7500,26.0,87.6250,179.6875,80.6875,3,3,3,3
3995565790,-9.5700,0.1300,0.2200,1.3125,-2.6875,-3.5000,45.8750,-7.0000,-46.7500,26.0,87.6250,179.6875,80.6250,3,3,3,3
3995575790,-9.5200,0.1800,0.2700,1.8125,-2.1875,-4.4375,45.8750,-7.0000,-46.7500,26.0,87.6250,179.6250,80.6250,3,3,3,3
3995585790,-9.5500,0.1200,0.3000,2.1250,-1.8125,-5.5625,45.8750,-7.0000,-46.7500,26.0,87.6250,179.5625,80.5625,3,3,3,3
3995595790,-9.6100,0.1900,0.3700,2.6875,-1.8125,-7.0625,45.0625,-6.5625,-45.5625,26.0,87.6875,179.5000,80.5625,3,3,3,3
3995605790,-9.5900,0.2200,0.3500,3.6250,-2.6875,-8.4375,45.0625,-6.5625,-45.5625,26.0,87.6875,179.4375,80.5000,3,3,3,3
3995615790,-9.5100,0.3100,0.3000,4.1875,-2.9375,-9.5000,45.0625,-6.5625,-45.5625,26.0,87.6875,179.3125,80.4375,3,3,3,3
3995625790,-9.3500,0.4500,0.3100,4.1250,-2.8125,-8.6875,45.0625,-6.5625,-45.5625,26.0,87.6875,179.2500,80.4375,3,3,3,3
3995635790,-9.3800,0.2900,0.3800,3.4375,-2.6875,-6.5000,45.0625,-6.5625,-45.5625,26.0,87.6875,179.1875,80.3750,3,3,3,3
3995645790,-9.4600,0.4200,0.3200,3.3125,-2.6250,-4.7500,45.5000,-6.5625,-45.1875,26.0,87.6875,179.1250,80.3750,3,3,3,3
3995655790,-9.5000,0.4200,0.1900,4.3125,-2.8750,-2.3750,45.5000,-6.5625,-45.1875,26.0,87.6875,179.0625,80.3750,3,3,3,3
3995665790,-9.5200,0.2000,0.1700,5.0625,-2.0625,-1.7500,45.5000,-6.5625,-45.1875,26.0,87.6875,179.0625,80.4375,3,3,3,3
3995675790,-9.4700,0.1400,0.3800,6.4375,-1.5625,-3.1250,45.5000,-6.5625,-45.1875,26.0,87.6875,179.0000,80.4375,3,3,3,3
3995685790,-9.4000,0.3000,0.5100,7.1875,-2.1250,-4.5000,45.5000,-6.5625,-45.1875,26.0,87.6875,179.0000,80.4375,3,3,3,3
3995695790,-9.4000,0.4000,0.4900,6.1875,-3.9375,-3.6875,45.0625,-6.5625,-46.0000,26.0,87.6875,178.9375,80.5000,3,3,3,3
3995705790,-9.5200,0.2700,0.3900,5.0000,-5.5000,-2.8750,45.0625,-6.5625,-46.0000,26.0,87.7500,178.8750,80.5000,3,3,3,3
3995715790,-9.5000,0.1600,0.1100,4.3125,-5.8750,-3.1250,45.0625,-6.5625,-46.0000,26.0,87.7500,178.8750,80.5000,3,3,3,3
3995725790,-9.5700,0.2800,0.0800,4.6250,-5.3125,-3.8125,45.0625,-6.5625,-46.0000,26.0,87.8125,178.8125,80.5000,3,3,3,3
3995735790,-9.6000,0.4900,-0.0000,4.5625,-4.3750,-3.8750,45.0625,-6.5625,-46.0000,26.0,87.8125,178.8125,80.5625,3,3,3,3
3995745790,-9.3700,0.6100,0.0800,3.8125,-2.4375,-2.7500,45.0625,-7.3750,-46.7500,26.0,87.8125,178.7500,80.5625,3,3,3,3
3995755790,-9.3000,0.5400,0.3700,2.5625,-0.6250,-0.3125,45.0625,-7.3750,-46.7500,26.0,87.8125,178.7500,80.5625,3,3,3,3
3995765790,-9.4400,0.2700,0.5200,0.4375,-0.6250,2.8750,45.0625,-7.3750,-46.7500,26.0,87.8750,178.8125,80.6250,3,3,3,3
3995775790,-9.5800,0.2400,0.5200,-1.0625,-3.3125,2.8750,45.0625,-7.3750,-46.7500,26.0,87.8750,178.8125,80.6250,3,3,3,3
3995785790,-9.4500,0.3300,0.1400,-1.6250,-6.0000,2.1250,45.0625,-7.3750,-46.7500,26.0,87.9375,178.8750,80.6250,3,3,3,3
3995795790,-9.3600,0.3300,0.0100,-0.4375,-5.7500,1.5000,45.8750,-6.1875,-45.5625,26.0,88.0000,178.8750,80.6250,3,3,3,3
3995805790,-9.5200,0.3700,0.0800,0.8125,-3.3750,0.9375,45.8750,-6.1875,-45.5625,26.0,88.0625,178.8750,80.6250,3,3,3,3
3995815790,-9.5600,0.3800,0.1300,1.1875,-1.4375,0.6250,45.8750,-6.1875,-45.5625,26.0,88.0625,178.8750,80.6875,3,3,3,3
3995825790,-9.6400,0.4600,0.2500,1.0625,-0.3750,1.0000,45.8750,-6.1875,-45.5625,26.0,88.0625,178.8750,80.6875,3,3,3,3
3995835790,-9.5600,0.3500,0.2000,0.0625,-0.6250,1.4375,45.8750,-6.1875,-45.5625,26.0,88.0625,178.8750,80.6875,3,3,3,3
3995845790,-9.5600,0.3500,0.2000,-0.1250,-0.1875,1.4375,46.1875,-6.5625,-46.7500,26.0,88.0625,178.9375,80.6875,3,3,3,3
3995855790,-9.4800,0.2500,0.2000,0.3750,0.0625,0.9375,46.1875,-6.5625,-46.7500,26.0,88.0625,178.9375,80.7500,3,3,3,3
3995865790,-9.5700,0.2200,0.3200,0.7500,-0.0625,-0.5000,46.1875,-6.5625,-46.7500,26.0,88.0625,178.9375,80.7500,3,3,3,3
3995875790,-9.5700,0.2600,0.2900,1.2500,-0.6875,-1.6875,46.1875,-6.5625,-46.7500,26.0,88.0625,178.8750,80.7500,3,3,3,3
3995885790,-9.5700,0.3600,0.2100,2.0625,-1.1875,-2.3125,46.1875,-6.5625,-46.7500,26.0,88.0625,178.8750,80.7500,3,3,3,3
3995895790,-9.5700,0.3600,0.2100,2.0000,-0.5625,-1.9375,46.1875,-6.5625,-45.2500,26.0,88.0625,178.8750,80.6875,3,3,3,3
3995905790,-9.5800,0.4200,-0.0100,2.0000,-0.5625,-1.9375,46.1875,-6.5625,-45.2500,26.0,88.0625,178.8125,80.6875,3,3,3,3
3995915790,-9.4500,0.2300,0.2200,2.5625,3.0000,-0.5625,46.1875,-6.5625,-45.2500,26.0,88.0000,178.8125,80.7500,3,3,3,3
3995925790,-9.3400,0.1800,0.2100,2.5625,4.3125,-0.9375,46.1875,-6.5625,-45.2500,26.0,88.0000,178.8125,80.7500,3,3,3,3
3995935790,-9.4600,0.1300,0.4900,1.9375,4.4375,-1.4375,46.1875,-6.5625,-45.2500,26.0,87.9375,178.8125,80.7500,3,3,3,3
3995945790,-9.4600,0.1300,0.4900,1.9375,4.4375,-1.4375,45.8750,-6.1875,-45.2500,26.0,87.9375,178.8125,80.7500,3,3,3,3
3995955790,-9.4800,0.1300,0.4200,1.4375,3.0000,-1.8750,45.8750,-6.1875,-45.2500,26.0,87.8750,178.7500,80.7500,3,3,3,3
3995965790,-9.6100,0.3500,0.2400,2.6250,0.2500,-4.3750,45.8750,-6.1875,-45.2500,26.0,87.8750,178.6875,80.7500,3,3,3,3
3995975790,-9.6100,0.3500,0.2400,3.1250,0.3750,-4.0625,45.8750,-6.1875,-45.2500,26.0,87.8125,178.6875,80.6875,3,3,3,3
3995985790,-9.5500,0.4800,0.1300,3.0000,1.3125,-3.0000,45.8750,-6.1875,-45.2500,26.0,87.8125,178.6250,80.6875,3,3,3,3
3995995790,-9.5400,0.4600,0.1800,3.0000,1.3125,-3.0000,45.0625,-7.3750,-45.5625,26.0,87.7500,178.6250,80.6875,3,3,3,3
3996005790,-9.6000,0.3700,0.2800,2.3750,1.5625,-2.0000,45.0625,-7.3750,-45.5625,26.0,87.7500,178.5625,80.6875,3,3,3,3
3996015790,-9.5900,0.2900,0.3000,0.6875,-0.2500,-1.9375,45.0625,-7.3750,-45.5625,26.0,87.7500,178.5625,80.6875,3,3,3,3
3996025790,-9.6300,0.4200,0.4000,1.1875,-1.3125,-1.5000,45.0625,-7.3750,-45.5625,26.0,87.7500,178.5625,80.6875,3,3,3,3
3996035790,-9.6300,0.4300,0.1100,1.3125,-0.9375,-1.6250,45.0625,-7.3750,-45.5625,26.0,87.7500,178.5000,80.6875,3,3,3,3
3996045790,-9.6400,0.4000,-0.0000,1.3125,-0.9375,-1.6250,45.0625,-7.3750,-45.5625,26.0,87.7500,178.5000,80.6875,3,3,3,3
3996055790,-9.5800,0.4100,0.0900,1.7500,-0.0000,-1.0625,45.5000,-7.3750,-46.7500,26.0,87.7500,178.5000,80.6875,3,3,3,3
3996065790,-9.6300,0.3100,0.1300,0.7500,0.7500,-0.5000,45.5000,-7.3750,-46.7500,26.0,87.7500,178.5000,80.6875,3,3,3,3
3996075790,-9.6100,0.3700,0.2200,0.5625,0.4375,-0.5625,45.5000,-7.3750,-46.7500,26.0,87.7500,178.5000,80.6875,3,3,3,3
3996085790,-9.6100,0.3700,0.3100,0.4375,-0.3125,-0.3125,45.5000,-7.3750,-46.7500,26.0,87.7500,178.5000,80.6875,3,3,3,3
3996095790,-9.5300,0.2600,0.2600,0.3750,-0.5625,-0.6875,45.8750,-7.0000,-46.5000,26.0,87.7500,178.5000,80.6875,3,3,3,3
3996105790,-9.6000,0.2500,0.2400,0.3125,-1.0000,-1.3125,45.8750,-7.0000,-46.5000,26.0,87.7500,178.5000,80.6250,3,3,3,3
3996115790,-9.6000,0.2900,0.1900,-0.0625,-1.4375,-1.3750,45.8750,-7.0000,-46.5000,26.0,87.7500,178.4375,80.6250,3,3,3,3
3996125790,-9.5500,0.4100,0.2200,-0.6875,-1.5000,-0.9375,45.8750,-7.0000,-46.5000,26.0,87.7500,178.4375,80.6250,3,3,3,3
3996135790,-9.6200,0.4100,0.1500,-1.1250,-1.3125,-0.6250,45.8750,-7.0000,-46.5000,26.0,87.7500,178.4375,80.5625,3,3,3,3
3996145790,-9.5500,0.4200,0.1200,-1.1250,-1.3125,-0.6250,45.8750,-7.0000,-46.5000,26.0,87.7500,178.4375,80.5625,3,3,3,3
3996155790,-9.6000,0.3500,0.1400,-2.0625,-0.6250,0.1250,45.8750,-6.5625,-45.2500,26.0,87.7500,178.4375,80.5625,3,3,3,3
3996165790,-9.6900,0.3500,0.2200,-2.0000,-0.9375,-0.8750,45.8750,-6.5625,-45.2500,26.0,87.7500,178.4375,80.5000,3,3,3,3
3996175790,-9.6900,0.3700,0.1500,-1.4375,-0.8125,-1.3125,45.8750,-6.5625,-45.2500,26.0,87.7500,178.3750,80.5000,3,3,3,3
3996185790,-9.6600,0.4900,0.1500,-1.0625,-0.3750,-0.8125,45.8750,-6.5625,-45.2500,26.0,87.7500,178.3750,80.4375,3,3,3,3
3996195790,-9.5500,0.4500,0.2100,-1.0625,-0.3750,-0.8125,45.8750,-6.5625,-45.2500,26.0,87.7500,178.3750,80.4375,3,3,3,3
3996205790,-9.5400,0.4800,0.2100,-1.3125,0.2500,-0.0625,46.1875,-7.0000,-45.5625,26.0,87.7500,178.3750,80.4375,3,3,3,3
3996215790,-9.7300,0.4000,0.3100,-0.1875,-0.5000,-0.5000,46.1875,-7.0000,-45.5625,26.0,87.6875,178.3750,80.3750,3,3,3,3
3996225790,-9.7200,0.4500,0.3100,1.0000,-0.8750,-1.0000,46.1875,-7.0000,-45.5625,26.0,87.6875,178.3750,80.3750,3,3,3,3
3996235790,-9.5100,0.4400,0.2900,1.5000,-0.2500,-0.8125,46.1875,-7.0000,-45.5625,26.0,87.6875,178.3125,80.3750,3,3,3,3
3996245790,-9.4600,0.2900,0.3400,1.1875,0.1250,-0.4375,45.0625,-7.0000,-46.0000,26.0,87.6875,178.3125,80.4375,3,3,3,3
3996255790,-9.5300,0.3800,0.4000,1.2500,-0.3125,-0.7500,45.0625,-7.0000,-46.0000,26.0,87.6875,178.3125,80.4375,3,3,3,3
3996265790,-9.5900,0.3400,0.3400,1.3750,-1.0000,-1.0000,45.0625,-7.0000,-46.0000,26.0,87.6875,178.3125,80.4375,3,3,3,3
3996275790,-9.5900,0.3200,0.3200,1.2500,-1.4375,-1.4375,45.0625,-7.0000,-46.0000,26.0,87.6875,178.3125,80.4375,3,3,3,3
3996285790,-9.5800,0.4400,0.3000,0.5625,-1.6250,-1.5000,45.0625,-7.0000,-46.0000,26.0,87.6875,178.2500,80.3750,3,3,3,3
3996295790,-9.6200,0.4400,0.2700,0.5625,-1.6250,-1.5000,45.0625,-7.0000,-46.0000,26.0,87.6875,178.2500,80.3750,3,3,3,3
3996305790,-9.6700,0.5300,0.2200,0.3125,-2.2500,-1.3125,45.8750,-6.5625,-46.0000,26.0,87.6875,178.2500,80.3750,3,3,3,3
3996315790,-9.6300,0.5300,0.2400,-0.1250,-3.0625,-0.1250,45.8750,-6.5625,-46.0000,26.0,87.6875,178.2500,80.3750,3,3,3,3
3996325790,-9.6000,0.3700,0.2000,-0.3750,-3.0000,-0.0000,45.8750,-6.5625,-46.0000,26.0,87.6875,178.2500,80.3750,3,3,3,3
3996335790,-9.6200,0.4200,0.2100,0.5000,-3.0625,-0.2500,45.8750,-6.5625,-46.0000,26.0,87.7500,178.2500,80.3750,3,3,3,3
3996345790,-9.6400,0.5500,0.2000,0.5000,-3.0625,-0.2500,45.8750,-6.5625,-46.0000,26.0,87.7500,178.2500,80.3750,3,3,3,3
3996355790,-9.5900,0.3400,0.0700,0.5625,-3.1875,0.3125,46.5625,-6.5625,-46.0000,26.0,87.7500,178.2500,80.3750,3,3,3,3
3996365790,-9.5100,0.3000,0.0900,0.7500,-2.8750,0.7500,46.5625,-6.5625,-46.0000,26.0,87.8125,178.2500,80.3750,3,3,3,3
3996375790,-9.5000,0.3100,0.1900,1.0000,-2.0625,0.1875,46.5625,-6.5625,-46.0000,26.0,87.8125,178.2500,80.3750,3,3,3,3
3996385790,-9.5300,0.3900,0.1300,1.0625,-1.8125,-0.6250,46.5625,-6.5625,-46.0000,26.0,87.8125,178.1875,80.3750,3,3,3,3
3996395790,-9.4800,0.4000,0.1400,0.8125,-1.8125,-1.0000,46.5625,-6.5625,-46.0000,26.0,87.8125,178.1875,80.3750,3,3,3,3
3996405790,-9.4500,0.3800,0.1500,0.8125,-1.6250,-1.1250,45.5000,-6.5625,-45.5625,26.0,87.8125,178.1875,80.3750,3,3,3,3
3996415790,-9.5000,0.4100,0.1400,0.6875,-1.4375,-1.3125,45.5000,-6.5625,-45.5625,26.0,87.8125,178.1875,80.3750,3,3,3,3
3996425790,-9.5200,0.4000,0.1600,0.8125,-1.5625,-1.0625,45.5000,-6.5625,-45.5625,26.0,87.8125,178.1250,80.3750,3,3,3,3
3996435790,-9.4900,0.3700,0.1400,1.0000,-1.5625,-1.1250,45.5000,-6.5625,-45.5625,26.0,87.8125,178.1250,80.3750,3,3,3,3
3996445790,-9.5000,0.4400,0.1100,1.0000,-2.0000,-1.1250,45.5000,-6.5625,-45.5625,26.0,87.8125,178.1250,80.3750,3,3,3,3
3996455790,-9.4800,0.4500,0.0500,0.4375,-2.1250,-0.8750,45.8750,-6.5625,-44.8750,26.0,87.8125,178.1250,80.3125,3,3,3,3
3996465790,-9.5600,0.3800,-0.0200,0.1875,-1.9375,-0.3750,45.8750,-6.5625,-44.8750,26.0,87.8125,178.1250,80.3125,3,3,3,3
3996475790,-9.5700,0.4100,0.1100,0.3750,-1.1250,-0.7500,45.8750,-6.5625,-44.8750,26.0,87.8125,178.1250,80.3125,3,3,3,3
3996485790,-9.5200,0.5000,0.2000,0.7500,-0.8750,-1.3125,45.8750,-6.5625,-44.8750,26.0,87.7500,178.0625,80.3125,3,3,3,3
3996495790,-9.5300,0.4800,0.1500,0.5000,-0.8750,-0.8750,45.8750,-6.5625,-44.8750,26.0,87.7500,178.0625,80.3125,3,3,3,3
3996505790,-9.5700,0.3300,0.1200,0.1250,-0.8125,0.0625,45.5000,-7.3750,-46.0625,26.0,87.8125,178.0625,80.3125,3,3,3,3
3996515790,-9.5900,0.4200,0.2000,0.1250,-0.6250,-0.2500,45.5000,-7.3750,-46.0625,26.0,87.8125,178.0625,80.3125,3,3,3,3
3996525790,-9.5900,0.4600,0.1600,0.3750,-0.9375,-0.3125,45.5000,-7.3750,-46.0625,26.0,87.8125,178.0625,80.3125,3,3,3,3
3996535790,-9.6400,0.3300,0.0700,0.3750,-1.2500,0.3125,45.5000,-7.3750,-46.0625,26.0,87.8125,178.0625,80.3125,3,3,3,3
3996545790,-9.6400,0.3300,0.0900,0.0625,-1.2500,0.1250,45.5000,-7.3750,-46.0625,26.0,87.8125,178.0625,80.3125,3,3,3,3
3996555790,-9.6400,0.4200,0.0900,0.1875,-0.8750,-0.8750,45.8750,-7.3750,-44.8750,27.0,87.8125,178.0625,80.2500,3,3,3,3
3996565790,-9.6300,0.4300,0.1200,0.1875,-1.0625,-1.5000,45.8750,-7.3750,-44.8750,27.0,87.7500,178.0000,80.2500,3,3,3,3
3996575790,-9.6400,0.4300,0.1400,0.4375,-1.1875,-2.1875,45.8750,-7.3750,-44.8750,27.0,87.7500,178.0000,80.2500,3,3,3,3
3996585790,-9.5300,0.4600,-0.0100,0.2500,-1.0000,-2.1250,45.8750,-7.3750,-44.8750,27.0,87.7500,178.0000,80.1875,3,3,3,3
3996595790,-9.5800,0.5200,0.1400,0.5625,-0.0625,-1.8125,45.8750,-7.3750,-44.8750,27.0,87.7500,178.0000,80.1875,3,3,3,3
3996605790,-9.6600,0.4200,0.1500,0.4375,0.5625,-0.8125,45.0625,-7.3750,-45.2500,27.0,87.6875,177.9375,80.1875,3,3,3,3
3996615790,-9.6200,0.3100,0.1600,0.1250,0.6875,-0.8125,45.0625,-7.3750,-45.2500,27.0,87.6875,177.9375,80.1875,3,3,3,3
3996625790,-9.5800,0.4100,0.2700,0.6250,0.0625,-1.6250,45.0625,-7.3750,-45.2500,27.0,87.6875,177.9375,80.1250,3,3,3,3
3996635790,-9.5200,0.5000,0.1100,0.8750,-1.0000,-2.1875,45.0625,-7.3750,-45.2500,27.0,87.6875,177.8750,80.1250,3,3,3,3
3996645790,-9.6100,0.4700,0.0600,0.2500,-1.0000,-1.8750,45.0625,-7.3750,-45.2500,27.0,87.6875,177.8750,80.1250,3,3,3,3
3996655790,-9.6500,0.5200,0.0500,-0.4375,-0.8750,-1.2500,46.5625,-6.1875,-45.1875,27.0,87.6250,177.8750,80.1250,3,3,3,3
3996665790,-9.6700,0.5400,0.0800,-0.3750,-0.6250,-1.5000,46.5625,-6.1875,-45.1875,27.0,87.6250,177.8125,80.0625,3,3,3,3
3996675790,-9.6900,0.5200,0.0900,-0.0000,-0.2500,-1.3750,46.5625,-6.1875,-45.1875,27.0,87.6250,177.8125,80.0625,3,3,3,3
3996685790,-9.6700,0.5200,0.1000,0.1875,-0.0000,-1.3125,46.5625,-6.1875,-45.1875,27.0,87.6250,177.8125,80.0625,3,3,3,3
3996695790,-9.6100,0.5500,0.1700,0.5000,0.0625,-1.0625,46.5625,-6.1875,-45.1875,27.0,87.6250,177.8125,80.0625,3,3,3,3
3996705790,-9.5500,0.4700,0.2300,0.9375,0.1875,-0.6250,46.1875,-7.0000,-44.5000,27.0,87.5625,177.8125,80.0625,3,3,3,3
3996715790,-9.6000,0.4300,0.1700,1.0000,-0.0625,-0.5000,46.1875,-7.0000,-44.5000,27.0,87.5625,177.8125,80.0625,3,3,3,3
3996725790,-9.6700,0.4900,0.1000,1.0000,-0.9375,-0.7500,46.1875,-7.0000,-44.5000,27.0,87.5625,177.8125,80.0625,3,3,3,3
3996735790,-9.4300,0.5700,0.0400,1.0625,-1.6875,-0.5625,46.1875,-7.0000,-44.5000,27.0,87.5625,177.7500,80.0625,3,3,3,3
3996745790,-9.3700,0.4200,0.0800,0.5000,-1.2500,0.1875,46.1875,-7.0000,-44.5000,27.0,87.5625,177.7500,80.0625,3,3,3,3
3996755790,-9.4100,0.3600,0.1600,-0.5625,-0.8125,1.3125,46.1875,-7.3750,-45.2500,27.0,87.6250,177.8125,80.0625,3,3,3,3
3996765790,-9.4800,0.4100,0.1900,-1.3750,-0.9375,1.7500,46.1875,-7.3750,-45.2500,27.0,87.6250,177.8125,80.0625,3,3,3,3
3996775790,-9.5600,0.4100,0.0800,-1.8750,-1.7500,1.7500,46.1875,-7.3750,-45.2500,27.0,87.6875,177.8125,80.0625,3,3,3,3
3996785790,-9.5300,0.4700,0.0100,-1.5000,-2.7500,1.5625,46.1875,-7.3750,-45.2500,27.0,87.6875,177.8750,80.0625,3,3,3,3
3996795790,-9.5700,0.4100,-0.0000,-1.2500,-2.4375,1.8125,46.1875,-7.3750,-45.2500,27.0,87.6875,177.8750,80.0625,3,3,3,3
3996805790,-9.5400,0.3300,-0.0200,-1.1875,-2.1250,1.3750,46.5625,-6.5625,-44.7500,27.0,87.6875,177.8750,80.0625,3,3,3,3
3996815790,-9.5600,0.3200,0.0700,-1.0000,-1.7500,0.6875,46.5625,-6.5625,-44.7500,27.0,87.7500,177.8750,80.0625,3,3,3,3
3996825790,-9.5200,0.4500,0.1000,-0.8125,-2.2500,-0.1250,46.5625,-6.5625,-44.7500,27.0,87.7500,177.8750,80.0625,3,3,3,3
3996835790,-9.4500,0.5400,0.1100,-1.0000,-2.5000,-0.5625,46.5625,-6.5625,-44.7500,27.0,87.7500,177.8750,80.0000,3,3,3,3
3996845790,-9.5800,0.4200,0.0500,-1.8125,-2.6250,0.5625,46.5625,-6.5625,-44.7500,27.0,87.7500,177.8750,80.0000,3,3,3,3
3996855790,-9.5500,0.4200,-0.0100,-2.6250,-2.5625,1.0625,45.0625,-6.1875,-45.1875,27.0,87.7500,177.8750,80.0000,3,3,3,3
3996865790,-9.5200,0.4900,0.0500,-2.9375,-2.8125,1.0625,45.0625,-6.1875,-45.1875,27.0,87.7500,177.8750,80.0000,3,3,3,3
3996875790,-9.5300,0.4300,0.0400,-2.8125,-2.6250,1.2500,45.0625,-6.1875,-45.1875,27.0,87.8125,177.8750,79.9375,3,3,3,3
3996885790,-9.6000,0.4000,0.0600,-2.5625,-2.1875,1.5625,45.0625,-6.1875,-45.1875,27.0,87.8125,177.9375,79.9375,3,3,3,3
3996895790,-9.6900,0.3100,0.0600,-1.8750,-1.9375,1.6250,45.0625,-6.1875,-45.1875,27.0,87.8125,177.9375,79.9375,3,3,3,3
3996905790,-9.6300,0.3700,0.1000,-0.9375,-2.2500,1.0000,46.5625,-7.0000,-44.0625,27.0,87.8750,177.9375,79.9375,3,3,3,3
3996915790,-9.5700,0.4200,0.1400,-0.5625,-2.5000,-0.6250,46.5625,-7.0000,-44.0625,27.0,87.8750,177.9375,79.9375,3,3,3,3
3996925790,-9.5600,0.5300,0.0800,-0.3750,-3.1875,-1.1250,46.5625,-7.0000,-44.0625,27.0,87.8125,177.8750,79.9375,3,3,3,3
3996935790,-9.5200,0.4800,0.0500,-0.8125,-3.1875,-0.8750,46.5625,-7.0000,-44.0625,27.0,87.8750,177.8750,79.9375,3,3,3,3
3996945790,-9.5600,0.3800,-0.0000,-1.0000,-3.1875,-0.4375,46.5625,-7.0000,-44.0625,27.0,87.8750,177.8750,79.9375,3,3,3,3
3996955790,-9.6000,0.4300,-0.0000,-0.9375,-2.4375,-0.1250,46.8750,-7.3750,-45.5625,27.0,87.8750,177.8750,79.8750,3,3,3,3
3996965790,-9.6400,0.3400,0.0300,-0.8125,-2.3750,0.2500,46.8750,-7.3750,-45.5625,27.0,87.8750,177.8750,79.8750,3,3,3,3
3996975790,-9.6100,0.3900,0.0400,-0.5000,-2.0625,0.1875,46.8750,-7.3750,-45.5625,27.0,87.8750,177.8750,79.8750,3,3,3,3
3996985790,-9.5900,0.4000,0.0300,-0.5625,-2.3750,-0.1250,46.8750,-7.3750,-45.5625,27.0,87.8750,177.8750,79.8750,3,3,3,3
3996995790,-9.6300,0.4200,-0.0200,-1.1250,-2.8750,-0.3125,46.8750,-7.3750,-45.5625,27.0,87.8750,177.8750,79.8750,3,3,3,3
3997005790,-9.6700,0.4700,-0.1100,-1.0625,-3.2500,-0.4375,46.1875,-6.5625,-45.5625,27.0,87.8750,177.8750,79.8750,3,3,3,3
3997015790,-9.6000,0.4600,-0.1000,-0.5000,-3.1875,-1.1250,46.1875,-6.5625,-45.5625,27.0,87.8750,177.8750,79.8750,3,3,3,3
3997025790,-9.5700,0.4200,-0.1000,-0.0625,-2.3750,-1.2500,46.1875,-6.5625,-45.5625,27.0,87.8125,177.8125,79.8125,3,3,3,3
3997035790,-9.5700,0.5400,-0.0000,0.2500,-1.5000,-1.5000,46.1875,-6.5625,-45.5625,27.0,87.8125,177.8125,79.8125,3,3,3,3
3997045790,-9.6400,0.6500,-0.0000,0.1875,-0.7500,-1.5625,46.1875,-6.5625,-45.5625,27.0,87.8125,177.8125,79.8125,3,3,3,3
3997055790,-9.6400,0.6000,-0.0500,0.4375,-1.0000,-0.8125,45.8750,-7.3750,-44.7500,27.0,87.8125,177.8125,79.8125,3,3,3,3
3997065790,-9.6400,0.4000,-0.1200,0.1875,-1.3125,0.2500,45.8750,-7.3750,-44.7500,27.0,87.8125,177.8125,79.8125,3,3,3,3
3997075790,-9.5600,0.5400,-0.0200,0.1250,-1.1875,0.5000,45.8750,-7.3750,-44.7500,27.0,87.7500,177.8125,79.8125,3,3,3,3
3997085790,-9.5800,0.5200,-0.0400,0.1250,-0.9375,0.3750,45.8750,-7.3750,-44.7500,27.0,87.7500,177.8125,79.7500,3,3,3,3
3997095790,-9.6200,0.3800,-0.0800,-0.6875,-1.0000,1.0625,45.8750,-7.3750,-44.7500,27.0,87.8125,177.8125,79.7500,3,3,3,3
3997105790,-9.6300,0.2900,-0.1100,-1.3750,-0.8750,1.5625,46.5625,-7.0000,-44.0625,27.0,87.8125,177.8125,79.7500,3,3,3,3
3997115790,-9.5400,0.4900,-0.0200,-0.8750,-0.7500,0.5625,46.5625,-7.0000,-44.0625,27.0,87.8125,177.8125,79.7500,3,3,3,3
3997125790,-9.5200,0.5800,-0.0400,-0.0000,-0.6875,-0.4375,46.5625,-7.0000,-44.0625,27.0,87.8125,177.8125,79.7500,3,3,3,3
3997135790,-9.5400,0.5400,-0.1100,0.1875,-0.5000,0.1875,46.5625,-7.0000,-44.0625,27.0,87.8125,177.8125,79.7500,3,3,3,3
3997145790,-9.6000,0.3000,-0.0500,0.1250,0.3750,1.2500,46.5625,-7.0000,-44.0625,27.0,87.8125,177.8125,79.7500,3,3,3,3
3997155790,-9.6200,0.4300,-0.0100,-0.1250,1.1875,1.0000,46.8750,-8.0625,-44.0625,27.0,87.8125,177.8125,79.7500,3,3,3,3
3997165790,-9.5700,0.6000,0.0400,-0.0000,1.0625,0.1875,46.8750,-8.0625,-44.0625,27.0,87.8125,177.8125,79.7500,3,3,3,3
3997175790,-9.5600,0.5400,0.0600,-0.1875,0.4375,0.4375,46.8750,-8.0625,-44.0625,27.0,87.8125,177.8125,79.7500,3,3,3,3
3997185790,-9.6000,0.2300,0.0500,-0.8750,0.2500,1.4375,46.8750,-8.0625,-44.0625,27.0,87.8125,177.8125,79.7500,3,3,3,3
3997195790,-9.6600,0.2800,0.0300,-0.7500,0.5000,1.0625,46.8750,-8.0625,-44.0625,27.0,87.8125,177.8125,79.7500,3,3,3,3
3997205790,-9.6100,0.4700,0.0500,0.1250,-0.0625,-0.5625,45.8750,-7.3750,-43.2500,27.0,87.8125,177.8125,79.7500,3,3,3,3
3997215790,-9.6400,0.6100,-0.0100,0.4375,-0.8125,-1.3750,45.8750,-7.3750,-43.2500,27.0,87.8125,177.8125,79.7500,3,3,3,3
3997225790,-9.6800,0.5100,-0.2000,0.6250,-1.2500,-0.6875,45.8750,-7.3750,-43.2500,27.0,87.8125,177.8125,79.7500,3,3,3,3
3997235790,-9.5800,0.5400,-0.1400,0.5000,-0.6250,-0.0000,45.8750,-7.3750,-43.2500,27.0,87.8125,177.8125,79.7500,3,3,3,3
3997245790,-9.5300,0.5300,-0.0700,0.3125,0.3125,-0.1875,45.8750,-7.3750,-43.2500,27.0,87.8125,177.8125,79.7500,3,3,3,3
3997255790,-9.5700,0.4200,-0.0300,0.3750,1.3750,0.6250,46.1875,-8.0625,-44.8750,27.0,87.8125,177.8125,79.7500,3,3,3,3
3997265790,-9.6900,0.4700,-0.0700,0.4375,1.5000,1.0625,46.1875,-8.0625,-44.8750,27.0,87.8125,177.8125,79.7500,3,3,3,3
3997275790,-9.5800,0.4800,-0.1000,0.8125,1.1250,0.7500,46.1875,-8.0625,-44.8750,27.0,87.8125,177.8125,79.7500,3,3,3,3
3997285790,-9.4200,0.4400,-0.0200,0.9375,1.1875,0.1875,46.1875,-8.0625,-44.8750,27.0,87.8125,177.8125,79.7500,3,3,3,3
3997295790,-9.5000,0.3600,-0.0500,0.5000,1.7500,0.2500,46.1875,-8.0625,-44.8750,27.0,87.8125,177.8125,79.7500,3,3,3,3
3997305790,-9.4400,0.3700,-0.1500,0.3125,2.1250,0.3125,46.8750,-7.6875,-44.0625,27.0,87.8125,177.8125,79.7500,3,3,3,3
3997315790,-9.4400,0.4400,-0.0500,0.3750,2.5625,-0.1875,46.8750,-7.6875,-44.0625,27.0,87.8125,177.8125,79.7500,3,3,3,3
3997325790,-9.5300,0.3900,0.1100,0.9375,3.9375,-0.6250,46.8750,-7.6875,-44.0625,27.0,87.7500,177.8125,79.7500,3,3,3,3
3997335790,-9.5100,0.3700,0.1300,0.8125,3.6250,-0.5000,46.8750,-7.6875,-44.0625,27.0,87.7500,177.8125,79.7500,3,3,3,3
3997345790,-9.4900,0.4800,0.1400,0.8125,2.8750,-1.1875,46.8750,-7.6875,-44.0625,27.0,87.7500,177.7500,79.7500,3,3,3,3
3997355790,-9.5000,0.4000,0.0500,-0.1250,1.0000,-0.5625,46.5625,-7.6875,-46.8750,27.0,87.7500,177.7500,79.7500,3,3,3,3
3997365790,-9.5100,0.3100,0.0300,-0.1875,1.0625,-0.7500,46.5625,-7.6875,-46.8750,27.0,87.7500,177.7500,79.7500,3,3,3,3
3997375790,-9.5300,0.3900,0.0500,-0.1875,0.6250,-0.7500,46.5625,-7.6875,-46.8750,27.0,87.7500,177.7500,79.7500,3,3,3,3
3997385790,-9.5700,0.4100,0.0800,-0.0000,0.5000,-1.0000,46.5625,-7.6875,-46.8750,27.0,87.7500,177.7500,79.7500,3,3,3,3
3997395790,-9.5400,0.4600,0.0800,-0.0625,0.2500,-0.8125,46.5625,-7.6875,-46.8750,27.0,87.6875,177.7500,79.7500,3,3,3,3
3997405790,-9.5100,0.4700,0.0300,-0.1250,-0.1250,-0.3125,46.1875,-7.0000,-45.2500,27.0,87.6875,177.7500,79.7500,3,3,3,3
3997415790,-9.4600,0.4100,0.0100,-0.1875,-0.0625,0.0625,46.1875,-7.0000,-45.2500,27.0,87.6875,177.7500,79.7500,3,3,3,3
3997425790,-9.5100,0.3600,-0.0000,-0.0625,0.3125,-0.1875,46.1875,-7.0000,-45.2500,27.0,87.6875,177.7500,79.7500,3,3,3,3
3997435790,-9.5400,0.4500,-0.0000,0.1875,0.6875,-0.3125,46.1875,-7.0000,-45.2500,27.0,87.6875,177.7500,79.7500,3,3,3,3
3997445790,-9.6000,0.4800,-0.0000,-0.1250,0.4375,0.3750,46.1875,-7.0000,-45.2500,27.0,87.6875,177.7500,79.7500,3,3,3,3
3997455790,-9.6100,0.4200,0.0200,-0.6250,0.2500,1.0000,46.1875,-8.3750,-45.5625,27.0,87.7500,177.7500,79.7500,3,3,3,3
3997465790,-9.5400,0.4300,0.0700,-0.6250,0.0625,0.5625,46.1875,-8.3750,-45.5625,27.0,87.6875,177.7500,79.6875,3,3,3,3
3997475790,-9.5300,0.4600,0.0900,-0.5625,-0.1250,0.4375,46.1875,-8.3750,-45.5625,27.0,87.6875,177.7500,79.6875,3,3,3,3
3997485790,-9.6800,0.3300,-0.0000,-0.3750,-0.0625,0.1250,46.1875,-8.3750,-45.5625,27.0,87.6875,177.7500,79.6875,3,3,3,3
3997495790,-9.6300,0.3900,-0.0200,0.8125,-0.0625,-0.6250,46.1875,-8.3750,-45.5625,27.0,87.6875,177.7500,79.6875,3,3,3,3
3997505790,-9.6200,0.4600,-0.0200,0.8750,-0.2500,-1.0000,45.8750,-7.6875,-44.8750,27.0,87.6875,177.7500,79.6875,3,3,3,3
3997515790,-9.5700,0.4700,-0.0700,0.1250,0.1250,-0.5625,45.8750,-7.6875,-44.8750,27.0,87.6875,177.7500,79.6875,3,3,3,3
3997525790,-9.6500,0.4700,-0.0100,-0.2500,0.7500,-0.1250,45.8750,-7.6875,-44.8750,27.0,87.6875,177.6875,79.6875,3,3,3,3
3997535790,-9.6100,0.5400,0.0300,-0.5000,1.0000,0.4375,45.8750,-7.6875,-44.8750,27.0,87.6875,177.6875,79.6875,3,3,3,3
3997545790,-9.6000,0.4300,0.0700,-0.4375,1.0625,1.1250,45.8750,-7.6875,-44.8750,27.0,87.6875,177.7500,79.6875,3,3,3,3
3997555790,-9.5800,0.3200,0.0400,0.0625,0.9375,0.6875,46.1875,-7.6875,-44.0625,27.0,87.6875,177.7500,79.7500,3,3,3,3
3997565790,-9.6000,0.3400,0.0600,1.0000,1.1250,-0.7500,46.1875,-7.6875,-44.0625,27.0,87.6875,177.7500,79.7500,3,3,3,3
3997575790,-9.5700,0.4300,-0.0100,1.8750,1.0000,-1.5000,46.1875,-7.6875,-44.0625,27.0,87.6875,177.6875,79.7500,3,3,3,3
3997585790,-9.5200,0.4300,0.0600,1.5000,1.4375,-1.6875,46.1875,-7.6875,-44.0625,27.0,87.6875,177.6875,79.7500,3,3,3,3
3997595790,-9.5300,0.4800,0.0700,1.1250,1.5625,-1.3750,46.1875,-7.6875,-44.0625,27.0,87.6250,177.6875,79.7500,3,3,3,3
3997605790,-9.6000,0.1700,0.2000,0.8750,1.4375,-1.5625,46.5625,-6.5625,-44.0625,27.0,87.6250,177.6875,79.6875,3,3,3,3
3997615790,-9.5900,0.7100,-0.0200,0.6875,0.7500,-2.6250,46.5625,-6.5625,-44.0625,27.0,87.6250,177.6250,79.6875,3,3,3,3
3997625790,-9.6200,0.6000,0.1100,-0.0000,0.5000,-0.6875,46.5625,-6.5625,-44.0625,27.0,87.5625,177.6250,79.6875,3,3,3,3
3997635790,-9.5300,0.4100,0.1100,-0.3750,0.3750,-0.1875,46.5625,-6.5625,-44.0625,27.0,87.5625,177.6250,79.6875,3,3,3,3
3997645790,-9.5900,0.3700,0.0900,-0.6875,0.0625,-0.3125,46.5625,-6.5625,-44.0625,27.0,87.5625,177.6250,79.6875,3,3,3,3
3997655790,-9.6000,0.4300,0.1000,-1.1250,-0.1875,-0.8125,44.6875,-7.6875,-44.8750,27.0,87.5625,177.6250,79.6250,3,3,3,3
3997665790,-9.5900,0.5000,0.0500,-0.9375,-0.5625,-0.6875,44.6875,-7.6875,-44.8750,27.0,87.5625,177.6250,79.6250,3,3,3,3
3997675790,-9.5700,0.5100,0.0800,-0.7500,-0.6250,-0.4375,44.6875,-7.6875,-44.8750,27.0,87.5625,177.6250,79.6250,3,3,3,3
3997685790,-9.5400,0.4500,0.0600,-0.5000,-0.4375,-0.2500,44.6875,-7.6875,-44.8750,27.0,87.5625,177.6250,79.6250,3,3,3,3
3997695790,-9.6100,0.4400,0.0600,-0.1875,-0.6250,-0.2500,44.6875,-7.6875,-44.8750,27.0,87.5625,177.6250,79.6250,3,3,3,3
3997705790,-9.6300,0.5200,0.0200,-0.0625,-1.0000,-0.6250,46.1875,-7.3750,-45.2500,27.0,87.5625,177.6250,79.6250,3,3,3,3
3997715790,-9.6100,0.6400,-0.0500,-0.8125,-1.3750,0.0625,46.1875,-7.3750,-45.2500,27.0,87.5625,177.5625,79.6250,3,3,3,3
3997725790,-9.6300,0.4500,-0.0800,-1.6250,-1.3750,1.4375,46.1875,-7.3750,-45.2500,27.0,87.5625,177.6250,79.6250,3,3,3,3
3997735790,-9.6500,0.3800,-0.0900,-1.6875,-0.7500,1.4375,46.1875,-7.3750,-45.2500,27.0,87.5625,177.6250,79.6250,3,3,3,3
3997745790,-9.6400,0.6100,-0.0000,-0.7500,-0.0625,0.7500,46.1875,-7.3750,-45.2500,27.0,87.5625,177.6250,79.6250,3,3,3,3
3997755790,-9.5800,0.7000,0.1900,-0.2500,-0.0625,0.6875,45.8750,-7.6875,-45.5625,27.0,87.5625,177.6250,79.6250,3,3,3,3
3997765790,-9.5800,0.3100,-0.1900,-0.6250,-0.8125,1.8125,45.8750,-7.6875,-45.5625,27.0,87.6250,177.6250,79.6250,3,3,3,3
3997775790,-9.5300,0.2100,-0.1200,-0.3125,0.4375,0.1875,45.8750,-7.6875,-45.5625,27.0,87.6250,177.6250,79.6250,3,3,3,3
3997785790,-9.6000,0.3800,0.0800,0.3750,1.1875,-0.6875,45.8750,-7.6875,-45.5625,27.0,87.6250,177.6250,79.6250,3,3,3,3
3997795790,-9.5300,0.4900,0.0600,0.5000,0.6875,-0.9375,45.8750,-7.6875,-45.5625,27.0,87.5625,177.6250,79.5625,3,3,3,3
3997805790,-9.4000,0.7100,-0.0200,0.3125,0.5625,0.3750,46.8750,-7.3750,-44.0625,27.0,87.5625,177.6250,79.5625,3,3,3,3
3997815790,-9.4500,0.4200,-0.0500,-1.1250,1.5000,2.5000,46.8750,-7.3750,-44.0625,27.0,87.6250,177.6250,79.5625,3,3,3,3
3997825790,-9.6200,0.2300,0.1500,-1.1875,2.8750,1.9375,46.8750,-7.3750,-44.0625,27.0,87.6250,177.6250,79.6250,3,3,3,3
3997835790,-9.7300,0.3700,0.2200,0.1875,2.5625,0.1875,46.8750,-7.3750,-44.0625,27.0,87.6250,177.6250,79.6250,3,3,3,3
3997845790,-9.7400,0.5900,0.1100,0.3750,0.8125,-0.6250,46.8750,-7.3750,-44.0625,27.0,87.6250,177.6250,79.5625,3,3,3,3
3997855790,-9.6400,0.6000,0.0700,-0.1875,-0.5625,-0.2500,46.8750,-7.3750,-45.2500,27.0,87.6250,177.6250,79.5625,3,3,3,3
3997865790,-9.4900,0.3700,0.0300,-0.4375,-0.6250,-0.0625,46.8750,-7.3750,-45.2500,27.0,87.6250,177.6250,79.5625,3,3,3,3
3997875790,-9.5000,0.4000,0.1300,-0.4375,-0.1875,-0.6875,46.8750,-7.3750,-45.2500,27.0,87.5625,177.6250,79.5625,3,3,3,3
3997885790,-9.5900,0.4200,0.0800,-0.0000,-0.3125,-1.1250,46.8750,-7.3750,-45.2500,27.0,87.5625,177.6250,79.5625,3,3,3,3
3997895790,-9.5800,0.5400,0.0500,-0.0625,-0.6250,-1.1250,46.8750,-7.3750,-45.2500,27.0,87.5625,177.6250,79.5625,3,3,3,3
3997905790,-9.5900,0.5400,-0.0100,0.6250,-0.9375,-0.6875,45.8750,-7.3750,-44.8750,27.0,87.5625,177.6250,79.5625,3,3,3,3
3997915790,-9.5000,0.5800,-0.0900,0.1250,-0.1875,-0.1250,45.8750,-7.3750,-44.8750,27.0,87.5625,177.5625,79.5625,3,3,3,3
3997925790,-9.5200,0.5600,-0.0100,-0.6250,0.8125,1.0000,45.8750,-7.3750,-44.8750,27.0,87.5625,177.6250,79.5625,3,3,3,3
3997935790,-9.6000,0.3100,0.1200,-1.2500,1.3750,1.8125,45.8750,-7.3750,-44.8750,27.0,87.5625,177.6250,79.5625,3,3,3,3
3997945790,-9.6200,0.2800,0.1800,-1.2500,1.0625,1.3125,45.8750,-7.3750,-44.8750,27.0,87.5625,177.6250,79.5625,3,3,3,3
3997955790,-9.6200,0.3000,0.1700,-0.4375,-0.3125,-0.0000,46.1875,-7.3750,-44.8750,27.0,87.5625,177.6250,79.5625,3,3,3,3
3997965790,-9.5600,0.3800,0.1100,0.1250,-1.8125,-1.1250,46.1875,-7.3750,-44.8750,27.0,87.5625,177.6250,79.5625,3,3,3,3
3997975790,-9.5600,0.4900,0.0300,-0.0625,-2.0000,-1.1875,46.1875,-7.3750,-44.8750,27.0,87.5625,177.6250,79.5000,3,3,3,3
3997985790,-9.5300,0.5100,0.0200,-0.0000,-1.4375,-0.8750,46.1875,-7.3750,-44.8750,27.0,87.5625,177.6250,79.5000,3,3,3,3
3997995790,-9.5300,0.5100,0.0200,-0.5000,-1.0000,-0.3750,46.1875,-7.3750,-44.8750,27.0,87.5625,177.6250,79.5000,3,3,3,3
3998005790,-9.5900,0.3600,-0.1100,0.3125,0.0625,-0.8750,45.5000,-7.3750,-44.7500,27.0,87.5625,177.5625,79.5000,3,3,3,3
3998015790,-9.5400,0.4200,-0.0200,0.1875,0.4375,-0.9375,45.5000,-7.3750,-44.7500,27.0,87.5625,177.5625,79.5000,3,3,3,3
3998025790,-9.7000,0.4000,0.0700,0.1875,0.1250,-1.5000,45.5000,-7.3750,-44.7500,27.0,87.5625,177.5625,79.5000,3,3,3,3
3998035790,-9.6000,0.5200,0.0700,0.0625,0.1250,-1.1875,45.5000,-7.3750,-44.7500,27.0,87.5000,177.5625,79.5000,3,3,3,3
3998045790,-9.5400,0.5400,0.1200,-0.3750,-0.1250,-0.6875,45.5000,-7.3750,-44.7500,27.0,87.5000,177.5625,79.4375,3,3,3,3
3998055790,-9.6900,0.5300,0.0200,-0.1250,-0.0000,-0.1250,46.5625,-6.5625,-45.2500,27.0,87.5000,177.5625,79.4375,3,3,3,3
3998065790,-9.7000,0.7300,-0.0000,-0.6250,0.2500,1.1250,46.5625,-6.5625,-45.2500,27.0,87.5000,177.5625,79.4375,3,3,3,3
3998075790,-9.6600,0.5900,-0.0200,-0.6875,0.7500,1.3125,46.5625,-6.5625,-45.2500,27.0,87.5000,177.5625,79.4375,3,3,3,3
3998085790,-9.5900,0.3600,0.0600,0.1250,0.7500,0.6875,46.5625,-6.5625,-45.2500,27.0,87.5000,177.5625,79.4375,3,3,3,3
3998095790,-9.6200,0.4100,0.1500,-0.0625,0.0625,0.0625,46.5625,-6.5625,-45.2500,27.0,87.5000,177.5625,79.4375,3,3,3,3
3998105790,-9.7000,0.5800,0.1400,-0.2500,-0.6250,0.1250,46.5625,-7.3750,-44.5000,27.0,87.5000,177.5625,79.4375,3,3,3,3
3998115790,-9.6200,0.4800,-0.0000,-0.2500,-0.8125,0.2500,46.5625,-7.3750,-44.5000,27.0,87.5000,177.5625,79.4375,3,3,3,3
3998125790,-9.5800,0.3300,0.0100,0.4375,-0.5625,-0.8750,46.5625,-7.3750,-44.5000,27.0,87.5000,177.5625,79.4375,3,3,3,3
3998135790,-9.5300,0.5500,0.0900,0.3125,-0.6250,-0.8750,46.5625,-7.3750,-44.5000,27.0,87.5000,177.5000,79.4375,3,3,3,3
3998145790,-9.6000,0.7100,0.0100,0.2500,-0.2500,1.2500,46.5625,-7.3750,-44.5000,27.0,87.5000,177.5000,79.4375,3,3,3,3
3998155790,-9.6200,0.7000,-0.0100,0.2500,-0.2500,1.2500,46.5625,-7.3750,-44.5000,27.0,87.5000,177.5625,79.4375,3,3,3,3
3998165790,-9.5600,0.3500,-0.0300,-0.3750,0.3750,2.3750,45.8750,-7.0000,-44.8750,27.0,87.5625,177.5625,79.5000,3,3,3,3
3998175790,-9.5400,0.3400,0.0900,-0.0000,0.7500,0.3750,45.8750,-7.0000,-44.8750,27.0,87.5625,177.5625,79.5000,3,3,3,3
3998185790,-9.5500,0.5100,0.1500,-0.1250,0.1875,0.5625,45.8750,-7.0000,-44.8750,27.0,87.5625,177.5625,79.5000,3,3,3,3
3998195790,-9.5400,0.4200,0.1100,0.5000,-0.1875,0.1250,45.8750,-7.0000,-44.8750,27.0,87.5625,177.5625,79.5000,3,3,3,3
3998205790,-9.5900,0.2700,0.0900,0.5000,-0.1875,0.1250,45.8750,-7.0000,-44.8750,27.0,87.5625,177.5625,79.5000,3,3,3,3
3998215790,-9.5800,0.4100,0.1100,1.5000,-0.3750,-1.6875,45.8750,-6.1875,-44.8750,27.0,87.5000,177.5625,79.5000,3,3,3,3
3998225790,-9.5400,0.6700,0.0800,0.9375,-1.2500,-0.9375,45.8750,-6.1875,-44.8750,27.0,87.5000,177.5000,79.4375,3,3,3,3
3998235790,-9.5200,0.6300,-0.0300,-0.0000,-0.8125,-0.0000,45.8750,-6.1875,-44.8750,27.0,87.5000,177.5000,79.4375,3,3,3,3
3998245790,-9.5300,0.3500,-0.0900,-0.2500,0.1250,-0.2500,45.8750,-6.1875,-44.8750,27.0,87.5000,177.5000,79.4375,3,3,3,3
3998255790,-9.5300,0.4800,-0.0200,-0.4375,0.3125,-0.5000,46.5625,-7.0000,-44.0625,27.0,87.5000,177.5000,79.4375,3,3,3,3
3998265790,-9.5400,0.5500,0.1100,-0.8750,0.1250,0.2500,46.5625,-7.0000,-44.0625,27.0,87.5000,177.5000,79.4375,3,3,3,3
3998275790,-9.5700,0.4300,0.0900,-0.4375,-0.5000,0.3125,46.5625,-7.0000,-44.0625,27.0,87.5000,177.5000,79.4375,3,3,3,3
3998285790,-9.5600,0.3300,0.0300,-0.0000,-0.6875,-0.6875,46.5625,-7.0000,-44.0625,27.0,87.5000,177.5000,79.4375,3,3,3,3
3998295790,-9.5500,0.4600,0.0500,0.4375,-0.5625,-1.5625,46.5625,-7.0000,-44.0625,27.0,87.4375,177.5000,79.4375,3,3,3,3
3998305790,-9.5400,0.4600,-0.0200,0.4375,-0.5625,-1.5625,46.5625,-7.0000,-44.0625,27.0,87.4375,177.4375,79.4375,3,3,3,3
3998315790,-9.5400,0.5400,-0.0000,-0.3125,-0.2500,-0.7500,46.1875,-7.0000,-45.2500,27.0,87.4375,177.4375,79.3750,3,3,3,3
3998325790,-9.5800,0.4900,-0.0300,-0.2500,0.1250,-0.4375,46.1875,-7.0000,-45.2500,27.0,87.4375,177.4375,79.3750,3,3,3,3
3998335790,-9.6000,0.5300,-0.0200,-0.1875,0.3750,-0.2500,46.1875,-7.0000,-45.2500,27.0,87.4375,177.4375,79.3750,3,3,3,3
3998345790,-9.5800,0.5600,0.0400,-0.5000,0.4375,0.4375,46.1875,-7.0000,-45.2500,27.0,87.4375,177.4375,79.3750,3,3,3,3
3998355790,-9.5600,0.3900,0.0800,-0.5000,0.4375,0.4375,46.1875,-7.0000,-45.2500,27.0,87.4375,177.4375,79.3750,3,3,3,3
3998365790,-9.6100,0.3500,0.0700,-0.1875,-0.5625,-0.0625,46.5625,-6.5625,-44.5000,27.0,87.4375,177.4375,79.3750,3,3,3,3
3998375790,-9.5400,0.4700,0.0800,-0.0625,-0.9375,-0.3125,46.5625,-6.5625,-44.5000,27.0,87.4375,177.4375,79.3750,3,3,3,3
3998385790,-9.5400,0.5100,0.0600,-0.2500,-1.3125,0.1875,46.5625,-6.5625,-44.5000,27.0,87.4375,177.4375,79.3750,3,3,3,3
3998395790,-9.5600,0.4300,-0.0200,-0.2500,-1.3125,0.1875,46.5625,-6.5625,-44.5000,27.0,87.4375,177.4375,79.3750,3,3,3,3
3998405790,-9.5100,0.5100,-0.0000,-0.4375,-0.9375,0.0625,46.5625,-6.5625,-44.5000,27.0,87.4375,177.4375,79.3750,3,3,3,3
3998415790,-9.5600,0.4100,0.0200,-0.6250,-0.3750,0.0625,46.1875,-7.0000,-44.5000,27.0,87.4375,177.4375,79.3750,3,3,3,3
3998425790,-9.6400,0.4200,0.0200,-0.6250,-0.3750,-0.0000,46.1875,-7.0000,-44.5000,27.0,87.4375,177.4375,79.3750,3,3,3,3
3998435790,-9.6000,0.4700,0.1200,-0.5000,-0.5000,-0.4375,46.1875,-7.0000,-44.5000,27.0,87.4375,177.4375,79.3750,3,3,3,3
3998445790,-9.5600,0.5000,0.1100,-0.1875,-1.0000,-0.8125,46.1875,-7.0000,-44.5000,27.0,87.4375,177.4375,79.3750,3,3,3,3
3998455790,-9.5200,0.4800,0.0600,-0.1875,-1.8750,-0.5000,46.1875,-7.0000,-44.5000,27.0,87.4375,177.4375,79.3750,3,3,3,3
3998465790,-9.5400,0.4200,-0.0300,-0.7500,-1.9375,-0.1875,45.8750,-7.0000,-44.8750,27.0,87.4375,177.4375,79.3750,3,3,3,3
3998475790,-9.5300,0.3800,0.0700,-0.7500,-1.5000,-0.0625,45.8750,-7.0000,-44.8750,27.0,87.4375,177.4375,79.3750,3,3,3,3
3998485790,-9.5900,0.4000,0.1800,-1.1875,-1.3125,0.6250,45.8750,-7.0000,-44.8750,27.0,87.4375,177.4375,79.3750,3,3,3,3
3998495790,-9.5100,0.5600,0.1600,-1.2500,-2.0625,0.5625,45.8750,-7.0000,-44.8750,27.0,87.4375,177.4375,79.3750,3,3,3,3
3998505790,-9.5700,0.3700,-0.0300,-1.2500,-2.8125,1.1250,45.8750,-7.0000,-44.8750,27.0,87.4375,177.4375,79.3750,3,3,3,3
3998515790,-9.5400,0.4400,0.0600,-0.6875,-2.9375,0.7500,46.5625,-6.5625,-44.8750,27.0,87.4375,177.4375,79.3750,3,3,3,3
3998525790,-9.5100,0.4600,0.0500,-0.1875,-2.8125,0.3750,46.5625,-6.5625,-44.8750,27.0,87.4375,177.4375,79.3750,3,3,3,3
3998535790,-9.4800,0.3900,0.0800,-0.9375,-3.1875,0.6250,46.5625,-6.5625,-44.8750,27.0,87.5000,177.5000,79.3125,3,3,3,3
3998545790,-9.5000,0.3800,0.2000,-1.4375,-3.5000,0.7500,46.5625,-6.5625,-44.8750,27.0,87.5000,177.5000,79.3125,3,3,3,3
3998555790,-9.6300,0.3000,0.0800,-2.2500,-4.1875,1.0000,46.5625,-6.5625,-44.8750,27.0,87.5000,177.5000,79.3125,3,3,3,3
3998565790,-9.5200,0.3800,-0.0000,-3.0625,-5.5000,0.4375,46.5625,-7.6875,-44.8750,27.0,87.5000,2.4375,79.3125,3,3,3,3
3998575790,-9.5600,0.5200,0.1900,-2.5625,-6.5625,0.1875,46.5625,-7.6875,-44.8750,27.0,87.5000,2.4375,79.2500,3,3,3,3
3998585790,-9.5500,0.5400,-0.0800,-3.0000,-7.8750,0.5000,46.5625,-7.6875,-44.8750,27.0,87.5000,2.4375,79.2500,3,3,3,3
3998595790,-9.5300,0.5700,-0.1200,-3.1250,-7.8750,1.3125,46.5625,-7.6875,-44.8750,27.0,87.5000,2.4375,79.2500,3,3,3,3
3998605790,-9.6300,0.5400,-0.3100,-3.1875,-7.1875,2.1250,46.5625,-7.6875,-44.8750,27.0,87.5000,2.4375,79.2500,3,3,3,3
3998615790,-9.7500,0.6800,-0.3700,-2.6250,-5.6250,2.5625,46.1875,-7.3750,-43.6875,27.0,87.5000,2.3750,79.2500,3,3,3,3
3998625790,-9.6600,0.4000,-0.2100,-2.0625,-3.1875,3.1250,46.1875,-7.3750,-43.6875,27.0,87.5625,2.3125,79.2500,3,3,3,3
3998635790,-9.6500,0.4000,-0.1000,-1.6875,-1.5625,2.6875,46.1875,-7.3750,-43.6875,27.0,87.5625,2.3125,79.2500,3,3,3,3
3998645790,-9.7000,0.4200,-0.1000,-0.8125,-1.2500,1.7500,46.1875,-7.3750,-43.6875,27.0,87.5625,2.3125,79.2500,3,3,3,3
3998655790,-9.6400,0.6400,-0.1500,-0.6875,-2.1250,1.2500,46.1875,-7.3750,-43.6875,27.0,87.5625,2.3125,79.2500,3,3,3,3
3998665790,-9.5900,0.4300,-0.2600,-1.3750,-2.2500,1.8125,46.1875,-7.6875,-43.6875,27.0,87.5625,2.3125,79.2500,3,3,3,3
3998675790,-9.4800,0.3200,-0.2400,-1.5000,-1.8125,2.5625,46.1875,-7.6875,-43.6875,27.0,87.6250,2.2500,79.3125,3,3,3,3
3998685790,-9.4900,0.2600,-0.1300,-0.6875,-0.3125,1.8125,46.1875,-7.6875,-43.6875,27.0,87.6250,2.2500,79.3125,3,3,3,3
3998695790,-9.5100,0.3400,-0.0200,-0.4375,0.7500,0.3750,46.1875,-7.6875,-43.6875,27.0,87.6250,2.2500,79.3125,3,3,3,3
3998705790,-9.5600,0.3300,-0.0200,-0.3750,0.5000,-0.5625,46.1875,-7.6875,-43.6875,27.0,87.6250,2.2500,79.3125,3,3,3,3
3998715790,-9.5400,0.3500,-0.0900,-0.1250,-0.1875,-0.5625,46.8750,-7.6875,-43.2500,27.0,87.6250,2.2500,79.2500,3,3,3,3
3998725790,-9.5600,0.3800,-0.2300,-0.0625,-0.8125,-0.9375,46.8750,-7.6875,-43.2500,27.0,87.6250,2.3125,79.2500,3,3,3,3
3998735790,-9.5400,0.6100,-0.2500,0.1875,-0.1250,-1.3125,46.8750,-7.6875,-43.2500,27.0,87.5625,2.3125,79.2500,3,3,3,3
3998745790,-9.5500,0.5000,-0.2200,-0.0625,1.3125,-0.5000,46.8750,-7.6875,-43.2500,27.0,87.6250,2.3125,79.2500,3,3,3,3
3998755790,-9.5400,0.4100,-0.1200,-0.6875,2.2500,0.3125,46.8750,-7.6875,-43.2500,27.0,87.6250,2.3125,79.2500,3,3,3,3
3998765790,-9.5800,0.2900,-0.0200,-0.6875,2.5000,0.5000,45.8750,-6.5625,-43.6875,27.0,87.6250,2.3125,79.2500,3,3,3,3
3998775790,-9.6700,0.2900,-0.0100,-0.5000,1.8125,-0.1875,45.8750,-6.5625,-43.6875,27.0,87.6250,2.3125,79.2500,3,3,3,3
3998785790,-9.6400,0.4000,-0.0600,0.1250,0.3750,-1.2500,45.8750,-6.5625,-43.6875,27.0,87.5625,2.3125,79.1875,3,3,3,3
3998795790,-9.5700,0.5200,-0.0800,0.7500,-0.4375,-2.1875,45.8750,-6.5625,-43.6875,27.0,87.5625,2.3125,79.1875,3,3,3,3
3998805790,-9.4600,0.5500,-0.1300,0.6875,-0.5000,-1.7500,45.8750,-6.5625,-43.6875,27.0,87.5625,2.3125,79.1875,3,3,3,3
3998815790,-9.6100,0.4300,-0.1000,0.1250,0.5000,-0.6875,46.1875,-7.6875,-44.0625,27.0,87.5625,2.3750,79.1875,3,3,3,3
3998825790,-9.6800,0.4000,-0.1900,-0.5625,0.5000,-0.0625,46.1875,-7.6875,-44.0625,27.0,87.5625,2.3750,79.1875,3,3,3,3
3998835790,-9.6400,0.4700,-0.1300,-0.5000,0.9375,-0.3750,46.1875,-7.6875,-44.0625,27.0,87.5625,2.3750,79.1875,3,3,3,3
3998845790,-9.5800,0.4700,0.0200,-0.0625,1.2500,-0.3750,46.1875,-7.6875,-44.0625,27.0,87.5625,2.3750,79.1875,3,3,3,3
3998855790,-9.5400,0.5000,0.0700,-0.2500,0.6875,-0.5000,46.1875,-7.6875,-44.0625,27.0,87.5625,2.3750,79.1875,3,3,3,3
3998865790,-9.5700,0.4500,0.0500,-0.3750,-0.4375,-0.1875,46.5625,-7.6875,-43.5625,27.0,87.5625,2.3750,79.1875,3,3,3,3
3998875790,-9.5600,0.3800,-0.0400,-0.5625,-1.0000,0.1875,46.5625,-7.6875,-43.5625,27.0,87.5625,2.3750,79.1875,3,3,3,3
3998885790,-9.6000,0.4100,-0.0100,-0.5625,-1.3750,-0.0625,46.5625,-7.6875,-43.5625,27.0,87.5625,2.3750,79.1875,3,3,3,3
3998895790,-9.6400,0.5100,-0.0600,-0.3750,-1.2500,-0.0625,46.5625,-7.6875,-43.5625,27.0,87.5000,2.3750,79.1875,3,3,3,3
3998905790,-9.6400,0.6100,-0.1000,-0.3125,-1.8750,-0.0625,46.5625,-7.6875,-43.5625,27.0,87.5000,2.3750,79.1875,3,3,3,3
3998915790,-9.5700,0.5900,-0.1100,-0.6875,-1.9375,0.8750,46.5625,-7.0000,-44.0625,27.0,87.5000,2.3750,79.1875,3,3,3,3
3998925790,-9.6400,0.4300,-0.1300,-1.3125,-1.9375,2.1250,46.5625,-7.0000,-44.0625,27.0,87.5625,2.3125,79.1875,3,3,3,3
3998935790,-9.6700,0.5300,-0.1200,-1.4375,-1.8125,2.0000,46.5625,-7.0000,-44.0625,27.0,87.5625,2.3125,79.1875,3,3,3,3
3998945790,-9.6300,0.4400,-0.1300,-1.2500,-1.6250,1.7500,46.5625,-7.0000,-44.0625,27.0,87.5625,2.3125,79.1875,3,3,3,3
3998955790,-9.5600,0.2700,-0.0400,-0.5625,-1.6250,1.6875,46.5625,-7.0000,-44.0625,27.0,87.5625,2.3125,79.1875,3,3,3,3
3998965790,-9.5300,0.3400,-0.0600,0.1250,-1.6250,0.8750,45.8750,-7.3750,-44.0625,27.0,87.5625,2.2500,79.2500,3,3,3,3
3998975790,-9.5600,0.4200,-0.1000,0.2500,-2.0000,-0.0000,45.8750,-7.3750,-44.0625,27.0,87.5625,2.2500,79.2500,3,3,3,3
3998985790,-9.6000,0.4100,-0.1800,-0.2500,-2.6250,0.0625,45.8750,-7.3750,-44.0625,27.0,87.5625,2.2500,79.2500,3,3,3,3
3998995790,-9.5400,0.4300,-0.2800,-0.3125,-2.3750,0.3125,45.8750,-7.3750,-44.0625,27.0,87.5625,2.2500,79.2500,3,3,3,3
3999005790,-9.5000,0.3100,-0.2300,-0.6875,-1.3750,0.6875,45.8750,-7.3750,-44.0625,27.0,87.5625,2.2500,79.2500,3,3,3,3
3999015790,-9.5300,0.2700,-0.1500,-0.8125,-0.0625,0.7500,46.5625,-7.3750,-44.0625,27.0,87.5625,2.2500,79.2500,3,3,3,3
3999025790,-9.5600,0.3600,-0.0800,-0.4375,0.3750,0.1875,46.5625,-7.3750,-44.0625,27.0,87.5625,2.2500,79.2500,3,3,3,3
3999035790,-9.5400,0.3700,-0.0400,-0.4375,-0.0625,-0.1875,46.5625,-7.3750,-44.0625,27.0,87.5625,2.2500,79.2500,3,3,3,3
3999045790,-9.5600,0.3200,-0.1400,-0.2500,-1.0000,-0.3125,46.5625,-7.3750,-44.0625,27.0,87.5625,2.2500,79.2500,3,3,3,3
3999055790,-9.4800,0.4100,-0.1400,-0.0625,-1.5625,-0.7500,46.5625,-7.3750,-44.0625,27.0,87.5625,2.2500,79.2500,3,3,3,3
3999065790,-9.4700,0.4500,-0.0800,-0.3125,-1.6250,-0.9375,46.8750,-7.3750,-44.5000,27.0,87.5625,2.2500,79.1875,3,3,3,3
3999075790,-9.5600,0.3100,-0.1100,-0.3750,-1.5625,-0.6875,46.8750,-7.3750,-44.5000,27.0,87.5625,2.3125,79.1875,3,3,3,3
3999085790,-9.5200,0.4000,-0.0400,-0.3750,-2.0000,-0.6875,46.8750,-7.3750,-44.5000,27.0,87.5000,2.3125,79.1875,3,3,3,3
3999095790,-9.4900,0.4300,-0.0300,-0.3125,-2.5000,-1.1250,46.8750,-7.3750,-44.5000,27.0,87.5000,2.3125,79.1875,3,3,3,3
3999105790,-9.6000,0.4500,-0.1900,-0.6875,-3.5000,-0.8750,46.8750,-7.3750,-44.5000,27.0,87.5000,2.3125,79.1875,3,3,3,3
3999115790,-9.6000,0.5100,-0.1800,-0.8750,-4.0625,-0.6250,47.2500,-7.3750,-44.5000,27.0,87.5000,2.3125,79.1875,3,3,3,3
3999125790,-9.5500,0.5200,-0.2400,-0.8750,-4.2500,-0.5625,47.2500,-7.3750,-44.5000,27.0,87.4375,2.3125,79.1250,3,3,3,3
3999135790,-9.5600,0.4500,-0.1800,-1.3125,-4.0000,-0.0000,47.2500,-7.3750,-44.5000,27.0,87.4375,2.3125,79.1250,3,3,3,3
3999145790,-9.5700,0.4200,-0.2000,-1.5625,-3.6250,0.3125,47.2500,-7.3750,-44.5000,27.0,87.4375,2.3125,79.1250,3,3,3,3
3999155790,-9.7000,0.5000,-0.1800,-1.3125,-3.6875,-0.0000,47.2500,-7.3750,-44.5000,27.0,87.4375,2.3125,79.1250,3,3,3,3
3999165790,-9.6100,0.5400,-0.2200,-0.4375,-3.3125,-0.1875,46.8750,-7.6875,-43.6875,27.0,87.3750,2.3125,79.1250,3,3,3,3
3999175790,-9.6000,0.3900,-0.2600,-0.2500,-2.8750,0.1250,46.8750,-7.6875,-43.6875,27.0,87.3750,2.3125,79.1250,3,3,3,3
3999185790,-9.5400,0.4400,-0.1300,0.0625,-2.1875,-0.1250,46.8750,-7.6875,-43.6875,27.0,87.3750,2.3125,79.1250,3,3,3,3
3999195790,-9.6100,0.5000,-0.2200,0.6875,-1.3750,-0.5000,46.8750,-7.6875,-43.6875,27.0,87.3750,2.3125,79.1250,3,3,3,3
3999205874,-9.6200,0.4300,-0.2200,-0.0000,-1.3750,0.2500,46.8750,-7.6875,-43.6875,27.0,87.3750,2.3125,79.1250,3,3,3,3
3999215874,-9.6400,0.3500,-0.1600,-0.5625,-1.3750,0.7500,46.8750,-7.6875,-44.0625,27.0,87.3750,2.3125,79.1250,3,3,3,3
3999225874,-9.5600,0.4600,-0.1300,-0.3125,-1.3750,0.4375,46.8750,-7.6875,-44.0625,27.0,87.3750,2.3125,79.1250,3,3,3,3
3999235874,-9.6100,0.4400,-0.2000,-0.1875,-1.3750,-0.2500,46.8750,-7.6875,-44.0625,27.0,87.3750,2.3125,79.1250,3,3,3,3
3999245874,-9.6600,0.4200,-0.2300,-0.1250,-1.6875,-0.0000,46.8750,-7.6875,-44.0625,27.0,87.3125,2.3125,79.1250,3,3,3,3
3999255874,-9.5700,0.3400,-0.2000,-0.0625,-1.6250,0.1875,46.8750,-7.6875,-44.0625,27.0,87.3125,2.3125,79.1250,3,3,3,3
3999265874,-9.5200,0.3400,-0.1300,0.4375,-1.0625,-0.5625,48.0000,-8.0625,-43.6875,27.0,87.3125,2.3125,79.1250,3,3,3,3
3999275874,-9.5500,0.3100,-0.1200,1.0625,-0.8125,-1.1250,48.0000,-8.0625,-43.6875,27.0,87.3125,2.3125,79.1250,3,3,3,3
3999285874,-9.6200,0.3200,-0.1300,0.9375,-1.2500,-1.5625,48.0000,-8.0625,-43.6875,27.0,87.3125,2.3750,79.1250,3,3,3,3
3999295874,-9.6200,0.6400,-0.2700,1.1875,-2.1875,-2.0000,48.0000,-8.0625,-43.6875,27.0,87.2500,2.3750,79.1250,3,3,3,3
3999305874,-9.6100,0.5000,-0.3900,1.3125,-2.3125,-1.6875,48.0000,-8.0625,-43.6875,27.0,87.2500,2.3750,79.1250,3,3,3,3
3999315874,-9.4900,0.4400,-0.3700,0.6875,-2.1875,-0.2500,46.5625,-7.6875,-44.0625,27.0,87.2500,2.3750,79.1250,3,3,3,3
3999325874,-9.5000,0.3800,-0.2900,0.3125,-1.2500,0.3125,46.5625,-7.6875,-44.0625,27.0,87.2500,2.3750,79.1250,3,3,3,3
3999335874,-9.6200,0.3000,-0.1300,-0.0625,-0.2500,0.5000,46.5625,-7.6875,-44.0625,27.0,87.2500,2.3750,79.1250,3,3,3,3
3999345874,-9.6800,0.3500,-0.1600,-0.1875,-0.5000,-0.0625,46.5625,-7.6875,-44.0625,27.0,87.2500,2.3750,79.1250,3,3,3,3
3999355874,-9.6700,0.5700,-0.2900,-0.0625,-1.5625,-0.6875,46.5625,-7.6875,-44.0625,27.0,87.1875,2.3750,79.1250,3,3,3,3
3999365874,-9.5700,0.6300,-0.3600,0.6875,-2.4375,-0.7500,48.0000,-7.6875,-42.8750,27.0,87.1875,2.3750,79.1250,3,3,3,3
3999375874,-9.5100,0.3000,-0.3000,0.6250,-2.0000,0.3750,48.0000,-7.6875,-42.8750,27.0,87.1875,2.3750,79.1250,3,3,3,3
3999385874,-9.6200,0.3000,-0.2100,0.1875,-0.8125,1.1250,48.0000,-7.6875,-42.8750,27.0,87.1875,2.3750,79.1250,3,3,3,3
3999395874,-9.6100,0.4100,-0.1700,0.1250,-0.4375,0.4375,48.0000,-7.6875,-42.8750,27.0,87.1875,2.3750,79.1250,3,3,3,3
3999405874,-9.5800,0.4200,-0.1800,-0.0000,-1.3750,-0.4375,48.0000,-7.6875,-42.8750,27.0,87.1875,2.3750,79.1250,3,3,3,3
3999415874,-9.5900,0.3700,-0.3700,-0.1875,-2.9375,-0.8125,47.2500,-7.3750,-42.8750,27.0,87.1875,2.3750,79.1250,3,3,3,3
3999425874,-9.5800,0.5400,-0.3700,-0.1875,-2.9375,-0.8125,47.2500,-7.3750,-42.8750,27.0,87.1250,2.3750,79.1250,3,3,3,3
3999435874,-9.5800,0.6000,-0.3500,-0.4375,-1.5000,-0.8125,47.2500,-7.3750,-42.8750,27.0,87.1250,2.4375,79.1250,3,3,3,3
3999445874,-9.6000,0.3400,-0.3000,-0.4375,-0.8125,-0.0625,47.2500,-7.3750,-42.8750,27.0,87.1250,2.4375,79.1250,3,3,3,3
3999455874,-9.6400,0.3200,-0.2800,-0.1875,-0.7500,-0.5625,47.2500,-7.3750,-42.8750,27.0,87.1250,2.4375,79.1250,3,3,3,3
3999465874,-9.5800,0.4100,-0.2300,-0.0625,-1.1875,-1.5000,47.2500,-8.7500,-43.2500,27.0,87.1250,2.4375,79.1250,3,3,3,3
3999475874,-9.5600,0.5000,-0.2100,0.1250,-1.5625,-1.5625,47.2500,-8.7500,-43.2500,27.0,87.0625,2.4375,79.0625,3,3,3,3
3999485874,-9.5700,0.4200,-0.2700,0.1250,-1.8750,-1.5000,47.2500,-8.7500,-43.2500,27.0,87.0625,2.4375,79.0625,3,3,3,3
3999495874,-9.5200,0.5000,-0.2600,0.5000,-1.9375,-1.8125,47.2500,-8.7500,-43.2500,27.0,87.0625,2.5000,79.0625,3,3,3,3
3999505874,-9.5400,0.5200,-0.2400,0.7500,-1.6875,-1.5000,47.2500,-8.7500,-43.2500,27.0,87.0000,2.5000,79.0625,3,3,3,3
3999515874,-9.5800,0.4700,-0.1800,0.1875,-2.2500,-1.4375,47.2500,-7.3750,-43.6875,27.0,87.0000,2.5000,79.0625,3,3,3,3
3999525874,-9.5600,0.4900,-0.2000,-0.3125,-2.9375,-1.3750,47.2500,-7.3750,-43.6875,27.0,86.9375,2.5000,79.0000,3,3,3,3
3999535874,-9.5600,0.4900,-0.1400,-0.8125,-3.7500,-1.1250,47.2500,-7.3750,-43.6875,27.0,86.9375,2.5000,79.0000,3,3,3,3
3999545874,-9.5000,0.5000,-0.0900,-1.6875,-4.8125,-0.6875,47.2500,-7.3750,-43.6875,27.0,86.8750,2.5625,79.0000,3,3,3,3
3999555874,-9.5700,0.3500,-0.0600,-2.2500,-6.7500,-0.6875,47.2500,-7.3750,-43.6875,27.0,86.8750,2.5625,78.9375,3,3,3,3
3999565874,-9.5600,0.4800,0.0100,-3.5625,-9.1875,-1.6875,46.8750,-7.6875,-43.6875,27.0,86.8125,2.5625,78.9375,3,3,3,3
3999575874,-9.5200,0.4300,-0.0000,-5.1875,-12.2500,-1.8750,46.8750,-7.6875,-43.6875,27.0,86.7500,2.5625,78.8750,3,3,3,3
3999585874,-9.4400,0.4800,0.0300,-6.2500,-15.1250,-1.5000,46.8750,-7.6875,-43.6875,27.0,86.6250,2.5625,78.8125,3,3,3,3
3999595874,-9.2900,0.6100,-0.0000,-7.9375,-18.1250,-0.4375,46.8750,-7.6875,-43.6875,27.0,86.5625,2.5625,78.6875,3,3,3,3
3999605874,-9.3400,0.6500,-0.2400,-10.0000,-20.7500,1.3125,46.8750,-7.6875,-43.6875,27.0,86.4375,2.5625,78.6250,3,3,3,3
3999615874,-9.3400,0.6100,-0.3800,-10.1875,-21.5000,3.5000,47.6875,-8.3750,-42.5000,27.0,86.3125,2.5625,78.5625,3,3,3,3
3999625874,-9.3400,0.6400,-0.4000,-9.4375,-20.8125,5.1250,47.6875,-8.3750,-42.5000,27.0,86.1875,2.5000,78.5625,3,3,3,3
3999635874,-9.3800,0.5300,-0.4300,-9.1875,-20.2500,6.0625,47.6875,-8.3750,-42.5000,27.0,86.0625,2.4375,78.5000,3,3,3,3
3999645874,-9.3200,0.6000,-0.3300,-8.5625,-19.5625,6.8125,47.6875,-8.3750,-42.5000,27.0,86.0000,2.3750,78.5000,3,3,3,3
3999655874,-9.4200,0.4300,-0.4300,-8.0625,-19.5625,7.9375,47.6875,-8.3750,-42.5000,27.0,85.8750,2.3125,78.5000,3,3,3,3
3999665874,-9.5200,0.3100,-0.5400,-7.5000,-20.5000,8.3750,48.6875,-8.7500,-41.3750,27.0,85.7500,2.1875,78.5625,3,3,3,3
3999675874,-9.5900,0.4400,-0.7100,-7.9375,-21.6250,7.9375,48.6875,-8.7500,-41.3750,27.0,85.6250,2.1250,78.5625,3,3,3,3
3999685874,-9.6000,0.5100,-0.7900,-6.6250,-21.4375,7.5625,48.6875,-8.7500,-41.3750,27.0,85.4375,2.0625,78.5625,3,3,3,3
3999695874,-9.5600,0.5400,-0.9200,-5.2500,-20.0625,7.1250,48.6875,-8.7500,-41.3750,27.0,85.3125,2.0000,78.6250,3,3,3,3
3999705874,-9.5400,0.3800,-0.9300,-3.5625,-18.1875,6.6875,48.6875,-8.7500,-41.3750,27.0,85.1875,1.9375,78.6250,3,3,3,3
3999715874,-9.5300,0.3100,-0.7000,-1.6250,-16.6875,5.8125,49.5000,-7.3750,-41.0000,27.0,85.0625,1.8750,78.6875,3,3,3,3
3999725874,-9.5600,0.2800,-0.8300,-2.0625,-16.5625,4.3750,49.5000,-7.3750,-41.0000,27.0,84.9375,1.8125,78.7500,3,3,3,3
3999735874,-9.6200,0.2000,-1.0200,-0.8750,-16.0625,3.1250,49.5000,-7.3750,-41.0000,27.0,84.7500,1.7500,78.7500,3,3,3,3
3999745874,-9.4600,0.2400,-1.0800,0.8750,-14.9375,1.8125,49.5000,-7.3750,-41.0000,27.0,84.6250,1.7500,78.7500,3,3,3,3
3999755874,-9.5100,0.2200,-1.0800,1.3125,-13.1250,0.8750,49.5000,-7.3750,-41.0000,27.0,84.5000,1.7500,78.8125,3,3,3,3
3999765874,-9.4800,0.1900,-1.0800,1.9375,-11.9375,0.5000,49.7500,-9.1875,-41.0000,27.0,84.4375,1.7500,78.8125,3,3,3,3
3999775874,-9.5600,0.0800,-1.0500,1.6875,-11.3125,-0.0625,49.7500,-9.1875,-41.0000,27.0,84.3125,1.7500,78.8750,3,3,3,3
3999785874,-9.5200,0.1900,-0.8400,0.9375,-11.6875,-0.6250,49.7500,-9.1875,-41.0000,27.0,84.1875,1.7500,78.8750,3,3,3,3
3999795874,-9.4900,0.2100,-0.9100,-0.5000,-12.6875,-0.4375,49.7500,-9.1875,-41.0000,27.0,84.0625,1.7500,78.8750,3,3,3,3
3999805874,-9.4900,0.1400,-0.9800,-2.1875,-13.6250,-0.1250,49.7500,-9.1875,-41.0000,27.0,83.9375,1.7500,78.8750,3,3,3,3
3999815874,-9.5700,0.1200,-1.1100,-2.2500,-14.0000,-0.3125,49.8750,-8.0625,-40.1875,27.0,83.8125,1.7500,78.8125,3,3,3,3
3999825874,-9.4400,0.1500,-1.0800,-1.3125,-13.5000,-1.3125,49.8750,-8.0625,-40.1875,27.0,83.6875,1.7500,78.8125,3,3,3,3
3999835874,-9.4300,0.2200,-0.9300,-0.2500,-13.3125,-2.6250,49.8750,-8.0625,-40.1875,27.0,83.5625,1.7500,78.8125,3,3,3,3
3999845874,-9.4400,0.2000,-0.8800,-0.8750,-14.1875,-3.1875,49.8750,-8.0625,-40.1875,27.0,83.4375,1.8125,78.7500,3,3,3,3
3999855874,-9.5900,-0.0300,0.3500,-9.7500,-20.3750,-7.8750,49.8750,-8.0625,-40.1875,27.0,83.1875,1.8750,78.6250,3,3,3,3
3999865874,-10.0200,0.3300,-0.5600,-17.5625,-33.4375,-16.6250,49.7500,-7.6875,-39.0000,27.0,82.8750,16.5625,78.3125,3,3,3,3
3999875874,-9.4900,1.2700,-0.6500,-6.0625,-41.6875,-13.5625,49.7500,-7.6875,-39.0000,27.0,82.4375,16.5625,78.1250,3,3,3,3
3999885874,-9.4000,1.1200,-1.3700,-8.0625,-46.1250,-7.4375,49.7500,-7.6875,-39.0000,27.0,82.0000,16.0625,78.0000,3,3,3,3
3999895874,-9.2600,0.2700,-2.1200,-10.5000,-43.9375,-2.3750,49.7500,-7.6875,-39.0000,27.0,81.5625,15.3125,77.9375,3,3,3,3
3999905874,-9.2900,0.4400,-2.0100,-9.2500,-37.3125,-1.0000,49.7500,-7.6875,-39.0000,27.0,81.1875,14.6875,77.8750,3,3,3,3
3999915874,-9.2900,0.4400,-2.0100,-9.3125,-30.3750,-0.8750,51.5625,-8.3750,-37.0000,27.0,80.9375,14.1875,77.7500,3,3,3,3
3999925874,-9.4200,0.6200,-2.1200,-6.6875,-24.6250,0.3750,51.5625,-8.3750,-37.0000,27.0,80.6875,13.7500,77.7500,3,3,3,3
3999935874,-9.5500,0.2000,-1.9600,-2.8750,-20.2500,1.0625,51.5625,-8.3750,-37.0000,27.0,80.5000,13.3750,77.6875,3,3,3,3
3999945874,-9.4100,0.2600,-1.7400,0.1250,-17.8125,0.0625,51.5625,-8.3750,-37.0000,27.0,80.3125,13.1250,77.6875,3,3,3,3
3999955874,-9.3100,0.4000,-1.5400,1.1250,-16.6875,-1.0000,51.5625,-8.3750,-37.0000,27.0,80.1875,13.0000,77.7500,3,3,3,3
3999965874,-9.3100,0.4000,-1.5400,-0.0000,-17.7500,-0.7500,52.3750,-9.8750,-37.0000,27.0,80.0000,12.8125,77.7500,3,3,3,3
3999975874,-9.3900,0.4200,-1.4600,-0.5625,-20.0000,-0.6875,52.3750,-9.8750,-37.0000,27.0,79.8125,12.6250,77.7500,3,3,3,3
3999985874,-9.4300,0.3900,-1.5800,0.2500,-22.3125,-1.2500,52.3750,-9.8750,-37.0000,27.0,79.6250,12.4375,77.6875,3,3,3,3
3999995874,-9.2500,0.5500,-1.6500,0.3125,-24.0000,-1.1875,52.3750,-9.8750,-37.0000,27.0,79.3750,12.1875,77.6875,3,3,3,3
4000005874,-9.2000,0.5600,-1.6800,-1.2500,-24.9375,0.5625,52.3750,-9.8750,-37.0000,27.0,79.1250,11.9375,77.6875,3,3,3,3
4000015874,-9.2000,0.5600,-1.6800,-1.2500,-24.9375,0.5625,52.6875,-9.5000,-35.3750,27.0,78.8750,11.5625,77.6875,3,3,3,3
4000025874,-9.3300,0.4100,-1.8700,-3.6250,-25.5625,2.1250,52.6875,-9.5000,-35.3750,27.0,78.6875,11.1250,77.6875,3,3,3,3
4000035874,-9.3800,0.3700,-1.9900,-3.2500,-25.2500,2.6875,52.6875,-9.5000,-35.3750,27.0,78.4375,10.7500,77.6875,3,3,3,3
4000045874,-9.4400,0.4100,-2.2500,-1.6250,-24.1875,2.1875,52.6875,-9.5000,-35.3750,27.0,78.1875,10.3750,77.7500,3,3,3,3
4000055874,-9.4400,0.4100,-2.2500,-1.0625,-22.8750,1.3125,52.6875,-9.5000,-35.3750,27.0,78.0000,10.1250,77.7500,3,3,3,3
4000065874,-9.3900,0.4400,-2.2800,-1.0625,-22.8750,1.3125,52.6875,-9.5000,-34.2500,27.0,77.8125,9.9375,77.7500,3,3,3,3
4000075874,-9.3100,0.4900,-2.2400,-1.1250,-20.6875,1.1875,52.6875,-9.5000,-34.2500,27.0,77.6250,9.6875,77.7500,3,3,3,3
4000085874,-9.2300,0.4600,-2.1900,-2.1875,-16.7500,2.5000,52.6875,-9.5000,-34.2500,27.0,77.4375,9.4375,77.7500,3,3,3,3
4000095874,-9.2600,0.3200,-2.1100,-0.9375,-15.9375,2.3125,52.6875,-9.5000,-34.2500,27.0,77.3125,9.2500,77.8125,3,3,3,3
4000105874,-9.3300,0.2500,-2.0500,-0.1875,-16.1250,1.3125,52.6875,-9.5000,-34.2500,27.0,77.1875,9.0625,77.8125,3,3,3,3
4000115874,-9.3500,0.3100,-2.0100,-0.1875,-16.1250,1.3125,52.6875,-9.5000,-34.2500,27.0,77.0000,8.9375,77.8125,3,3,3,3
4000125874,-9.3400,0.3900,-2.0100,0.5000,-17.3750,0.5000,53.0625,-9.1875,-32.2500,27.0,76.8125,8.8125,77.8125,3,3,3,3
4000135874,-9.3400,0.2900,-2.0100,1.1250,-21.3125,-0.3125,53.0625,-9.1875,-32.2500,27.0,76.6250,8.6875,77.8125,3,3,3,3
4000145874,-9.2800,0.2900,-2.0000,0.9375,-23.8125,-0.8125,53.0625,-9.1875,-32.2500,27.0,76.3750,8.6250,77.8750,3,3,3,3
4000155874,-9.2200,0.3200,-1.9800,1.4375,-26.2500,-0.7500,53.0625,-9.1875,-32.2500,27.0,76.1250,8.5000,77.8750,3,3,3,3
4000165874,-9.1300,0.2500,-1.9200,1.4375,-26.2500,-0.7500,53.7500,-9.8750,-32.7500,27.0,75.8750,8.3750,77.8750,3,3,3,3
4000175874,-9.1000,0.3800,-2.1200,0.6875,-29.0000,-1.0000,53.7500,-9.8750,-32.7500,27.0,75.5625,8.1875,77.8750,3,3,3,3
4000185874,-9.1200,0.3000,-2.0500,1.5000,-35.6250,-0.3750,53.7500,-9.8750,-32.7500,27.0,75.2500,8.0625,77.8750,3,3,3,3
4000195874,-9.2000,0.2000,-2.0500,1.4375,-39.3750,-0.7500,53.7500,-9.8750,-32.7500,27.0,74.9375,7.8750,77.9375,3,3,3,3
4000205874,-9.2600,0.2800,-2.2600,2.0625,-42.6250,-1.6250,53.7500,-9.8750,-32.7500,27.0,74.5000,7.7500,77.9375,3,3,3,3
4000215874,-9.3100,0.4000,-2.3900,2.0625,-42.6250,-1.6250,53.7500,-9.8750,-32.7500,27.0,74.0625,7.6250,78.0000,3,3,3,3
4000225874,-9.0800,0.4500,-2.5300,1.4375,-45.4375,-2.1875,55.2500,-8.7500,-30.7500,27.0,73.6250,7.4375,77.9375,3,3,3,3
4000235874,-8.9100,0.4800,-2.7900,-2.5000,-45.3125,0.3125,55.2500,-8.7500,-30.7500,27.0,73.1875,7.2500,77.9375,3,3,3,3
4000245874,-8.8500,0.4600,-2.8400,-4.7500,-43.3125,1.8125,55.2500,-8.7500,-30.7500,27.0,72.7500,6.9375,77.9375,3,3,3,3
4000255874,-8.8300,0.4400,-2.9900,-5.4375,-41.6250,2.9375,55.2500,-8.7500,-30.7500,27.0,72.3750,6.6875,77.9375,3,3,3,3
4000265874,-8.9000,0.3700,-2.9200,-5.4375,-41.6250,2.9375,55.2500,-8.7500,-30.7500,27.0,72.3750,6.6875,77.9375,3,3,3,3
4000275874,-9.0700,0.3500,-2.9600,-5.8750,-41.7500,3.0000,56.0000,-10.1875,-29.5625,27.0,72.0000,6.3750,77.9375,3,3,3,3
4000285874,-9.1700,0.2300,-3.1000,-2.3125,-44.3125,-0.3750,56.0000,-10.1875,-29.5625,27.0,71.1250,6.0000,77.9375,3,3,3,3
4000295874,-9.1300,0.2100,-3.0000,-1.9375,-46.0625,-3.1875,56.0000,-10.1875,-29.5625,27.0,70.6875,5.9375,77.9375,3,3,3,3
4000305874,-9.0500,0.3100,-3.0100,-3.0625,-48.0625,-4.5625,56.0000,-10.1875,-29.5625,27.0,70.2500,5.8750,77.8750,3,3,3,3
4000315874,-8.8600,0.3100,-2.9000,-3.0625,-48.0625,-4.5625,56.0000,-10.1875,-29.5625,27.0,70.2500,5.8750,77.8750,3,3,3,3
4000325874,-8.7900,0.4000,-3.1100,-6.4375,-51.3750,-3.5625,56.0000,-9.8750,-26.8750,27.0,69.7500,5.7500,77.8125,3,3,3,3
4000335874,-8.9000,0.3500,-3.3300,-9.3750,-56.0625,-1.4375,56.0000,-9.8750,-26.8750,27.0,68.6875,5.4375,77.6250,3,3,3,3
4000345874,-8.8700,0.4000,-3.5500,-8.1875,-56.2500,-0.5000,56.0000,-9.8750,-26.8750,27.0,68.1250,5.1875,77.6250,3,3,3,3
4000355874,-8.7200,0.3200,-4.2600,-6.1250,-52.8750,0.7500,56.0000,-9.8750,-26.8750,27.0,67.6250,5.0000,77.5625,3,3,3,3
4000365874,-8.6200,0.2000,-4.4600,-6.1250,-52.8750,0.7500,56.0000,-9.8750,-26.8750,27.0,67.6250,5.0000,77.5625,3,3,3,3
4000375874,-8.7100,0.2500,-4.3900,-3.3750,-46.3125,1.0000,58.1875,-11.6875,-24.5000,27.0,67.1875,4.8750,77.4375,3,3,3,3
4000385874,-8.6200,0.4500,-4.1900,-0.5000,-35.6875,2.3750,58.1875,-11.6875,-24.5000,27.0,66.4375,4.6250,77.4375,3,3,3,3
4000395874,-8.6100,0.5800,-3.5900,-0.2500,-35.6875,4.6250,58.1875,-11.6875,-24.5000,27.0,66.1250,4.4375,77.5000,3,3,3,3
4000405874,-8.6600,0.5500,-3.4100,-0.1875,-38.4375,6.6250,58.1875,-11.6875,-24.5000,27.0,65.7500,4.2500,77.5625,3,3,3,3
4000415874,-8.7000,0.4300,-3.3900,-0.1875,-38.4375,6.6250,58.1875,-11.6875,-24.5000,27.0,65.7500,4.2500,77.5625,3,3,3,3
4000425874,-8.7300,0.2300,-3.4400,-0.6875,-43.1875,6.6875,59.1875,-10.1875,-23.6875,27.0,65.3125,4.0625,77.6875,3,3,3,3
4000435874,-8.6100,0.1200,-3.6700,-4.3125,-51.1875,2.0000,59.1875,-10.1875,-23.6875,27.0,64.3750,3.6875,77.6875,3,3,3,3
4000445874,-8.4100,-0.2900,-3.6600,-4.0000,-54.9375,-0.8125,59.1875,-10.1875,-23.6875,27.0,63.8750,3.6250,77.6875,3,3,3,3
4000455874,-8.3600,-0.4500,-3.4300,-4.0000,-54.9375,-0.8125,59.1875,-10.1875,-23.6875,27.0,63.2500,3.6250,77.6250,3,3,3,3
4000465874,-8.3000,-0.0500,-3.3100,-2.7500,-61.0000,-4.4375,59.1875,-10.1875,-23.6875,27.0,63.2500,3.6250,77.6250,3,3,3,3
4000475874,-8.1000,0.8000,-3.8900,-5.9375,-66.6875,-5.5000,58.8750,-9.8750,-20.0625,27.0,62.6250,3.5625,77.5625,3,3,3,3
4000485874,-8.0700,0.9000,-4.3000,-12.0000,-69.5625,-1.8750,58.8750,-9.8750,-20.0625,27.0,61.2500,3.0625,77.4375,3,3,3,3
4000495874,-8.0700,0.9900,-4.7200,-16.1250,-70.3125,4.5000,58.8750,-9.8750,-20.0625,27.0,60.6250,2.6875,77.4375,3,3,3,3
4000505874,-8.1200,0.6800,-5.2000,-18.1875,-69.3125,10.8125,58.8750,-9.8750,-20.0625,27.0,59.9375,2.1875,77.5000,3,3,3,3
4000515874,-8.1500,0.5200,-5.4300,-19.0000,-67.0000,14.6875,58.8750,-9.8750,-20.0625,27.0,59.9375,2.1875,77.5000,3,3,3,3
4000525874,-8.1100,0.2100,-5.4300,-18.3750,-63.5000,17.6875,60.3750,-9.8750,-17.7500,27.0,59.3750,1.6875,77.5625,3,3,3,3
4000535874,-8.0700,0.1500,-5.2200,-14.0000,-59.6250,18.9375,60.3750,-9.8750,-17.7500,27.0,58.2500,0.8125,77.8125,3,3,3,3
4000545874,-7.9700,-0.2200,-4.7900,-9.5625,-58.1250,18.5000,60.3750,-9.8750,-17.7500,27.0,57.6250,0.5000,77.9375,3,3,3,3
4000555874,-7.8600,-0.4200,-4.6900,-6.7500,-58.8125,16.3750,60.3750,-9.8750,-17.7500,27.0,57.0625,0.2500,78.0625,3,3,3,3
4000565874,-7.8900,-0.6900,-4.7000,-4.1875,-61.6875,12.6875,60.3750,-9.8750,-17.7500,27.0,57.0625,0.2500,78.0625,3,3,3,3
4000575874,-8.0300,-0.7300,-4.7400,0.3125,-66.5000,7.1250,61.0625,-11.0000,-13.8750,27.0,56.4375,0.1250,78.0625,3,3,3,3
4000585874,-7.9700,-0.3900,-4.8300,5.7500,-73.3750,-0.0000,61.0625,-11.0000,-13.8750,27.0,54.9375,0.3750,78.0625,3,3,3,3
4000595874,-7.7600,-0.0000,-4.9100,8.4375,-80.9375,-7.0000,61.0625,-11.0000,-13.8750,27.0,54.0625,0.5625,78.0000,3,3,3,3
4000605874,-7.5800,0.2500,-5.0600,8.0625,-88.3750,-10.0625,61.0625,-11.0000,-13.8750,27.0,53.1250,0.7500,77.9375,3,3,3,3
4000615874,-7.3800,0.5200,-5.3000,4.1875,-93.8125,-10.1875,61.0625,-11.0000,-13.8750,27.0,53.1250,0.7500,77.9375,3,3,3,3
4000625874,-6.9700,0.8300,-5.8700,-2.1875,-94.9375,-7.3125,61.7500,-9.8750,-10.0000,27.0,52.2500,0.7500,77.8125,3,3,3,3
4000635874,-6.9300,0.6500,-6.2000,-8.6875,-92.6875,-2.1875,61.7500,-9.8750,-10.0000,27.0,50.5000,0.5000,77.6875,3,3,3,3
4000645874,-6.8800,0.2000,-6.4600,-16.3125,-87.8750,2.8125,61.7500,-9.8750,-10.0000,27.0,49.6875,0.2500,77.6875,3,3,3,3
4000655874,-6.7800,-0.4000,-5.9900,-21.0625,-81.8125,3.9375,61.7500,-9.8750,-10.0000,27.0,48.9375,0.0000,77.5625,3,3,3,3
4000665874,-6.8600,-0.0800,-5.9000,-23.8750,-78.5000,1.5625,61.7500,-9.8750,-10.0000,27.0,48.9375,0.0000,77.5625,3,3,3,3
4000675874,-6.9100,0.1700,-6.1700,-25.0625,-79.8750,0.3750,62.5625,-10.5625,-6.7500,27.0,48.1875,-0.1875,77.4375,3,3,3,3
4000685874,-6.8600,0.4800,-6.4100,-26.0000,-82.5625,1.1250,62.5625,-10.5625,-6.7500,27.0,46.5625,-0.7500,77.2500,3,3,3,3
4000695874,-6.7900,0.6000,-6.9100,-27.2500,-84.7500,3.6875,62.5625,-10.5625,-6.7500,27.0,45.6875,-1.0625,77.1875,3,3,3,3
4000705874,-6.6000,0.4800,-7.1800,-28.8125,-86.3125,6.8125,62.5625,-10.5625,-6.7500,27.0,44.8750,-1.4375,77.1250,3,3,3,3
4000715874,-6.4700,0.2400,-7.5800,-30.2500,-86.0000,10.6250,62.5625,-10.5625,-6.7500,27.0,44.8750,-1.4375,77.1250,3,3,3,3
4000725874,-6.4200,-0.0900,-7.8000,-30.3750,-82.0625,13.5625,63.0625,-10.1875,-1.1875,27.0,44.0625,-1.8750,77.1250,3,3,3,3
4000735874,-6.3000,-0.4500,-7.3600,-29.1250,-77.3750,14.7500,63.0625,-10.1875,-1.1875,27.0,42.6250,-2.6250,77.1250,3,3,3,3
4000745874,-6.2400,-0.5700,-7.2100,-28.8750,-73.9375,13.3125,63.0625,-10.1875,-1.1875,27.0,41.8750,-2.9375,77.1250,3,3,3,3
4000755874,-6.2000,-0.5600,-7.2000,-28.8750,-72.8125,11.4375,63.0625,-10.1875,-1.1875,27.0,41.1875,-3.3125,77.1250,3,3,3,3
4000765874,-6.1000,-0.5500,-7.2800,-28.2500,-72.2500,9.6250,63.0625,-10.1875,-1.1875,27.0,41.1875,-3.3125,77.1250,3,3,3,3
4000775874,-5.8600,-0.4800,-7.6000,-26.3750,-71.9375,8.8125,63.5000,-10.5625,1.7500,27.0,40.5000,-3.5625,77.0625,3,3,3,3
4000785874,-5.8300,-0.6600,-7.8400,-23.5000,-70.6250,8.6250,63.5000,-10.5625,1.7500,27.0,39.1250,-4.0625,77.0000,3,3,3,3
4000795874,-5.8300,-0.9300,-7.8900,-20.0000,-68.4375,7.8750,63.5000,-10.5625,1.7500,27.0,38.5000,-4.1875,77.0000,3,3,3,3
4000805874,-5.6900,-1.1200,-7.8900,-15.6250,-65.6875,5.0625,63.5000,-10.5625,1.7500,27.0,37.8750,-4.3125,76.9375,3,3,3,3
4000815874,-5.6100,-0.8200,-7.7800,-11.5625,-62.3750,-0.6875,63.5000,-10.5625,1.7500,27.0,37.8750,-4.3125,76.9375,3,3,3,3
4000825874,-5.6600,-0.7900,-7.7500,-7.0625,-60.8750,-4.0625,62.7500,-9.8750,6.8750,27.0,37.3125,-4.3125,76.7500,3,3,3,3
4000835874,-5.6800,-0.6100,-7.7900,-2.1875,-61.1250,-6.2500,62.7500,-9.8750,6.8750,27.0,36.1250,-4.1250,76.5625,3,3,3,3
4000845874,-5.5200,-0.2400,-8.0500,0.5000,-62.7500,-8.2500,62.7500,-9.8750,6.8750,27.0,35.5000,-4.0625,76.4375,3,3,3,3
4000855874,-5.2500,-0.0800,-8.2300,-0.3125,-64.1875,-8.8750,62.7500,-9.8750,6.8750,27.0,34.8750,-4.0000,76.3750,3,3,3,3
4000865874,-5.1600,-0.0900,-8.3900,-2.3750,-63.2500,-7.1875,62.7500,-9.8750,6.8750,27.0,34.8750,-4.0000,76.3750,3,3,3,3
4000875874,-5.1400,-0.2000,-8.5600,-4.0000,-60.1875,-3.8125,63.8750,-9.5000,8.8750,27.0,34.3125,-4.0000,76.2500,3,3,3,3
4000885874,-5.0500,-0.6600,-8.2700,-3.0625,-56.4375,-1.0625,63.8750,-9.5000,8.8750,27.0,33.2500,-3.9375,76.1875,3,3,3,3
4000895874,-5.0200,-0.5400,-8.2000,-1.4375,-53.2500,-0.8750,63.8750,-9.5000,8.8750,27.0,32.7500,-3.9375,76.1875,3,3,3,3
4000905874,-4.9900,-0.3700,-8.1100,0.7500,-52.3125,-1.6875,63.8750,-9.5000,8.8750,27.0,32.2500,-3.8750,76.1250,3,3,3,3
4000915874,-4.9800,-0.1500,-8.1100,2.4375,-52.9375,-1.5625,63.8750,-9.5000,8.8750,27.0,32.2500,-3.8750,76.1250,3,3,3,3
4000925874,-4.8900,-0.0000,-8.4600,2.0000,-54.2500,0.1875,63.0000,-9.1875,12.7500,27.0,31.7500,-3.8125,76.1250,3,3,3,3
4000935874,-4.9100,-0.1500,-8.7300,-0.5625,-55.0000,3.5625,63.0000,-9.1875,12.7500,27.0,30.6875,-3.8750,76.1875,3,3,3,3
4000945874,-5.0100,-0.2400,-8.9800,-2.5000,-54.0625,6.6875,63.0000,-9.1875,12.7500,27.0,30.1875,-3.9375,76.2500,3,3,3,3
4000955874,-4.5700,-0.7700,-8.5400,-2.7500,-51.3125,9.5625,63.0000,-9.1875,12.7500,27.0,29.6875,-3.9375,76.3750,3,3,3,3
4000965874,-4.6900,-0.9500,-8.4100,1.1875,-50.3125,11.1875,63.0000,-9.1875,12.7500,27.0,29.6875,-3.9375,76.3750,3,3,3,3
4000975874,-4.7000,-0.8800,-8.6900,5.0000,-51.5000,8.7500,63.7500,-9.7500,14.3750,27.0,29.1875,-3.9375,76.4375,3,3,3,3
4000985874,-4.7000,-0.6400,-9.0400,7.0000,-53.3750,5.0000,63.7500,-9.7500,14.3750,27.0,28.1250,-3.8125,76.5625,3,3,3,3
4000995874,-4.5100,-0.3400,-9.4000,8.2500,-54.1250,4.1250,63.7500,-9.7500,14.3750,27.0,27.6250,-3.7500,76.5625,3,3,3,3
4001005874,-4.3700,-0.3600,-9.5800,8.2500,-52.5000,4.8125,63.7500,-9.7500,14.3750,27.0,27.1250,-3.6875,76.6250,3,3,3,3
4001015874,-4.3200,-0.4900,-9.5200,5.6250,-47.3125,5.7500,63.7500,-9.7500,14.3750,27.0,27.1250,-3.6875,76.6250,3,3,3,3
4001025874,-4.2500,-0.5900,-9.3600,2.0000,-40.1875,5.6250,62.5625,-9.3750,17.3750,27.0,26.7500,-3.6875,76.6875,3,3,3,3
4001035874,-4.2100,-0.6100,-8.6400,-0.1875,-33.8750,4.8125,62.5625,-9.3750,17.3750,27.0,26.4375,-3.6875,76.7500,3,3,3,3
4001045874,-4.2600,-0.6800,-8.5100,-0.8750,-30.5000,5.0625,62.5625,-9.3750,17.3750,27.0,25.8125,-3.7500,76.8125,3,3,3,3
4001055874,-4.2300,-0.8300,-8.5600,-1.2500,-30.2500,5.0000,62.5625,-9.3750,17.3750,27.0,25.5000,-3.7500,76.8125,3,3,3,3
4001065874,-4.1800,-1.0200,-8.6200,0.5000,-31.5000,3.9375,62.5625,-9.3750,17.3750,27.0,25.5000,-3.7500,76.8125,3,3,3,3
4001075874,-4.0800,-0.9000,-8.5500,5.0625,-33.6250,1.3750,63.2500,-7.5625,18.8750,27.0,25.1875,-3.6875,76.8750,3,3,3,3
4001085874,-3.9900,-0.5800,-8.6600,9.6875,-36.1875,-1.9375,63.2500,-7.5625,18.8750,27.0,24.5000,-3.4375,76.8125,3,3,3,3
4001095874,-3.8700,-0.5300,-8.8600,9.5000,-38.8125,-3.5000,63.2500,-7.5625,18.8750,27.0,24.0625,-3.3750,76.8125,3,3,3,3
4001105874,-3.6800,-0.3200,-8.9100,7.6250,-40.5000,-3.7500,63.2500,-7.5625,18.8750,27.0,23.6875,-3.3125,76.7500,3,3,3,3
4001115874,-3.5800,-0.3300,-8.9700,4.4375,-40.8125,-3.4375,63.2500,-7.5625,18.8750,27.0,23.6875,-3.3125,76.7500,3,3,3,3
4001125874,-3.6800,-0.4900,-8.8900,2.4375,-40.1875,-1.6250,62.5000,-9.3750,19.6875,27.0,23.3125,-3.2500,76.7500,3,3,3,3
4001135874,-3.6700,-0.7800,-8.8600,3.6875,-39.9375,-0.2500,62.5000,-9.3750,19.6875,27.0,22.5000,-3.1250,76.6875,3,3,3,3
4001145874,-3.4000,-0.8100,-8.5100,8.1250,-41.0000,-1.6875,62.5000,-9.3750,19.6875,27.0,22.1250,-2.9375,76.6875,3,3,3,3
4001155874,-3.3400,-0.7700,-8.4400,15.0000,-44.2500,-4.1875,62.5000,-9.3750,19.6875,27.0,21.6250,-2.6875,76.6250,3,3,3,3
4001165967,-3.2500,-0.6400,-8.6000,21.0000,-48.3750,-6.8125,62.5000,-9.3750,19.6875,27.0,21.6250,-2.6875,76.6250,3,3,3,3
4001175967,-3.1300,-0.4700,-8.6400,23.3125,-52.2500,-9.1250,61.7500,-9.7500,22.0000,27.0,21.1250,-2.4375,76.5625,3,3,3,3
4001185967,-3.0200,-0.4100,-8.8900,22.1250,-54.0000,-9.6250,61.7500,-9.7500,22.0000,27.0,20.0625,-1.9375,76.4375,3,3,3,3
4001196070,-2.8600,-0.3500,-8.7900,19.6250,-54.0000,-10.4375,61.7500,-9.7500,22.0000,27.0,19.5625,-1.7500,76.3750,3,3,3,3
4001206070,-2.8600,-0.3000,-8.8700,17.1250,-54.0000,-11.0625,61.7500,-9.7500,22.0000,27.0,19.0625,-1.5625,76.2500,3,3,3,3
4001216186,-2.8200,-0.2400,-8.9900,14.2500,-54.3750,-10.5625,61.7500,-9.7500,22.0000,27.0,19.0625,-1.5625,76.2500,3,3,3,3
4001226186,-2.7400,0.1300,-9.0200,12.1875,-54.8125,-9.2500,61.2500,-10.5000,24.2500,27.0,18.5000,-1.3750,76.1875,3,3,3,3
4001236186,-2.7200,0.3100,-9.0100,11.4375,-55.0000,-7.2500,61.2500,-10.5000,24.2500,27.0,17.4375,-1.1250,76.1250,3,3,3,3
4001246274,-2.7200,0.2000,-9.1800,9.1250,-55.3750,-4.3750,61.2500,-10.5000,24.2500,27.0,16.9375,-1.0625,76.1250,3,3,3,3
4001256274,-2.7400,-0.2900,-9.9200,5.9375,-56.5000,-1.0625,61.2500,-10.5000,24.2500,27.0,16.3125,-1.0625,76.1250,3,3,3,3
4001266398,-2.7400,-0.5500,-10.3300,4.5000,-58.7500,0.0625,61.2500,-10.5000,24.2500,27.0,16.3125,-1.0625,76.1250,3,3,3,3
4001276398,-2.6600,-0.5900,-10.6100,5.8125,-58.5625,-0.8750,60.1875,-10.5000,27.8750,27.0,15.7500,-1.0000,76.1250,3,3,3,3
4001286398,-2.5900,-0.4200,-10.5300,11.0000,-54.8125,-3.7500,60.1875,-10.5000,27.8750,27.0,14.7500,-0.6875,76.0000,3,3,3,3
4001296497,-2.1700,0.0300,-10.1600,16.6875,-50.3750,-6.3750,60.1875,-10.5000,27.8750,27.0,14.3125,-0.4375,76.0000,3,3,3,3
4001306497,-1.9800,0.0600,-10.2200,19.9375,-47.6250,-7.3125,60.1875,-10.5000,27.8750,27.0,13.8750,-0.2500,75.9375,3,3,3,3
4001316795,-1.9700,0.0500,-10.0400,20.7500,-44.1250,-8.1875,60.1875,-10.5000,27.8750,27.0,13.8750,-0.2500,75.9375,3,3,3,3
4001326795,-2.2000,-0.0900,-9.8200,21.2500,-39.7500,-8.6875,59.8750,-11.5625,30.0625,27.0,13.5000,0.0000,75.8750,3,3,3,3
4001336795,-2.3000,-0.1500,-10.1100,23.2500,-39.8125,-9.7500,59.8750,-11.5625,30.0625,27.0,12.6875,0.4375,75.6875,3,3,3,3
4001346795,-2.2300,-0.0000,-10.3700,24.3125,-42.5000,-12.0000,59.8750,-11.5625,30.0625,27.0,12.6875,0.4375,75.6875,3,3,3,3
4001356795,-2.1500,0.2700,-10.3900,24.5000,-44.3750,-13.8125,59.8750,-11.5625,30.0625,27.0,11.8125,0.9375,75.5000,3,3,3,3
4001367084,-1.9600,0.5700,-10.3200,21.5000,-43.6250,-14.8125,59.8750,-11.5625,30.0625,27.0,11.8125,0.9375,75.5000,3,3,3,3
4001377084,-1.6900,0.5500,-10.2300,13.5000,-41.1250,-13.0000,59.0000,-12.3750,32.5000,27.0,11.4375,1.0625,75.3750,3,3,3,3
4001387084,-1.7200,0.2600,-10.2500,5.3125,-37.4375,-9.8750,59.0000,-12.3750,32.5000,27.0,11.0625,1.1875,75.3125,3,3,3,3
4001397084,-1.8400,-0.0600,-10.1400,0.3750,-33.4375,-7.5000,59.0000,-12.3750,32.5000,27.0,10.4375,1.1875,75.1250,3,3,3,3
4001407084,-2.0100,0.0700,-9.4900,0.6875,-31.0000,-8.4375,59.0000,-12.3750,32.5000,27.0,10.1250,1.2500,75.0000,3,3,3,3
4001417084,-1.8800,0.3500,-9.2200,2.5625,-31.1875,-12.3750,59.0000,-12.3750,32.5000,27.0,10.1250,1.2500,75.0000,3,3,3,3
4001427084,-1.7000,0.4700,-9.1900,3.1250,-34.1250,-16.3125,57.5625,-13.7500,34.3750,27.0,9.8125,1.3125,74.8750,3,3,3,3
4001437084,-1.5500,0.5400,-9.3100,2.8750,-39.1250,-17.2500,57.5625,-13.7500,34.3750,27.0,9.4375,1.3750,74.6875,3,3,3,3
4001447084,-1.4600,0.3800,-9.6500,3.5625,-43.8125,-16.8125,57.5625,-13.7500,34.3750,27.0,8.5625,1.5000,74.4375,3,3,3,3
4001457084,-1.3400,0.2400,-9.6800,5.5625,-45.7500,-15.0625,57.5625,-13.7500,34.3750,27.0,8.0625,1.5625,74.3125,3,3,3,3
4001467293,-1.3300,0.1800,-9.7300,8.1250,-46.1250,-15.3750,57.5625,-13.7500,34.3750,27.0,8.0625,1.5625,74.3125,3,3,3,3
4001477293,-1.1800,0.2800,-9.7500,7.0000,-43.8750,-19.0000,57.1875,-15.1875,35.0625,27.0,7.6875,1.6875,74.0625,3,3,3,3
4001487293,-1.1800,0.9100,-10.0200,7.0000,-43.8750,-19.0000,57.1875,-15.1875,35.0625,27.0,7.2500,1.7500,73.9375,3,3,3,3
4001497293,-1.1200,0.7100,-10.1700,1.7500,-42.3750,-17.4375,57.1875,-15.1875,35.0625,27.0,6.4375,1.7500,73.6875,3,3,3,3
4001507401,-1.0300,0.4200,-9.9700,-9.4375,-36.0625,-9.0000,57.1875,-15.1875,35.0625,27.0,6.1250,1.6250,73.5625,3,3,3,3
4001517517,-0.9900,0.2500,-9.7500,-9.6250,-34.1250,-7.9375,57.1875,-15.1875,35.0625,27.0,6.1250,1.6250,73.5625,3,3,3,3
4001527517,-0.9600,0.0700,-9.6900,-7.6250,-34.8125,-8.3750,55.0000,-16.0000,38.1875,27.0,5.8125,1.5625,73.5000,3,3,3,3
4001537517,-0.9300,0.1100,-9.8600,-4.2500,-36.0625,-9.1875,55.0000,-16.0000,38.1875,27.0,5.4375,1.5625,73.3750,3,3,3,3
4001547517,-0.8200,0.2200,-10.0200,-2.5625,-34.8125,-9.9375,55.0000,-16.0000,38.1875,27.0,4.8125,1.5000,73.2500,3,3,3,3
4001557517,-0.6500,0.5300,-10.3000,-1.5000,-31.8750,-9.1250,55.0000,-16.0000,38.1875,27.0,4.5000,1.5000,73.1875,3,3,3,3
4001567548,-0.6000,0.6000,-10.4200,-3.6250,-27.1250,-6.7500,55.0000,-16.0000,38.1875,27.0,4.5000,1.5000,73.1875,3,3,3,3
4001577548,-0.5700,0.4200,-10.5200,-7.3125,-21.3125,-3.9375,54.0000,-16.5625,40.5000,27.0,4.3125,1.4375,73.1250,3,3,3,3
4001587548,-0.5700,0.2600,-10.2800,-9.5625,-15.7500,-2.4375,54.0000,-16.5625,40.5000,27.0,4.1875,1.3125,73.0625,3,3,3,3
4001597548,-0.5500,0.1200,-9.7600,-10.0000,-12.8750,-2.0625,54.0000,-16.5625,40.5000,27.0,3.9375,1.1250,73.0625,3,3,3,3
4001607548,-0.5700,-0.0100,-9.6700,-8.9375,-12.8750,-1.9375,54.0000,-16.5625,40.5000,27.0,3.7500,1.0625,73.0000,3,3,3,3
4001617548,-0.5300,-0.2400,-9.6600,-6.3125,-14.5625,-2.9375,54.0000,-16.5625,40.5000,27.0,3.7500,1.0625,73.0000,3,3,3,3
4001627548,-0.4600,-0.2900,-9.6500,-4.0625,-16.3125,-5.5000,53.1875,-15.5625,41.6875,27.0,3.6250,1.0625,72.9375,3,3,3,3
4001637548,-0.3300,-0.0600,-9.8100,-3.4375,-17.1250,-7.5000,53.1875,-15.5625,41.6875,27.0,3.4375,1.0000,72.8750,3,3,3,3
4001647548,-0.2700,0.1200,-9.9000,-6.2500,-16.6875,-8.5625,53.1875,-15.5625,41.6875,27.0,3.1250,0.8750,72.7500,3,3,3,3
4001657649,-0.3000,0.1400,-10.1300,-9.9375,-15.8750,-8.8125,53.1875,-15.5625,41.6875,27.0,3.1250,0.8750,72.7500,3,3,3,3
4001668041,-0.3200,0.1600,-10.0900,-11.8750,-15.1250,-8.3125,53.1875,-15.5625,41.6875,27.0,3.0000,0.7500,72.6250,3,3,3,3
4001678041,-0.2700,0.1700,-9.9400,-12.7500,-15.3750,-8.0000,53.1875,-17.0000,41.2500,27.0,2.8125,0.6250,72.5625,3,3,3,3
4001688041,-0.2600,0.1000,-9.9800,-13.1250,-16.3750,-7.5625,53.1875,-17.0000,41.2500,27.0,2.6875,0.5000,72.4375,3,3,3,3
4001698041,-0.2200,0.0700,-10.1600,-12.1250,-17.3125,-7.1875,53.1875,-17.0000,41.2500,27.0,2.5000,0.3750,72.3750,3,3,3,3
4001708041,-0.2200,0.0400,-10.3500,-10.9375,-16.1875,-6.8125,53.1875,-17.0000,41.2500,27.0,2.1875,0.1875,72.2500,3,3,3,3
4001718182,-0.1600,0.1200,-10.5600,-10.7500,-13.3125,-6.1250,53.1875,-17.0000,41.2500,27.0,2.1875,0.1875,72.2500,3,3,3,3
4001728182,-0.1700,0.1800,-10.4700,-9.2500,-10.0625,-4.8750,52.8750,-16.2500,41.5625,27.0,2.1250,0.1250,72.1875,3,3,3,3
4001738182,-0.1600,0.1900,-10.3500,-7.1875,-6.9375,-3.6250,52.8750,-16.2500,41.5625,27.0,2.0625,0.0625,72.1875,3,3,3,3
4001748182,-0.1400,0.1400,-10.0600,-4.8750,-5.8125,-1.8750,52.8750,-16.2500,41.5625,27.0,1.9375,0.0000,72.1875,3,3,3,3
4001758182,-0.1200,-0.0600,-10.0900,-3.0000,-5.1875,0.3125,52.8750,-16.2500,41.5625,27.0,1.9375,0.0000,72.1875,3,3,3,3
4001768182,-0.1200,-0.0500,-9.9000,-1.6250,-3.8125,1.7500,52.8750,-16.2500,41.5625,27.0,1.8750,0.0000,72.1875,3,3,3,3
4001778182,-0.1700,-0.0500,-9.9800,-2.0000,-1.5000,2.0625,51.7500,-16.2500,42.7500,27.0,1.8750,0.0000,72.1875,3,3,3,3
4001788182,-0.1900,-0.1900,-10.1000,-0.1875,-1.2500,2.8125,51.7500,-16.2500,42.7500,27.0,1.8750,0.0000,72.2500,3,3,3,3
4001798182,-0.2500,-0.1800,-10.0800,2.3125,-1.0000,3.0625,51.7500,-16.2500,42.7500,27.0,1.8750,0.0000,72.2500,3,3,3,3
4001808182,-0.2300,-0.0600,-10.0600,3.5000,0.0625,2.8125,51.7500,-16.2500,42.7500,27.0,1.8750,0.0000,72.2500,3,3,3,3
4001818182,-0.2600,-0.0200,-10.0400,3.5000,0.9375,2.6875,51.7500,-16.2500,42.7500,27.0,1.8750,0.0000,72.3125,3,3,3,3
4001828182,-0.2000,-0.0000,-10.0500,4.3125,0.5000,2.6875,52.0625,-16.0000,43.5625,27.0,1.8750,0.0625,72.3125,3,3,3,3
4001838182,-0.2600,0.0500,-10.1600,6.7500,0.8125,2.6875,52.0625,-16.0000,43.5625,27.0,1.8750,0.1250,72.3750,3,3,3,3
4001848182,-0.3200,0.0900,-10.2500,10.0000,1.4375,2.5000,52.0625,-16.0000,43.5625,27.0,1.8750,0.1875,72.3750,3,3,3,3
4001858182,-0.3700,0.0900,-10.3000,12.5625,2.5625,2.3125,52.0625,-16.0000,43.5625,27.0,1.8750,0.3125,72.4375,3,3,3,3
4001868182,-0.3500,0.3000,-10.0200,13.0000,3.6875,1.8750,52.0625,-16.0000,43.5625,27.0,1.9375,0.4375,72.4375,3,3,3,3
4001878182,-0.3600,0.3600,-10.0000,11.3750,4.2500,2.1250,52.0625,-14.5000,43.5625,27.0,2.0000,0.5625,72.5625,3,3,3,3
4001888182,-0.4000,0.3500,-10.0500,9.2500,4.3750,2.8750,52.0625,-14.5000,43.5625,27.0,2.0000,0.6250,72.6250,3,3,3,3
4001898182,-0.3300,0.2700,-9.8700,7.5000,4.9375,3.8125,52.0625,-14.5000,43.5625,27.0,2.0625,0.7500,72.6250,3,3,3,3
4001908182,-0.3800,0.1400,-9.8300,4.6875,4.6250,4.2500,52.0625,-14.5000,43.5625,27.0,2.1250,0.7500,72.6875,3,3,3,3
4001918182,-0.4000,0.1500,-10.0100,2.3125,2.7500,3.1875,52.0625,-14.5000,43.5625,27.0,2.1250,0.8125,72.6875,3,3,3,3
4001928182,-0.3500,0.2200,-10.0300,3.3750,2.3125,2.8750,51.7500,-16.2500,41.5625,27.0,2.1875,0.8125,72.7500,3,3,3,3
4001938182,-0.4300,0.1400,-9.9600,3.8125,1.6250,2.5625,51.7500,-16.2500,41.5625,27.0,2.1875,0.8750,72.7500,3,3,3,3
4001948182,-0.2900,0.2500,-9.9500,2.3125,1.3750,2.0000,51.7500,-16.2500,41.5625,27.0,2.1875,0.8750,72.7500,3,3,3,3
4001958182,-0.2900,0.2600,-9.9600,0.2500,1.4375,2.5625,51.7500,-16.2500,41.5625,27.0,2.1875,0.8750,72.8125,3,3,3,3
4001968182,-0.3400,0.2900,-10.0100,-1.4375,1.9375,3.2500,51.7500,-16.2500,41.5625,27.0,2.2500,0.8750,72.8125,3,3,3,3
4001978182,-0.3200,0.1300,-9.8600,-2.7500,2.1875,3.5625,51.7500,-16.5625,43.1875,27.0,2.2500,0.8125,72.8750,3,3,3,3
4001988182,-0.3100,0.1400,-9.8200,-4.0625,1.8750,3.3750,51.7500,-16.5625,43.1875,27.0,2.2500,0.8125,72.8750,3,3,3,3
4001998182,-0.3500,0.1600,-9.7800,-4.1250,1.1250,3.0625,51.7500,-16.5625,43.1875,27.0,2.2500,0.7500,72.9375,3,3,3,3
4002008182,-0.3400,0.2000,-9.7600,-4.1250,0.4375,2.6875,51.7500,-16.5625,43.1875,27.0,2.2500,0.7500,72.9375,3,3,3,3
4002018182,-0.2800,0.1800,-9.8300,-4.5000,-0.1250,2.9375,51.7500,-16.5625,43.1875,27.0,2.2500,0.6875,73.0000,3,3,3,3
4002028182,-0.3000,0.1600,-9.9000,-4.5000,-0.3125,3.0625,52.0625,-16.2500,42.7500,27.0,2.2500,0.6250,73.0000,3,3,3,3
4002038182,-0.3200,0.1400,-9.8600,-4.1250,-0.1250,3.5000,52.0625,-16.2500,42.7500,27.0,2.2500,0.5625,73.0625,3,3,3,3
4002048182,-0.3400,0.0500,-9.9500,-2.8125,-0.4375,3.3125,52.0625,-16.2500,42.7500,27.0,2.2500,0.5625,73.0625,3,3,3,3
4002058182,-0.2400,0.1000,-9.9700,-1.6875,-1.1250,2.8750,52.0625,-16.2500,42.7500,27.0,2.2500,0.5625,73.1250,3,3,3,3
4002068182,-0.1600,0.2100,-9.8700,-2.0000,-0.0000,2.6875,52.0625,-16.2500,42.7500,27.0,2.2500,0.5000,73.1250,3,3,3,3
4002078182,-0.1900,0.1900,-9.9300,-3.6250,2.4375,3.3750,52.8750,-16.2500,43.1875,27.0,2.2500,0.5000,73.1250,3,3,3,3
4002088182,-0.3200,-0.0000,-9.7700,-3.2500,3.3125,4.3125,52.8750,-16.2500,43.1875,27.0,2.3125,0.4375,73.1875,3,3,3,3
4002098182,-0.2900,0.1000,-9.6100,-2.1875,2.6875,3.8125,52.8750,-16.2500,43.1875,27.0,2.3125,0.4375,73.2500,3,3,3,3
4002108182,-0.3300,0.0700,-9.6600,-1.7500,2.3750,3.3750,52.8750,-16.2500,43.1875,27.0,2.3125,0.4375,73.2500,3,3,3,3
4002118182,-0.3400,-0.0100,-9.6500,-0.7500,1.6250,3.1250,52.8750,-16.2500,43.1875,27.0,2.3750,0.4375,73.3125,3,3,3,3
4002128182,-0.3100,0.0600,-9.8100,0.3750,0.0625,2.2500,52.5000,-16.0000,42.0000,27.0,2.3750,0.4375,73.3125,3,3,3,3
4002138182,-0.2500,0.1000,-9.8600,0.6875,-0.7500,1.8125,52.5000,-16.0000,42.0000,27.0,2.3750,0.4375,73.3125,3,3,3,3
4002148182,-0.2800,0.0800,-9.9100,-0.3750,0.3750,2.3750,52.5000,-16.0000,42.0000,27.0,2.3750,0.4375,73.3750,3,3,3,3
4002158182,-0.3000,0.1000,-9.8700,-1.2500,1.9375,3.0000,52.5000,-16.0000,42.0000,27.0,2.3750,0.3750,73.3750,3,3,3,3
4002168182,-0.3100,0.0600,-9.7700,-3.0000,2.5625,3.8125,52.5000,-16.0000,42.0000,27.0,2.3750,0.3750,73.4375,3,3,3,3
4002178182,-0.3400,0.0700,-9.8800,-4.5625,2.1875,4.0625,53.5625,-14.5000,42.0000,27.0,2.3750,0.3125,73.5000,3,3,3,3
4002188182,-0.3500,0.0700,-9.9300,-4.5625,1.8750,3.8750,53.5625,-14.5000,42.0000,27.0,2.4375,0.2500,73.5625,3,3,3,3
4002198182,-0.3600,0.1100,-9.8500,-3.4375,1.7500,3.6250,53.5625,-14.5000,42.0000,27.0,2.4375,0.2500,73.6250,3,3,3,3
4002208182,-0.3700,0.0700,-10.0100,-3.1250,2.0000,3.5000,53.5625,-14.5000,42.0000,27.0,2.4375,0.1875,73.6250,3,3,3,3
4002218182,-0.3800,0.0300,-10.0000,-2.1250,2.6875,4.1250,53.5625,-14.5000,42.0000,27.0,2.5000,0.1875,73.6875,3,3,3,3
4002228182,-0.4400,-0.0100,-9.8600,-0.4375,2.9375,3.4375,53.1875,-16.0000,40.3750,27.0,2.5000,0.1875,73.6875,3,3,3,3
4002238182,-0.4400,0.0900,-9.8400,-0.2500,2.4375,2.7500,53.1875,-16.0000,40.3750,27.0,2.5625,0.1875,73.7500,3,3,3,3
4002248182,-0.3800,0.1400,-9.8100,-0.5000,1.1875,3.0000,53.1875,-16.0000,40.3750,27.0,2.5625,0.1875,73.7500,3,3,3,3
4002258182,-0.3800,0.2000,-9.9400,-1.7500,1.1250,3.3125,53.1875,-16.0000,40.3750,27.0,2.5625,0.1875,73.8125,3,3,3,3
4002268182,-0.3700,0.2600,-9.8600,-4.1875,2.5000,4.5625,53.1875,-16.0000,40.3750,27.0,2.5625,0.1250,73.8125,3,3,3,3
4002278182,-0.4100,0.1000,-9.7000,-7.1250,4.0625,6.5000,53.1875,-15.1875,42.3750,27.0,2.6250,0.0625,73.8750,3,3,3,3
4002288182,-0.4700,-0.0300,-9.7100,-9.1250,4.8125,7.9375,53.1875,-15.1875,42.3750,27.0,2.6875,0.0000,73.9375,3,3,3,3
4002298182,-0.4900,-0.1400,-9.7100,-9.7500,4.6875,8.4375,53.1875,-15.1875,42.3750,27.0,2.6875,-0.0625,74.0625,3,3,3,3
4002308182,-0.3600,-0.0200,-9.7100,-8.2500,4.0000,8.1875,53.1875,-15.1875,42.3750,27.0,2.7500,-0.1250,74.1250,3,3,3,3
4002318182,-0.5200,-0.3600,-9.6600,-5.5000,1.8750,8.4375,53.1875,-15.1875,42.3750,27.0,2.7500,-0.1875,74.1875,3,3,3,3
4002328182,-0.5100,-0.2200,-9.6900,-3.0000,0.0625,5.5625,54.0000,-14.0625,41.5625,27.0,2.7500,-0.2500,74.3125,3,3,3,3
4002338182,-0.4500,-0.0600,-9.8300,-1.6250,-1.8125,3.7500,54.0000,-14.0625,41.5625,27.0,2.7500,-0.2500,74.3125,3,3,3,3
4002348182,-0.5200,0.0200,-9.8400,-1.3750,-2.5625,3.5000,54.0000,-14.0625,41.5625,27.0,2.7500,-0.2500,74.3750,3,3,3,3
4002358182,-0.4700,0.1600,-9.7100,-2.8125,-1.7500,3.3125,54.0000,-14.0625,41.5625,27.0,2.6875,-0.3125,74.3750,3,3,3,3
4002368182,-0.4200,0.1400,-9.7300,-5.5625,-0.6875,3.8750,54.0000,-14.0625,41.5625,27.0,2.6875,-0.3750,74.4375,3,3,3,3
4002378182,-0.4500,-0.0000,-9.7900,-7.5000,-0.3750,5.4375,54.2500,-14.0625,42.0000,27.0,2.6875,-0.4375,74.5000,3,3,3,3
4002388182,-0.5000,-0.1600,-9.7500,-8.3125,-0.0625,6.4375,54.2500,-14.0625,42.0000,27.0,2.6875,-0.5000,74.5625,3,3,3,3
4002398182,-0.4700,-0.1800,-9.6000,-8.7500,0.5625,6.5000,54.2500,-14.0625,42.0000,27.0,2.6875,-0.6250,74.6250,3,3,3,3
4002408182,-0.4700,-0.2100,-9.5800,-8.4375,0.2500,6.2500,54.2500,-14.0625,42.0000,27.0,2.6875,-0.6875,74.6875,3,3,3,3
4002418182,-0.4300,-0.1900,-9.5300,-7.0625,-1.3750,6.0000,54.2500,-14.0625,42.0000,27.0,2.6875,-0.7500,74.7500,3,3,3,3
4002428182,-0.5000,-0.2700,-9.7800,-6.1875,-3.0625,6.3750,54.0000,-13.3750,42.0000,27.0,2.6250,-0.8125,74.8125,3,3,3,3
4002438182,-0.5000,-0.2700,-9.7800,-4.5000,-4.0625,6.9375,54.0000,-13.3750,42.0000,27.0,2.6250,-0.8750,74.8750,3,3,3,3
4002448182,-0.4400,-0.3800,-9.5100,-3.7500,-4.5000,4.7500,54.0000,-13.3750,42.0000,27.0,2.5625,-0.9375,74.8750,3,3,3,3
4002458182,-0.4700,-0.3900,-9.5300,-1.4375,-6.5000,2.6875,54.0000,-13.3750,42.0000,27.0,2.5000,-0.9375,74.9375,3,3,3,3
4002468182,-0.5000,-0.2900,-9.6400,1.5000,-9.0000,0.6250,54.0000,-13.3750,42.0000,27.0,2.4375,-0.9375,74.9375,3,3,3,3
4002478182,-0.4200,-0.1300,-9.7900,3.6875,-10.5625,-1.3125,53.5625,-12.6875,41.5625,27.0,2.3125,-0.8750,74.9375,3,3,3,3
4002488182,-0.4200,-0.1300,-9.7900,3.6875,-10.5625,-1.3125,53.5625,-12.6875,41.5625,27.0,2.1875,-0.8125,74.8750,3,3,3,3
4002498182,-0.3400,-0.0600,-9.8600,5.6250,-8.4375,-1.4375,53.5625,-12.6875,41.5625,27.0,2.1250,-0.8125,74.8750,3,3,3,3
4002508182,-0.3900,-0.0300,-9.6900,4.7500,-5.8125,-0.9375,53.5625,-12.6875,41.5625,27.0,2.0625,-0.7500,74.8750,3,3,3,3
4002518182,-0.3700,-0.1200,-9.4600,3.7500,-4.0625,0.1875,53.5625,-12.6875,41.5625,27.0,2.0625,-0.6875,74.8750,3,3,3,3
4002528182,-0.3700,-0.1200,-9.4600,3.7500,-4.0625,0.1875,52.5000,-13.3750,43.1875,27.0,2.0000,-0.6875,74.8750,3,3,3,3
4002538182,-0.3300,-0.3300,-9.4000,4.0000,-4.6250,0.3750,52.5000,-13.3750,43.1875,27.0,1.9375,-0.6250,74.8750,3,3,3,3
4002548182,-0.3400,-0.0600,-9.3200,9.1875,-9.6250,-3.3125,52.5000,-13.3750,43.1875,27.0,1.8125,-0.5000,74.8125,3,3,3,3
4002558182,-0.2100,-0.0000,-9.4700,9.3750,-11.1875,-3.8125,52.5000,-13.3750,43.1875,27.0,1.7500,-0.4375,74.8125,3,3,3,3
4002568182,-0.1200,-0.0400,-9.6800,7.9375,-12.1875,-2.4375,52.5000,-13.3750,43.1875,27.0,1.6250,-0.3125,74.7500,3,3,3,3
4002578182,-0.1200,-0.0400,-9.6800,7.9375,-12.1875,-2.4375,52.5000,-13.3750,43.1875,27.0,1.5000,-0.2500,74.7500,3,3,3,3
4002588182,-0.1000,-0.1000,-10.1800,7.0625,-12.7500,-0.7500,53.5625,-13.7500,42.7500,27.0,1.3750,-0.1875,74.7500,3,3,3,3
4002598182,-0.1800,-0.0800,-10.2900,9.8125,-12.1875,-3.1250,53.5625,-13.7500,42.7500,27.0,1.2500,-0.0625,74.7500,3,3,3,3
4002608182,-0.2100,0.1100,-10.2800,10.1250,-12.1250,-4.0000,53.5625,-13.7500,42.7500,27.0,1.1250,0.0000,74.6875,3,3,3,3
4002618182,-0.1800,0.2000,-10.3000,9.6250,-11.7500,-4.2500,53.5625,-13.7500,42.7500,27.0,1.0000,0.0625,74.6250,3,3,3,3
4002628182,-0.0900,-0.0100,-10.5100,12.2500,-11.6875,-4.4375,51.7500,-13.3750,43.5625,27.0,0.8750,0.1875,74.6250,3,3,3,3
4002638182,-0.0900,-0.0300,-10.3900,16.1875,-11.3125,-5.7500,51.7500,-13.3750,43.5625,27.0,0.8125,0.3125,74.5625,3,3,3,3
4002648182,-0.1600,-0.0500,-10.3100,20.8125,-11.3750,-7.6250,51.7500,-13.3750,43.5625,27.0,0.6875,0.5000,74.5000,3,3,3,3
4002658182,-0.2200,-0.0000,-10.2100,26.0000,-12.2500,-9.6875,51.7500,-13.3750,43.5625,27.0,0.5625,0.7500,74.3750,3,3,3,3
4002668182,-0.1400,0.3300,-10.0100,26.0625,-11.3125,-9.1250,51.7500,-13.3750,43.5625,27.0,0.4375,1.0000,74.3125,3,3,3,3
4002678182,0.0800,0.6500,-9.8200,20.5000,-8.7500,-5.8125,51.7500,-14.5000,42.7500,27.0,0.3750,1.2500,74.2500,3,3,3,3
4002688182,0.2300,0.6200,-9.8100,20.5000,-8.7500,-5.8125,51.7500,-14.5000,42.7500,27.0,0.3125,1.3750,74.1875,3,3,3,3
4002698182,0.1000,0.1100,-9.7000,16.5625,-6.8125,-2.6250,51.7500,-14.5000,42.7500,27.0,0.2500,1.5625,74.1875,3,3,3,3
4002708182,0.1000,-0.0200,-9.7800,18.7500,-8.6250,-4.4375,51.7500,-14.5000,42.7500,27.0,0.1250,1.7500,74.1250,3,3,3,3
4002718182,0.1100,0.0500,-9.7300,20.6875,-10.8125,-6.6875,51.7500,-14.5000,42.7500,27.0,0.0000,1.9375,74.0625,3,3,3,3
4002728182,0.0900,0.2100,-9.8100,20.6875,-10.8125,-6.6875,51.3750,-15.5625,44.0000,27.0,0.0000,2.1250,74.0000,3,3,3,3
4002738182,0.1100,0.4600,-10.0400,22.1875,-12.3750,-7.5625,51.3750,-15.5625,44.0000,27.0,-0.1875,2.3750,73.9375,3,3,3,3
4002748182,0.1400,0.6000,-10.1500,22.3750,-12.0000,-7.4375,51.3750,-15.5625,44.0000,27.0,-0.3125,2.5625,73.8750,3,3,3,3
4002758182,0.2000,0.6700,-10.1600,20.2500,-9.7500,-6.2500,51.3750,-15.5625,44.0000,27.0,-0.3750,2.8125,73.8125,3,3,3,3
4002768182,0.1800,0.5700,-10.0900,20.1875,-9.1875,-6.1875,51.3750,-15.5625,44.0000,27.0,-0.5000,3.0000,73.7500,3,3,3,3
4002778182,0.1600,0.4500,-9.9800,20.1875,-9.1875,-6.1875,51.3750,-15.5625,44.0000,27.0,-0.5000,3.0000,73.7500,3,3,3,3
4002788182,0.0700,0.5000,-9.9800,21.3125,-10.5000,-7.1250,50.2500,-17.3750,44.7500,27.0,-0.5625,3.1875,73.6875,3,3,3,3
4002798182,0.2500,0.4100,-9.9900,24.7500,-12.0000,-9.5000,50.2500,-17.3750,44.7500,27.0,-0.8125,3.6250,73.5000,3,3,3,3
4002808182,0.3200,0.9500,-9.6300,24.7500,-12.6250,-8.4375,50.2500,-17.3750,44.7500,27.0,-0.9375,3.8750,73.4375,3,3,3,3
4002818182,0.3600,1.1400,-9.7100,17.4375,-10.5625,-5.2500,50.2500,-17.3750,44.7500,27.0,-1.0625,4.0625,73.3750,3,3,3,3
4002828182,0.4500,1.1000,-9.9100,17.4375,-10.5625,-5.2500,50.2500,-17.3750,44.7500,27.0,-1.0625,4.0625,73.3750,3,3,3,3
4002838182,0.4500,0.9100,-10.0300,9.3125,-7.1250,-1.8125,50.6875,-18.5000,43.5625,27.0,-1.1250,4.1250,73.3750,3,3,3,3
4002848182,0.2500,0.7400,-10.0100,2.4375,-0.8750,1.2500,50.6875,-18.5000,43.5625,27.0,-1.1875,4.1875,73.3750,3,3,3,3
4002858182,0.2100,0.6300,-10.0200,4.1875,-0.2500,0.5625,50.6875,-18.5000,43.5625,27.0,-1.1875,4.2500,73.3750,3,3,3,3
4002868182,0.2300,0.6000,-10.1500,8.7500,-0.6875,-1.0625,50.6875,-18.5000,43.5625,27.0,-1.1875,4.3125,73.3750,3,3,3,3
4002878182,0.2000,0.6400,-10.1500,8.7500,-0.6875,-1.0625,50.6875,-18.5000,43.5625,27.0,-1.1875,4.3125,73.3750,3,3,3,3
4002888182,0.2100,0.7800,-9.9400,12.9375,-0.5625,-2.6250,50.2500,-18.7500,43.5625,27.0,-1.1875,4.4375,73.3750,3,3,3,3
4002898182,0.2400,0.9300,-10.0800,15.1250,-2.1875,-3.5000,50.2500,-18.7500,43.5625,27.0,-1.1875,4.7500,73.2500,3,3,3,3
4002908182,0.3200,1.0700,-9.8700,10.7500,-1.4375,-2.2500,50.2500,-18.7500,43.5625,27.0,-1.2500,4.8750,73.2500,3,3,3,3
4002918182,0.1900,1.0100,-9.8200,3.6250,0.6875,-1.0000,50.2500,-18.7500,43.5625,27.0,-1.1875,4.8750,73.2500,3,3,3,3
4002928182,0.3700,1.0200,-9.9900,3.6250,0.6875,-1.0000,50.2500,-18.7500,43.5625,27.0,-1.1875,4.8750,73.2500,3,3,3,3
4002938182,0.2200,0.8800,-10.0400,-2.0625,3.1875,1.6250,48.8750,-19.5625,44.0000,27.0,-1.1875,4.8750,73.2500,3,3,3,3
4002948182,0.2500,0.8100,-9.9800,-3.8750,6.4375,3.0000,48.8750,-19.5625,44.0000,27.0,-1.0625,4.7500,73.3125,3,3,3,3
4002958182,0.2100,0.7900,-9.9500,-1.0000,6.3125,2.6875,48.8750,-19.5625,44.0000,27.0,-1.0000,4.7500,73.3125,3,3,3,3
4002968182,0.2000,0.7600,-9.9500,1.4375,6.3750,1.8750,48.8750,-19.5625,44.0000,27.0,-0.9375,4.8125,73.3750,3,3,3,3
4002978182,0.2200,0.8600,-9.8000,1.4375,6.3750,1.8750,48.8750,-19.5625,44.0000,27.0,-0.9375,4.8125,73.3750,3,3,3,3
4002988182,0.2300,1.1700,-9.4900,1.8125,5.6875,1.1875,50.0000,-19.5625,45.0625,27.0,-0.8750,4.8125,73.3750,3,3,3,3
4002998182,0.3100,0.9900,-9.8900,-6.5625,5.8125,3.1250,50.0000,-19.5625,45.0625,27.0,-0.7500,4.5625,73.4375,3,3,3,3
4003008182,0.3300,0.8400,-9.9800,-19.2500,8.0000,5.7500,50.0000,-19.5625,45.0625,27.0,-0.6250,4.3125,73.5000,3,3,3,3
4003018182,0.0800,0.6100,-9.9500,-24.7500,9.9375,6.6875,50.0000,-19.5625,45.0625,27.0,-0.5625,4.0625,73.5625,3,3,3,3
4003028182,0.0200,0.5900,-9.8700,-23.6250,9.5000,5.9375,50.0000,-19.5625,45.0625,27.0,-0.5625,4.0625,73.5625,3,3,3,3
4003038182,0.0700,0.8000,-9.8900,-19.8750,7.6875,3.9375,50.0000,-19.1875,44.0000,27.0,-0.5000,3.8750,73.5625,3,3,3,3
4003048182,0.1500,0.6400,-10.2100,-21.0000,7.5000,3.6875,50.0000,-19.1875,44.0000,27.0,-0.3125,3.4375,73.6875,3,3,3,3
4003058182,0.1900,0.5800,-10.1900,-24.3750,9.3125,4.8750,50.0000,-19.1875,44.0000,27.0,-0.1875,3.1875,73.7500,3,3,3,3
4003068182,0.1200,0.5200,-9.9600,-25.5000,11.8125,5.1250,50.0000,-19.1875,44.0000,27.0,-0.0625,2.9375,73.7500,3,3,3,3
4003078182,-0.0500,0.3200,-9.9600,-25.1250,12.3125,4.6875,50.0000,-19.1875,44.0000,27.0,-0.0625,2.9375,73.7500,3,3,3,3
4003088182,-0.0200,0.3300,-10.0100,-23.2500,10.3750,4.3750,50.2500,-18.7500,42.7500,27.0,0.0000,2.7500,73.8125,3,3,3,3
4003098182,0.0500,0.5100,-10.0100,-19.3750,8.5625,3.2500,50.2500,-18.7500,42.7500,27.0,0.1250,2.3750,73.8750,3,3,3,3
4003108182,0.1000,0.8100,-9.8900,-18.5000,8.4375,2.8750,50.2500,-18.7500,42.7500,27.0,0.2500,2.1250,73.9375,3,3,3,3
4003118182,0.0500,0.6000,-9.9800,-25.1250,11.7500,5.2500,50.2500,-18.7500,42.7500,27.0,0.3750,1.8125,74.0000,3,3,3,3
4003128182,0.0800,0.4000,-9.9500,-34.4375,16.2500,8.1875,50.2500,-18.7500,42.7500,27.0,0.3750,1.8125,74.0000,3,3,3,3
4003138182,-0.0000,0.2300,-9.8700,-41.5000,19.5000,9.0625,51.0000,-17.0000,43.5625,27.0,0.5625,1.4375,74.0625,3,3,3,3
4003148182,-0.2500,-0.0200,-9.8000,-42.5625,19.5625,9.3125,51.0000,-17.0000,43.5625,27.0,0.9375,0.6250,74.2500,3,3,3,3
4003158182,-0.2800,-0.0200,-9.8300,-39.1250,17.3125,8.6875,51.0000,-17.0000,43.5625,27.0,1.0625,0.3125,74.3125,3,3,3,3
4003168182,-0.3000,0.1100,-9.8800,-33.9375,12.8750,6.9375,51.0000,-17.0000,43.5625,27.0,1.1875,0.0000,74.3750,3,3,3,3
4003178182,-0.2500,0.1400,-9.9900,-30.6875,9.1250,6.8125,51.0000,-17.0000,43.5625,27.0,1.1875,0.0000,74.3750,3,3,3,3
4003188182,-0.1300,0.0800,-9.9700,-30.5625,7.6250,7.8125,52.5000,-14.7500,42.7500,27.0,1.2500,-0.2500,74.5000,3,3,3,3
4003198182,-0.1500,-0.0100,-9.9000,-32.1250,8.4375,8.9375,52.5000,-14.7500,42.7500,27.0,1.3750,-0.8750,74.6875,3,3,3,3
4003208182,-0.2400,-0.1800,-9.9000,-34.4375,8.8750,10.3125,52.5000,-14.7500,42.7500,27.0,1.5000,-1.2500,74.7500,3,3,3,3
4003218182,-0.2800,-0.3600,-10.0100,-35.4375,8.1875,11.0625,52.5000,-14.7500,42.7500,27.0,1.5625,-1.5625,74.8750,3,3,3,3
4003228182,-0.2700,-0.2700,-10.1900,-34.3125,7.3750,10.2500,52.5000,-14.7500,42.7500,27.0,1.5625,-1.5625,74.8750,3,3,3,3
4003238182,-0.3100,-0.3100,-10.3900,-32.5000,6.6250,9.2500,52.8750,-13.3750,42.7500,27.0,1.6250,-1.8750,75.0000,3,3,3,3
4003248182,-0.3000,-0.5800,-10.5200,-28.0625,6.3750,9.8750,52.8750,-13.3750,42.7500,27.0,1.6875,-2.3125,75.1250,3,3,3,3
4003258182,-0.3300,-1.1600,-10.6700,-15.8750,5.0000,9.1250,52.8750,-13.3750,42.7500,27.0,1.7500,-2.3125,75.1875,3,3,3,3
4003268182,-0.4500,-1.0600,-10.9700,3.6250,2.3125,5.0625,52.8750,-13.3750,42.7500,27.0,1.6875,-2.0000,75.1875,3,3,3,3
4003278182,-0.5500,-1.2100,-11.4500,29.5000,-2.1250,0.7500,52.8750,-13.3750,42.7500,27.0,1.6875,-2.0000,75.1875,3,3,3,3
4003288182,-0.5300,-1.5300,-11.6400,58.5625,-6.5000,-4.1250,52.5000,-12.2500,43.5625,27.0,1.6250,-1.4375,75.1875,3,3,3,3
4003298182,-0.3400,-0.5700,-11.5600,87.6875,-8.3750,-14.3750,52.5000,-12.2500,43.5625,27.0,1.5000,0.4375,74.8125,3,3,3,3
4003308182,-0.1300,-0.0200,-11.3400,110.5000,-5.0625,-25.8750,52.5000,-12.2500,43.5625,27.0,1.5000,1.6875,74.5000,3,3,3,3
4003318182,-0.0600,0.3500,-11.1900,129.3750,-0.9375,-32.5625,52.5000,-12.2500,43.5625,27.0,1.5625,3.0625,74.1875,3,3,3,3
4003328182,-0.0100,0.3500,-11.2500,140.5625,5.0000,-34.8125,52.5000,-12.2500,43.5625,27.0,1.5625,3.0625,74.1875,3,3,3,3
4003338182,0.1500,0.9500,-10.5800,150.3125,10.8750,-34.8125,52.8750,-13.7500,42.7500,27.0,1.6250,4.5000,73.8750,3,3,3,3
4003348182,0.1400,1.3300,-10.3100,158.7500,16.3125,-35.6875,52.8750,-13.7500,42.7500,27.0,1.8750,7.6875,73.1875,3,3,3,3
4003358182,-0.0600,1.5200,-10.3400,162.5000,19.9375,-36.9375,52.8750,-13.7500,42.7500,27.0,2.0625,9.3125,72.8125,3,3,3,3
4003368182,-0.0800,2.0100,-10.3600,166.3750,23.2500,-39.1250,52.8750,-13.7500,42.7500,27.0,2.2500,11.0000,72.4375,3,3,3,3
4003378182,-0.9200,1.8900,-11.1000,172.6875,26.3125,-37.7500,52.8750,-13.7500,42.7500,27.0,2.2500,11.0000,72.4375,3,3,3,3
4003388182,-0.7400,1.7300,-11.5000,182.5625,25.6875,-30.6875,53.5625,-20.5625,40.3750,27.0,2.4375,12.7500,72.1250,3,3,3,3
4003398182,-0.1500,2.0400,-11.2700,202.0625,24.3125,-25.1250,53.5625,-20.5625,40.3750,27.0,2.8125,16.9375,71.6875,3,3,3,3
4003408182,-0.1200,2.5900,-11.0600,225.3125,25.6875,-24.8125,53.5625,-20.5625,40.3750,27.0,3.0000,19.3125,71.4375,3,3,3,3
4003418182,-0.2800,3.0000,-10.3400,248.6875,32.8750,-26.7500,53.5625,-20.5625,40.3750,27.0,3.3125,22.0000,71.1875,3,3,3,3
4003428182,-0.5000,3.4800,-9.1600,271.8125,42.3125,-27.1250,53.5625,-20.5625,40.3750,27.0,3.3125,22.0000,71.1875,3,3,3,3
4003438182,-0.4200,3.8900,-8.0900,281.6875,49.1875,-27.0625,51.7500,-28.5625,36.0625,27.0,3.6250,24.7500,70.8750,3,3,3,3
4003448182,-0.0700,4.2600,-7.0800,269.3750,51.1250,-26.5000,51.7500,-28.5625,36.0625,27.0,4.2500,29.8750,70.3750,3,3,3,3
4003458182,-0.2500,4.4400,-6.5100,254.1875,47.0000,-21.0000,51.7500,-28.5625,36.0625,27.0,4.5000,32.1875,70.2500,3,3,3,3
4003468182,-0.5000,4.7200,-6.5000,239.6875,37.1875,-15.1875,51.7500,-28.5625,36.0625,27.0,4.6250,34.3750,70.1250,3,3,3,3
4003478182,-0.5200,5.1500,-6.6400,221.0000,26.8750,-13.1875,51.7500,-28.5625,36.0625,27.0,4.6250,34.3750,70.1250,3,3,3,3
4003488182,-0.5400,5.9100,-7.0000,203.7500,20.7500,-11.6250,52.8750,-37.6875,26.3750,27.0,4.7500,36.3750,70.0625,3,3,3,3
4003498182,-0.4800,6.4100,-6.7500,194.6875,18.6250,-10.0000,52.8750,-37.6875,26.3750,27.0,4.9375,40.1250,69.9375,3,3,3,3
4003508182,-0.4500,6.8600,-6.5000,192.0000,18.3750,-8.6250,52.8750,-37.6875,26.3750,27.0,5.0000,42.0000,69.8750,3,3,3,3
4003518182,-0.6600,7.1300,-6.3700,189.9375,18.3125,-4.6875,52.8750,-37.6875,26.3750,27.0,5.1250,43.8125,69.9375,3,3,3,3
4003528182,-0.5000,7.6300,-6.0500,188.5625,16.3750,-0.0000,52.8750,-37.6875,26.3750,27.0,5.1250,43.8125,69.9375,3,3,3,3
4003538182,-0.7000,7.3600,-6.4000,187.5000,13.7500,4.0625,52.8750,-41.2500,19.0000,27.0,5.2500,45.6250,70.0000,3,3,3,3
4003548182,-0.7900,6.6800,-7.2600,187.5000,10.5625,8.1875,52.8750,-41.2500,19.0000,27.0,5.5000,49.3750,70.3125,3,3,3,3
4003558182,-0.7000,6.2500,-6.9200,194.5000,7.1250,10.0625,52.8750,-41.2500,19.0000,27.0,5.5625,51.3125,70.5000,3,3,3,3
4003568182,-0.2000,6.7700,-6.9000,205.5000,3.6875,6.8125,52.8750,-41.2500,19.0000,27.0,5.6250,53.3750,70.6875,3,3,3,3
4003578182,-0.3700,6.5100,-6.4600,208.4375,1.0625,7.9375,52.8750,-41.2500,19.0000,27.0,5.6250,53.3750,70.6875,3,3,3,3
4003588182,-0.6600,6.6100,-5.3000,178.5625,7.2500,12.3125,52.0625,-43.8750,9.8750,27.0,5.7500,55.0625,70.8750,3,3,3,3
4003598182,-0.7900,8.8100,-2.7100,178.5625,7.2500,12.3125,52.0625,-43.8750,9.8750,27.0,6.0625,57.9375,71.3750,3,3,3,3
4003608182,-0.8900,8.5000,-3.1700,120.6875,-3.5625,21.1875,52.0625,-43.8750,9.8750,27.0,6.1875,59.0625,71.7500,3,3,3,3
4003618182,-0.6600,7.7400,-3.8300,117.8750,-13.8750,24.2500,52.0625,-43.8750,9.8750,27.0,6.2500,60.3125,72.1250,3,3,3,3
4003628356,-0.6900,6.6900,-4.9300,130.8750,-19.8125,18.8125,52.0625,-43.8750,9.8750,27.0,6.2500,60.3125,72.1250,3,3,3,3
4003638356,-1.2900,6.8700,-5.2900,147.3750,-23.7500,8.5625,51.7500,-44.1875,4.0625,27.0,6.2500,61.6875,72.5000,3,3,3,3
4003648356,-1.3400,7.5500,-4.9900,160.2500,-26.0000,-2.2500,51.7500,-44.1875,4.0625,27.0,5.8750,64.8125,72.8750,3,3,3,3
4003658356,-1.3200,8.6000,-4.4300,162.0625,-24.3125,-9.6875,51.7500,-44.1875,4.0625,27.0,5.7500,66.2500,73.0625,3,3,3,3
4003668356,-1.0400,10.2200,-3.6000,150.3125,-19.8125,-5.0000,51.7500,-44.1875,4.0625,27.0,5.8125,67.5000,73.3750,3,3,3,3
4003678441,-0.8600,11.8800,-2.7900,135.5625,-16.7500,11.5000,51.7500,-44.1875,4.0625,27.0,5.8125,67.5000,73.3750,3,3,3,3
4003688441,-0.8100,10.9500,-3.5400,121.8125,-17.1250,31.7500,52.8750,-42.7500,-0.2500,27.0,6.0625,68.6875,73.8750,3,3,3,3
4003698441,-0.9500,9.4200,-5.0400,113.3750,-11.8750,43.6875,52.8750,-42.7500,-0.2500,27.0,6.8125,70.8750,75.0000,3,3,3,3
4003708441,-1.0400,7.6700,-5.3100,118.3125,-0.9375,44.3125,52.8750,-42.7500,-0.2500,27.0,7.1250,72.0625,75.4375,3,3,3,3
4003718441,-1.2100,7.7300,-4.4200,124.6250,5.6875,37.3125,52.8750,-42.7500,-0.2500,27.0,7.4375,73.3125,75.8125,3,3,3,3
4003728719,-1.2400,8.7000,-3.1700,128.1875,4.5625,27.4375,52.8750,-42.7500,-0.2500,27.0,7.4375,73.3125,75.8125,3,3,3,3
4003738719,-1.3400,10.0100,-2.1500,127.8750,-1.1250,24.3750,52.5000,-42.0625,-5.0000,27.0,7.6250,74.5000,76.1875,3,3,3,3
4003748719,-1.3200,10.7800,-2.0500,121.7500,-6.5625,30.4375,52.5000,-42.0625,-5.0000,27.0,8.2500,76.8125,77.1875,3,3,3,3
4003758793,-1.2500,9.6500,-2.9200,119.5000,-8.4375,36.8125,52.5000,-42.0625,-5.0000,27.0,8.5625,78.0625,77.7500,3,3,3,3
4003768793,-1.3400,8.2900,-3.5300,128.6250,-5.1250,34.5625,52.5000,-42.0625,-5.0000,27.0,8.7500,79.4375,78.1250,3,3,3,3
4003778897,-1.4800,7.4200,-3.3900,144.1875,-1.1250,22.4375,52.5000,-42.0625,-5.0000,27.0,8.7500,79.4375,78.1250,3,3,3,3
4003788897,-1.5600,8.0400,-2.5000,153.1250,-0.8125,9.1875,52.5000,-39.5625,-10.0625,27.0,8.8750,80.9375,78.2500,3,3,3,3
4003798897,-1.4700,8.7500,-2.2100,159.8750,-3.2500,1.7500,52.5000,-39.5625,-10.0625,27.0,8.8750,82.4375,78.5000,3,3,3,3
4003808897,-1.5500,9.4800,-1.8800,168.0625,-4.2500,-0.9375,52.5000,-39.5625,-10.0625,27.0,8.8750,85.6875,79.0000,3,3,3,3
4003818897,-1.4600,10.1900,-1.4200,168.4375,-2.2500,2.0625,52.5000,-39.5625,-10.0625,27.0,8.9375,87.2500,79.3125,3,3,3,3
4003829270,-1.3600,9.7900,-0.7600,162.2500,-0.0000,8.7500,52.5000,-39.5625,-10.0625,27.0,8.9375,87.2500,79.3125,3,3,3,3
4003839270,-1.3900,9.0400,-0.9100,160.1250,-0.6250,10.1875,52.8750,-35.2500,-15.2500,27.0,9.0625,88.8125,79.6250,3,3,3,3
4003849270,-1.4100,8.6100,-1.0100,164.0625,-3.3750,5.1875,52.8750,-35.2500,-15.2500,27.0,9.1250,92.0625,80.3125,3,3,3,3
4003859270,-1.3800,9.2600,-0.5800,168.9375,-5.5000,-0.1875,52.8750,-35.2500,-15.2500,27.0,9.0625,93.6875,80.6250,3,3,3,3
4003869270,-0.8500,10.5000,-0.6800,173.5625,-5.2500,-3.0625,52.8750,-35.2500,-15.2500,27.0,9.0625,95.5000,80.9375,3,3,3,3
4003879270,-1.3200,11.5900,0.2800,184.6250,-1.8750,0.8125,52.8750,-35.2500,-15.2500,27.0,9.0625,95.5000,80.9375,3,3,3,3
4003889270,-1.4900,12.6100,1.5700,190.3125,1.6875,10.8750,52.1875,-33.2500,-21.2500,27.0,9.1875,97.3125,81.3750,3,3,3,3
4003899270,-1.6200,12.6500,2.2800,191.0625,0.2500,29.5625,52.1875,-33.2500,-21.2500,27.0,9.9375,101.0625,82.9375,3,3,3,3
4003909452,-1.5500,11.5000,1.9400,194.8125,-3.1875,51.0000,52.1875,-33.2500,-21.2500,27.0,10.6250,103.0625,84.0625,3,3,3,3
4003919607,-1.5500,9.6100,1.4200,203.8750,-5.5625,65.2500,52.1875,-33.2500,-21.2500,27.0,11.1875,105.1875,85.2500,3,3,3,3
4003929955,-1.5900,8.1100,1.4500,213.8750,-4.5625,63.3125,52.1875,-33.2500,-21.2500,27.0,11.1875,105.1875,85.2500,3,3,3,3
4003939955,-1.6900,8.2000,3.6200,218.7500,-3.0625,54.9375,52.1875,-28.3750,-27.1875,27.0,11.7500,107.3125,86.3750,3,3,3,3
4003949955,-1.8700,9.0500,5.8800,210.5625,-6.5000,52.1250,52.1875,-28.3750,-27.1875,27.0,12.8125,111.1250,88.9375,3,3,3,3
4003959955,-1.7900,10.5300,6.9200,183.8750,-16.8750,57.3750,52.1875,-28.3750,-27.1875,27.0,13.5000,112.7500,90.6250,3,3,3,3
4003969990,-1.9700,10.5000,6.6200,162.7500,-29.3125,69.7500,52.1875,-28.3750,-27.1875,27.0,14.3125,114.2500,92.5000,3,3,3,3
4003980308,-2.5800,7.6600,4.6500,161.6250,-41.7500,72.6250,52.1875,-28.3750,-27.1875,27.0,14.3125,114.2500,92.5000,3,3,3,3
4003990308,-2.6500,6.7800,3.8300,167.2500,-48.8750,59.4375,52.5625,-19.8750,-32.1875,27.0,15.0625,115.8125,94.5000,3,3,3,3
4004000308,-2.5500,6.5400,3.4000,171.1875,-51.2500,41.7500,52.5625,-19.8750,-32.1875,27.0,16.1250,119.0000,98.3125,3,3,3,3
4004010308,-2.2800,7.1800,3.5300,169.0000,-49.4375,29.9375,52.5625,-19.8750,-32.1875,27.0,16.5625,120.4375,100.1250,3,3,3,3
4004020308,-2.7700,8.4800,4.5100,160.4375,-47.7500,27.1250,52.5625,-19.8750,-32.1875,27.0,17.0625,121.8125,102.0000,3,3,3,3
4004030477,-3.0800,8.9700,4.6900,148.5625,-47.7500,29.5625,52.5625,-19.8750,-32.1875,27.0,17.0625,121.8125,102.0000,3,3,3,3
4004040477,-3.0100,9.2500,4.6200,137.1250,-48.6875,36.3125,54.3750,-12.5000,-34.6875,27.0,17.6250,123.0625,103.9375,3,3,3,3
4004050477,-3.1500,7.0500,3.4700,128.5625,-49.1875,46.3750,54.3750,-12.5000,-34.6875,27.0,18.8750,125.4375,108.0000,3,3,3,3
4004060477,-3.0400,5.7500,3.0300,123.3750,-43.6875,49.9375,54.3750,-12.5000,-34.6875,27.0,19.4375,126.6250,109.8750,3,3,3,3
4004070477,-2.8400,5.2200,3.4900,120.8750,-32.4375,44.9375,54.3750,-12.5000,-34.6875,27.0,19.8750,127.7500,111.5000,3,3,3,3
4004080620,-2.7800,5.0700,4.4600,117.8750,-21.6250,38.7500,54.3750,-12.5000,-34.6875,27.0,19.8750,127.7500,111.5000,3,3,3,3
4004090620,-2.9500,4.6500,5.9200,111.3125,-15.3125,32.6875,55.5000,-7.0000,-35.5625,27.0,20.1875,128.8750,112.9375,2,3,3,3
4004100620,-3.1600,4.6900,6.4700,103.1250,-14.5000,24.6875,55.5000,-7.0000,-35.5625,27.0,20.7500,130.7500,115.6250,2,3,3,3
4004110620,-3.2700,5.1700,6.8600,90.6875,-19.3125,17.5625,55.5000,-7.0000,-35.5625,27.0,21.0000,131.3750,116.8750,2,3,3,3
4004120620,-3.3400,5.9100,7.0000,68.3750,-26.8750,16.6875,55.5000,-7.0000,-35.5625,27.0,21.3750,131.8125,118.0000,2,3,3,3
4004130788,-3.5000,5.8600,5.7800,45.5000,-30.6250,19.9375,55.5000,-7.0000,-35.5625,27.0,21.3750,131.8125,118.0000,2,3,3,3
4004140788,-3.4700,5.5700,4.8600,36.0625,-29.1250,20.8750,55.8750,-1.7500,-35.5625,27.0,21.6875,132.1250,119.0625,2,3,3,3
4004150788,-3.9600,5.1000,5.0100,39.5000,-24.1250,17.7500,55.8750,-1.7500,-35.5625,27.0,22.1875,132.9375,120.9375,2,3,3,3
4004160788,-3.8600,4.9700,5.2400,47.3750,-18.7500,8.7500,55.8750,-1.7500,-35.5625,27.0,22.2500,133.4375,121.8125,2,3,3,3
4004170788,-3.6300,5.3500,5.8900,57.5000,-15.8125,-0.3750,55.8750,-1.7500,-35.5625,27.0,22.3125,134.0000,122.6250,2,3,3,3
4004180788,-3.4300,5.5900,6.5300,63.9375,-14.8125,-5.3750,55.8750,-1.7500,-35.5625,27.0,22.3125,134.0000,122.6250,2,3,3,3
4004190788,-3.2700,5.7800,6.6300,59.4375,-15.7500,-5.5625,55.7500,0.5000,-35.8750,27.0,22.3750,134.5000,123.5000,1,3,3,3
4004200788,-3.9900,5.5500,6.3800,52.3125,-17.0000,-1.0625,55.7500,0.5000,-35.8750,27.0,22.6250,135.2500,125.0625,1,3,3,3
4004210788,-3.6000,5.6400,5.8200,37.5000,-15.8750,0.1875,55.7500,0.5000,-35.8750,27.0,22.7500,135.5000,125.6250,1,3,3,3
4004220788,-3.7900,5.4700,5.0200,27.6875,-15.0625,-0.0000,55.7500,0.5000,-35.8750,27.0,22.7500,135.7500,126.1250,1,3,3,3
4004230882,-3.7700,5.5500,4.4900,30.3750,-10.5625,-2.4375,55.7500,0.5000,-35.8750,27.0,22.7500,135.7500,126.1250,1,3,3,3
4004240882,-3.6700,6.1100,5.4900,38.8750,-2.1875,-6.6250,56.0625,2.5000,-34.2500,27.0,22.7500,136.1250,126.5625,1,3,3,3
4004250882,-3.5900,6.2800,6.0500,44.6250,2.5625,-8.4375,56.0625,2.5000,-34.2500,27.0,22.6875,136.5000,126.9375,1,3,3,3
4004260882,-3.4900,6.1600,6.3000,46.5000,3.3750,-6.7500,56.0625,2.5000,-34.2500,27.0,22.5625,137.4375,127.7500,1,3,3,3
4004271045,-3.2400,6.3600,6.0000,47.8125,4.0625,-4.3125,56.0625,2.5000,-34.2500,27.0,22.5000,137.8125,128.1250,1,3,3,3
4004281311,-3.7500,5.4700,6.3300,42.3750,6.4375,-1.4375,56.0625,2.5000,-34.2500,27.0,22.5000,137.8125,128.1250,1,3,3,3
4004291311,-3.6900,5.2300,5.9400,36.2500,4.5625,-3.8125,57.1875,3.3750,-34.2500,27.0,22.4375,138.1875,128.4375,1,3,3,3
4004301311,-3.6200,5.2000,5.5100,36.6250,4.1875,-10.0000,57.1875,3.3750,-34.2500,27.0,22.1875,138.8750,128.8125,1,3,3,3
4004311311,-3.5300,5.4200,5.3600,40.2500,9.0625,-16.4375,57.1875,3.3750,-34.2500,27.0,21.9375,139.3125,128.8750,1,3,3,3
4004321405,-3.3200,5.8600,5.8000,45.9375,14.6250,-20.3125,57.1875,3.3750,-34.2500,27.0,21.6875,139.7500,245.6250,1,3,3,3
4004331668,-3.5100,5.8400,6.1100,49.5000,18.0625,-21.2500,57.1875,3.3750,-34.2500,27.0,21.6875,139.7500,245.6250,1,3,3,3
4004341668,-3.4600,5.7500,6.0300,51.5625,19.7500,-23.0000,56.7500,3.2500,-34.2500,27.0,21.3750,140.2500,245.8750,1,3,3,3
4004351668,-3.3000,5.9300,6.5200,56.7500,19.4375,-25.3750,56.7500,3.2500,-34.2500,27.0,20.7500,141.3125,246.5000,1,3,3,3
4004361668,-3.1300,5.9800,6.5800,59.5625,19.6250,-26.1875,56.7500,3.2500,-34.2500,27.0,20.4375,141.8750,246.8125,1,3,3,3
4004371740,-3.0600,5.4900,6.3100,61.0625,20.8125,-24.4375,56.7500,3.2500,-34.2500,27.0,20.1250,142.5000,247.1250,1,3,3,3
4004381999,-3.1900,4.7200,6.1400,67.2500,22.2500,-25.6875,56.7500,3.2500,-34.2500,27.0,20.1250,142.5000,247.1250,1,3,3,3
4004391999,-3.0500,4.7000,6.5200,74.1875,25.2500,-32.3125,56.7500,3.2500,-36.1875,27.0,19.7500,143.1875,247.5000,1,3,3,3
4004401999,-3.0700,4.8800,6.3700,78.1875,29.1875,-38.6250,56.7500,3.2500,-36.1875,27.0,18.7500,144.6250,248.3125,1,3,3,3
4004411999,-2.7600,5.2700,6.8400,78.3750,36.9375,-41.3750,56.7500,3.2500,-36.1875,27.0,18.2500,145.3125,248.7500,1,3,3,3
4004422082,-2.6200,5.5800,7.4000,76.3125,40.1875,-39.0625,56.7500,3.2500,-36.1875,27.0,17.7500,146.0000,249.0000,1,3,3,3
4004432233,-2.6400,6.5700,9.6400,66.1875,39.0625,-30.3750,56.7500,3.2500,-36.1875,27.0,17.7500,146.0000,249.0000,1,3,3,3
4004442233,-2.6100,6.4700,9.9300,38.5000,35.3750,-15.1875,56.0000,3.5000,-37.0625,27.0,17.3750,146.3750,249.1250,0,3,3,3
4004452233,-2.6400,5.9300,9.3800,8.9375,28.0000,1.5625,56.0000,3.5000,-37.0625,27.0,17.0625,146.5000,248.8750,0,3,3,3
4004462233,-2.7200,5.2500,8.4900,-8.5625,22.6875,10.3750,56.0000,3.5000,-37.0625,27.0,16.9375,146.4375,248.6875,0,3,3,3
4004472233,-2.8400,4.4300,7.1800,-9.5000,22.1250,8.6250,56.0000,3.5000,-37.0625,27.0,16.6875,146.5000,248.6250,0,3,3,3
4004482496,-2.9400,4.9100,7.6000,-2.1875,27.0000,0.6250,56.0000,3.5000,-37.0625,27.0,16.6875,146.5000,248.6250,0,3,3,3
4004492496,-2.9200,5.4600,8.1200,5.3750,29.7500,-5.6250,55.6875,3.0625,-38.2500,27.0,16.4375,146.5625,248.6250,0,3,3,3
4004502496,-2.6900,5.2000,8.1100,8.0000,27.7500,-6.1250,55.6875,3.0625,-38.2500,27.0,15.9375,146.7500,248.5625,0,3,3,3
4004512496,-2.7600,4.6200,7.8700,6.6250,27.2500,-5.1250,55.6875,3.0625,-38.2500,27.0,15.6250,146.8750,248.5625,0,3,3,3
4004522496,-2.8500,4.2800,7.6600,9.7500,29.0000,-8.1250,55.6875,3.0625,-38.2500,27.0,15.3125,147.0625,248.6875,0,3,3,3
4004532799,-2.8000,4.5800,7.5500,18.2500,29.1875,-14.9375,55.6875,3.0625,-38.2500,27.0,15.3125,147.0625,248.6875,0,3,3,3
4004542799,-2.6500,5.4800,8.4500,23.2500,31.6875,-17.8125,55.6875,3.3750,-38.5000,27.0,15.0000,147.3125,248.8125,0,3,3,3
4004552799,-2.6900,5.5200,8.4300,21.5625,32.6250,-15.1250,55.6875,3.3750,-38.5000,27.0,14.3125,147.6875,248.9375,0,3,3,3
4004562799,-2.6800,5.4900,7.9900,17.5625,31.0000,-11.5000,55.6875,3.3750,-38.5000,27.0,14.0000,147.9375,248.9375,0,3,3,3
4004572799,-2.6300,5.3000,7.8000,19.1875,31.8750,-9.8125,55.6875,3.3750,-38.5000,27.0,13.6875,148.1875,249.0000,0,3,3,3
4004582875,-2.5100,4.9900,7.5200,25.8125,33.1250,-10.6250,55.6875,3.3750,-38.5000,27.0,13.6875,148.1875,249.0000,0,3,3,3
4004592875,-2.4200,4.7100,7.4200,32.3125,36.2500,-12.8750,54.5625,3.7500,-41.6875,27.0,13.3125,148.5000,249.0625,0,3,3,3
4004602875,-1.8100,5.0200,8.3000,40.1875,41.3750,-16.5000,54.5625,3.7500,-41.6875,27.0,12.5000,149.3125,249.2500,0,3,3,3
4004612941,-1.6000,5.4100,9.5000,40.6875,40.4375,-16.1875,54.5625,3.7500,-41.6875,27.0,12.1875,149.6250,249.3125,0,3,3,3
4004623027,-2.2000,5.1800,9.9800,26.8125,32.5000,-8.5625,54.5625,3.7500,-41.6875,27.0,11.9375,149.6875,249.2500,0,3,3,3
4004633293,-2.2100,4.6400,9.1600,8.5625,22.3125,-1.8125,54.5625,3.7500,-41.6875,27.0,11.9375,149.6875,249.2500,0,3,3,3
4004643293,-1.8900,4.2800,8.4000,-4.6875,16.9375,-0.4375,53.0625,3.7500,-42.5000,27.0,11.8125,149.6875,249.1875,0,3,3,3
4004653293,-2.1700,4.2000,7.5900,-7.2500,15.1250,-2.8750,53.0625,3.7500,-42.5000,27.0,11.5000,149.5625,249.1875,0,3,3,3
4004663293,-2.1900,4.6700,7.5400,-6.3750,14.8750,-7.1875,53.0625,3.7500,-42.5000,27.0,11.3125,149.4375,249.2500,0,3,3,3
4004673293,-2.0500,5.0600,7.4500,-10.6875,18.1875,-9.3125,53.0625,3.7500,-42.5000,27.0,11.1250,149.3750,249.2500,0,3,3,3
4004683293,-1.8800,5.2100,7.4300,-10.8125,21.2500,-8.0000,53.0625,3.7500,-42.5000,27.0,11.1250,149.3750,249.2500,0,3,3,3
4004693293,-1.8700,5.0900,8.2900,-3.8750,24.5625,-6.5000,53.5625,4.3750,-44.0625,27.0,10.8750,149.3125,249.2500,0,3,3,3
4004703293,-1.7500,5.1100,8.7400,4.6875,26.4375,-5.5625,53.5625,4.3750,-44.0625,27.0,10.3750,149.5000,249.2500,0,3,3,3
4004713293,-1.6600,4.9000,8.9600,8.6875,25.3125,-4.3750,53.5625,4.3750,-44.0625,27.0,10.1875,149.6250,249.1875,0,3,3,3
4004723293,-1.6100,4.6000,9.0200,10.3750,22.9375,-3.6875,53.5625,4.3750,-44.0625,27.0,10.0000,149.7500,249.2500,0,3,3,3
4004733649,-1.5100,4.6500,9.1000,11.3750,19.1250,-5.8125,53.5625,4.3750,-44.0625,27.0,10.0000,149.7500,249.2500,0,3,3,3
4004743649,-1.4600,4.9300,9.1200,9.5000,15.5625,-9.0625,52.8750,3.6875,-44.3750,27.0,9.8125,149.8125,249.3125,0,3,3,3
4004753649,-1.5600,5.0200,9.0000,7.0625,11.6875,-8.5625,52.8750,3.6875,-44.3750,27.0,9.5625,149.9375,249.3750,0,3,3,3
4004763649,-1.4700,5.0800,8.9200,3.6250,8.2500,-6.6875,52.8750,3.6875,-44.3750,27.0,9.5000,149.9375,249.4375,0,3,3,3
4004773649,-1.4500,4.6900,8.7600,2.5000,6.5000,-5.0000,52.8750,3.6875,-44.3750,27.0,9.4375,150.0000,249.5000,0,3,3,3
4004783755,-1.4400,4.5000,8.6100,4.9375,4.5000,-5.0625,52.8750,3.6875,-44.3750,27.0,9.4375,150.0000,249.5000,0,3,3,3
4004793755,-1.4800,4.5000,8.3600,6.8125,1.8125,-7.3125,52.0625,4.3750,-45.5000,27.0,9.3750,150.0625,248.2500,0,3,3,3
4004803755,-1.6200,4.9500,7.9700,7.3125,0.5625,-9.2500,52.0625,4.3750,-45.5000,27.0,9.3125,150.1250,248.3750,0,3,3,3
4004813755,-1.5100,5.0500,7.8000,6.1875,0.0625,-8.9375,52.0625,4.3750,-45.5000,27.0,9.2500,150.1875,248.5625,0,3,3,3
4004823755,-1.4100,5.0100,7.6100,4.1250,1.3125,-7.0625,52.0625,4.3750,-45.5000,27.0,9.1875,150.1875,248.5625,0,3,3,3
4004834003,-1.4500,4.7200,7.5100,2.5625,4.0000,-4.5625,52.0625,4.3750,-45.5000,27.0,9.1875,150.1875,248.5625,0,3,3,3
4004844003,-1.6400,4.5200,7.8200,4.1875,7.5625,-5.1250,53.1875,4.3750,-45.1875,27.0,9.1250,150.2500,247.5625,0,3,3,3
4004854003,-1.5200,4.6000,7.6500,8.1250,9.8125,-8.6250,53.1875,4.3750,-45.1875,27.0,9.0000,150.3125,247.6250,0,3,3,3
4004864003,-1.1200,4.9900,8.2400,14.6875,14.4375,-12.5000,53.1875,4.3750,-45.1875,27.0,8.6250,150.6250,247.8125,0,3,3,3
4004874070,-1.3200,5.0600,8.7000,19.6875,12.9375,-12.8750,53.1875,4.3750,-45.1875,27.0,8.5000,150.8125,247.9375,0,3,3,3
4004884349,-1.3500,5.0500,8.5200,18.0000,8.7500,-10.6875,53.1875,4.3750,-45.1875,27.0,8.5000,150.8125,247.9375,0,3,3,3
4004894349,-1.2800,4.9800,8.2200,11.6875,6.8750,-8.4375,53.1875,4.0000,-45.1875,27.0,8.3750,150.9375,247.1250,0,3,3,3
4004904349,-1.4200,4.7600,7.9100,3.1875,6.2500,-4.4375,53.1875,4.0000,-45.1875,27.0,8.3125,150.9375,247.1250,0,3,3,3
4004914349,-1.3800,4.6800,7.7800,-4.1875,8.3125,-1.6875,53.1875,4.0000,-45.1875,27.0,8.1875,150.8750,247.0625,0,3,3,3
4004924349,-1.3800,4.6400,8.4500,-7.1875,11.3125,-0.0000,53.1875,4.0000,-45.1875,27.0,8.0625,150.8125,247.0625,0,3,3,3
4004934354,-1.2800,4.7100,8.5900,-7.8125,12.2500,0.1250,53.1875,4.0000,-45.1875,27.0,8.0625,150.8125,247.0625,0,3,3,3
4004944354,-1.3500,4.5900,8.6200,-7.5000,10.7500,0.8750,52.5000,3.2500,-46.6875,27.0,7.9375,150.7500,246.1875,0,3,3,3
4004954354,-1.3000,4.6000,8.4200,-5.5000,8.8750,0.2500,52.5000,3.2500,-46.6875,27.0,7.8750,150.6875,246.1250,0,3,3,3
4004964354,-1.3600,4.6800,8.4400,-3.9375,8.7500,-0.7500,52.5000,3.2500,-46.6875,27.0,7.7500,150.6250,246.1250,0,3,3,3
4004974354,-1.3000,4.5900,8.4300,-3.4375,9.5625,-1.6250,52.5000,3.2500,-46.6875,27.0,7.6250,150.6250,246.1250,0,3,3,3
4004984540,-1.2200,4.2600,8.4800,0.8125,8.8750,-2.2500,52.5000,3.2500,-46.6875,27.0,7.6250,150.6250,246.1250,0,3,3,3
4004994540,-1.4500,4.1700,9.0700,9.9375,7.8750,-5.6875,51.7500,3.2500,-47.1875,27.0,7.5625,150.6875,245.3750,0,3,3,3
4005004540,-1.3800,4.6300,9.3700,16.8125,6.3125,-11.6875,51.7500,3.2500,-47.1875,27.0,7.4375,150.8750,245.5000,0,3,3,3
4005014540,-1.3600,4.9400,9.3300,16.3125,3.1250,-14.3750,51.7500,3.2500,-47.1875,27.0,7.3125,151.0625,245.7500,0,3,3,3
4005024701,-1.3800,4.9900,8.8900,8.8125,-0.5625,-12.0000,51.7500,3.2500,-47.1875,27.0,7.2500,151.0625,245.8125,0,3,3,3
4005034882,-1.2800,4.6900,8.0200,0.3125,-1.7500,-7.5000,51.7500,3.2500,-47.1875,27.0,7.2500,151.0625,245.8125,0,3,3,3
4005044882,-1.4100,4.6400,8.0200,-1.6875,-0.3750,-4.8750,51.3750,3.0000,-47.8750,27.0,7.2500,151.0625,245.1875,1,3,3,3
4005054882,-1.4400,4.7200,8.1300,1.1875,1.2500,-5.5625,51.3750,3.0000,-47.8750,27.0,7.1875,151.0625,245.2500,1,3,3,3
4005064882,-1.3500,4.9200,8.2300,3.3125,2.0000,-6.6250,51.3750,3.0000,-47.8750,27.0,7.1250,151.1250,245.3125,1,3,3,3
4005074958,-1.3300,5.1400,8.1100,2.5625,2.1250,-5.9375,51.3750,3.0000,-47.8750,27.0,7.0625,151.1250,245.3750,1,3,3,3
4005085154,-1.3100,5.0800,8.0100,-0.6250,2.8750,-3.5625,51.3750,3.0000,-47.8750,27.0,7.0625,151.1250,245.3750,1,3,3,3
4005095154,-1.2200,5.0400,8.1200,-2.8125,4.6250,-1.1250,51.3750,3.0000,-46.5625,27.0,7.0000,151.0625,244.8125,1,3,3,3
4005105154,-1.2000,4.6500,9.0000,-3.6250,6.3125,1.4375,51.3750,3.0000,-46.5625,27.0,7.0000,151.0625,244.7500,1,3,3,3
4005115154,-1.2100,4.4400,9.1700,-3.3125,6.4375,3.0000,51.3750,3.0000,-46.5625,27.0,6.9375,151.0000,244.6875,1,3,3,3
4005125232,-1.1700,4.2800,8.9600,-2.5625,2.5000,2.2500,51.3750,3.0000,-46.5625,27.0,6.9375,151.0000,244.6875,1,3,3,3
4005135410,-1.1500,4.1800,8.6000,-1.0000,-1.5000,-0.5000,51.3750,3.0000,-46.5625,27.0,6.9375,151.0000,244.6875,1,3,3,3
4005145410,-1.3000,4.3900,8.2400,1.5625,-3.6250,-3.7500,51.7500,2.5625,-48.1875,27.0,6.9375,151.0000,244.1875,1,3,3,3
4005155410,-1.2800,4.5000,8.1200,3.5000,-3.8750,-7.0000,51.7500,2.5625,-48.1875,27.0,6.9375,151.0000,244.2500,1,3,3,3
4005165410,-1.2400,4.6100,8.0200,3.9375,-3.3750,-9.1875,51.7500,2.5625,-48.1875,27.0,6.9375,151.0625,244.4375,1,3,3,3
4005175419,-1.2100,4.7000,8.0000,4.1250,-1.9375,-10.0000,51.7500,2.5625,-48.1875,27.0,6.8750,151.1250,244.5625,1,3,3,3
4005185601,-1.1900,4.8000,8.2200,3.6250,0.2500,-9.5000,51.7500,2.5625,-48.1875,27.0,6.8750,151.1250,244.5625,1,3,3,3
4005195601,-1.0900,4.8100,8.2500,2.6250,1.6875,-8.4375,51.3750,2.1875,-47.8750,27.0,6.8125,151.1250,244.1875,1,3,3,3
4005205601,-1.1500,4.7900,8.4000,2.5625,2.0000,-7.6875,51.3750,2.1875,-47.8750,27.0,6.7500,151.1250,244.2500,1,3,3,3
4005215601,-1.2000,4.8700,8.4400,2.8750,1.6875,-7.8125,51.3750,2.1875,-47.8750,27.0,6.6875,151.1875,244.3750,1,3,3,3
4005225681,-1.0200,5.1000,8.4100,2.8125,0.5625,-7.5625,51.3750,2.1875,-47.8750,27.0,6.6250,151.1875,244.4375,1,3,3,3
4005235856,-1.0400,5.1100,8.4100,2.0000,0.8125,-6.0000,51.3750,2.1875,-47.8750,27.0,6.6250,151.1875,244.4375,1,3,3,3
4005245856,-1.1500,4.9100,8.2700,0.8125,0.9375,-3.0625,51.3750,1.8750,-47.3750,27.0,6.6250,151.1875,244.0625,1,3,3,3
4005255856,-1.0200,4.6800,8.4200,-0.2500,0.8125,-1.1875,51.3750,1.8750,-47.3750,27.0,6.6250,151.1875,244.1250,1,3,3,3
4005265856,-1.0000,4.5700,8.7100,-1.5000,1.3125,0.1875,51.3750,1.8750,-47.3750,27.0,6.5625,151.1250,244.0625,1,3,3,3
4005275856,-1.0800,4.4100,8.7600,-6.8750,2.3125,2.1250,51.3750,1.8750,-47.3750,27.0,6.5625,151.0000,244.0000,1,3,3,3
4005286140,-1.2600,4.3600,8.7500,-15.1875,1.3125,3.8750,51.3750,1.8750,-47.3750,27.0,6.5625,151.0000,244.0000,1,3,3,3
4005296140,-1.0600,4.7000,8.2100,-25.9375,0.1250,4.6250,51.7500,2.1875,-47.0625,27.0,6.6250,150.7500,243.6250,1,3,3,3
4005306140,-0.9700,4.8700,8.0300,-38.2500,-0.2500,6.3125,51.7500,2.1875,-47.0625,27.0,6.6250,150.3750,243.5000,1,3,3,3
4005316140,-1.0800,4.7800,7.7800,-44.8125,1.2500,8.9375,51.7500,2.1875,-47.0625,27.0,6.6875,149.5000,243.2500,1,3,3,3
4005326307,-1.2000,4.6600,7.5700,-43.9375,2.5000,10.5000,51.7500,2.1875,-47.0625,27.0,6.6875,149.1875,243.1250,1,3,3,3
4005336452,-1.2800,4.8800,8.0200,-39.1250,4.8125,9.2500,51.7500,2.1875,-47.0625,27.0,6.6875,149.1875,243.1250,1,3,3,3
4005346452,-1.3700,5.0900,8.4500,-38.5000,7.9375,8.0625,51.3750,1.1875,-46.6875,27.0,6.6875,148.8125,242.7500,2,3,3,3
4005356452,-1.3100,5.2600,8.6300,-47.5625,9.1250,9.6875,51.3750,1.1875,-46.6875,27.0,6.6250,148.3750,242.6250,2,3,3,3
4005366452,-1.1700,5.4400,8.5800,-66.3750,8.5625,14.1875,51.3750,1.1875,-46.6875,27.0,6.6875,146.8750,242.1250,2,3,3,3
4005376605,-0.7100,5.1200,7.6600,-88.3750,8.8125,20.3750,51.3750,1.1875,-46.6875,27.0,6.7500,146.0000,241.8125,2,3,3,3
4005386864,-0.8500,4.6200,7.0500,-99.0000,11.6875,25.1250,51.3750,1.1875,-46.6875,27.0,6.7500,146.0000,241.8125,2,3,3,3
4005396864,-1.0400,4.5500,6.7500,-89.1250,12.7500,21.0000,51.7500,-0.5625,-47.0625,27.0,6.7500,145.1250,241.4375,2,3,3,3
4005406864,-1.4900,4.9400,7.3600,-66.8125,14.5000,9.7500,51.7500,-0.5625,-47.0625,27.0,6.6875,144.5000,241.2500,2,3,3,3
4005416864,-1.6100,5.8100,8.7100,-49.8125,14.8125,-0.5625,51.7500,-0.5625,-47.0625,27.0,6.4375,143.5625,241.1250,2,3,3,3
4005426864,-1.5000,6.0300,8.8300,-51.2500,11.8125,-3.8125,51.7500,-0.5625,-47.0625,27.0,6.3750,142.8125,241.0625,2,3,3,3
4005436864,-1.1000,6.4600,8.4900,-74.5625,9.0000,-0.7500,51.7500,-0.5625,-47.0625,27.0,6.3750,142.8125,241.0625,2,3,3,3
4005446864,-1.1500,7.0800,8.1700,-107.5000,9.3750,7.5000,51.0625,-2.5000,-47.5000,27.0,6.3750,141.8125,240.7500,2,3,3,3
4005456864,-0.8300,7.3600,7.2700,-134.4375,6.3750,17.5000,51.0625,-2.5000,-47.5000,27.0,6.4375,140.5000,240.5000,2,3,3,3
4005466864,-0.8200,7.3400,6.5200,-145.7500,1.6875,26.6250,51.0625,-2.5000,-47.5000,27.0,6.7500,137.7500,239.6875,2,3,3,3
4005476945,-0.9200,7.4600,6.4100,-146.8125,5.4375,35.8125,51.0625,-2.5000,-47.5000,27.0,6.9375,136.3750,239.1250,2,3,3,3
4005487215,-1.4600,7.1300,6.5900,-147.8125,14.1875,43.0625,51.0625,-2.5000,-47.5000,27.0,6.9375,136.3750,239.1250,2,3,3,3
4005497215,-1.6600,6.5800,6.1300,-153.3125,17.7500,47.5625,51.0625,-6.5000,-45.5000,27.0,7.1250,134.9375,78.6250,3,3,3,3
4005507215,-1.5900,6.7200,6.3200,-162.9375,19.7500,49.6875,51.0625,-6.5000,-45.5000,27.0,7.3750,133.4375,78.0000,3,3,3,3
4005517215,-1.3000,7.2200,6.2100,-173.2500,20.3750,50.6875,51.0625,-6.5000,-45.5000,27.0,7.8125,130.0625,76.7500,3,3,3,3
4005527385,-1.5300,7.8000,5.4900,-185.8125,20.1250,48.0625,51.0625,-6.5000,-45.5000,27.0,8.0000,128.3125,76.1250,3,3,3,3
4005537737,-1.6000,8.1700,5.4500,-186.8750,20.0000,41.6875,51.0625,-6.5000,-45.5000,27.0,8.0000,128.3125,76.1250,3,3,3,3
4005547737,-1.7800,8.2100,5.7800,-169.5000,20.6875,35.8750,51.7500,-9.0000,-43.5625,27.0,8.1250,126.7500,75.5000,3,3,3,3
4005557737,-1.8500,8.1200,6.0300,-144.1250,18.7500,30.9375,51.7500,-9.0000,-43.5625,27.0,8.2500,125.3750,74.9375,3,3,3,3
4005567737,-1.4800,8.6200,6.3400,-126.7500,13.8125,25.1875,51.7500,-9.0000,-43.5625,27.0,8.5000,123.0000,74.1875,3,3,3,3
4005577737,-1.1200,9.0000,6.1100,-127.9375,8.8125,21.5625,51.7500,-9.0000,-43.5625,27.0,8.6875,121.6250,73.8750,3,3,3,3
4005587907,-1.0100,8.7900,5.7100,-143.3125,4.6875,25.3125,51.7500,-9.0000,-43.5625,27.0,8.6875,121.6250,73.8750,3,3,3,3
4005597907,-1.0400,7.5600,4.2700,-160.2500,1.6250,35.4375,51.3750,-13.5000,-42.6875,27.0,9.0000,120.0625,73.7500,3,3,3,3
4005607907,-1.3000,6.8500,3.3900,-172.3125,0.0625,43.1875,51.3750,-13.5000,-42.6875,27.0,9.3750,118.4375,73.6250,3,3,3,3
4005617907,-1.6100,6.1000,2.7100,-172.1875,0.3125,43.8125,51.3750,-13.5000,-42.6875,27.0,10.0000,115.3125,73.3750,3,3,3,3
4005627907,-1.7100,5.4200,2.5400,-162.6250,4.3125,35.3750,51.3750,-13.5000,-42.6875,27.0,10.1250,113.8750,72.9375,3,3,3,3
4005637986,-1.5300,6.5400,3.2600,-151.5000,10.3125,19.1250,51.3750,-13.5000,-42.6875,27.0,10.1250,113.8750,72.9375,3,3,3,3
4005647986,-1.4600,8.2200,3.1500,-153.3125,15.5000,3.1250,52.7500,-17.5000,-40.3750,27.0,10.1250,112.3750,72.3125,3,3,3,3
4005657986,-1.5600,9.3800,2.6200,-166.8125,18.2500,-2.1250,52.7500,-17.5000,-40.3750,27.0,10.0000,109.1250,70.8750,3,3,3,3
4005667986,-1.5400,9.4000,2.7500,-176.0000,23.8125,4.8750,52.7500,-17.5000,-40.3750,27.0,10.0625,107.5000,70.2500,3,3,3,3
4005678054,-1.6300,8.4200,3.0300,-174.0625,30.0625,18.4375,52.7500,-17.5000,-40.3750,27.0,10.1250,105.8750,69.6250,3,3,3,3
4005688402,-1.5200,8.2800,3.2500,-176.2500,26.8125,16.0000,52.7500,-17.5000,-40.3750,27.0,10.1250,105.8750,69.6250,3,3,3,3
4005698402,-1.8500,8.4900,3.1700,-180.6875,18.5625,12.6875,52.0000,-21.5625,-36.3750,27.0,10.2500,104.1250,69.1250,3,3,3,3
4005708402,-2.0300,8.9200,2.9600,-188.3750,8.3125,10.3125,52.0000,-21.5625,-36.3750,27.0,10.4375,100.4375,68.3750,3,3,3,3
4005718402,-1.8800,9.4400,2.1600,-198.2500,-1.0625,11.1250,52.0000,-21.5625,-36.3750,27.0,10.5625,98.4375,68.1875,3,3,3,3
4005728402,-1.8700,9.3400,1.7700,-204.0000,-7.6875,14.1875,52.0000,-21.5625,-36.3750,27.0,10.7500,96.4375,68.0625,3,3,3,3
4005738495,-1.7800,9.4300,1.3400,-202.9375,-12.8125,16.3125,52.0000,-21.5625,-36.3750,27.0,10.7500,96.4375,68.0625,3,3,3,3
4005748495,-1.9000,8.5300,0.7800,-194.4375,-17.2500,15.1875,52.3750,-27.5625,-32.5625,27.0,10.8750,94.5625,68.0000,3,3,3,3
4005758495,-1.9900,8.7800,0.4200,-182.4375,-19.8750,6.1250,52.3750,-27.5625,-32.5625,27.0,10.9375,91.0625,67.7500,3,3,3,3
4005768495,-1.8800,10.0700,0.1300,-167.1250,-20.2500,-0.8125,52.3750,-27.5625,-32.5625,27.0,11.0000,89.6250,67.7500,3,3,3,3
4005778495,-1.8100,10.9500,-0.1400,-148.2500,-20.2500,3.3750,52.3750,-27.5625,-32.5625,27.0,11.0625,88.3125,67.7500,3,3,3,3
4005788603,-1.7500,10.0600,-0.1000,-129.3125,-18.1875,9.9375,52.3750,-27.5625,-32.5625,27.0,11.0625,88.3125,67.7500,3,3,3,3
4005798603,-1.8100,9.1300,0.0500,-112.6250,-15.1250,8.1250,53.8750,-32.5625,-25.8750,27.0,11.1875,87.1875,67.7500,3,3,3,3
4005808603,-1.8400,8.4800,0.6000,-100.6875,-15.0000,-2.1875,53.8750,-32.5625,-25.8750,27.0,11.0000,85.1875,67.6250,3,3,3,3
4005818603,-1.7200,8.1000,1.4000,-100.8125,-23.7500,-14.3125,53.8750,-32.5625,-25.8750,27.0,10.7500,84.0625,67.5625,3,3,3,3
4005828777,-1.4100,8.0200,1.3600,-111.0625,-39.5625,-21.8125,53.8750,-32.5625,-25.8750,27.0,10.4375,82.7500,67.5625,3,3,3,3
4005838951,-1.3800,7.9100,0.8700,-125.5625,-58.0625,-26.6250,53.8750,-32.5625,-25.8750,27.0,10.4375,82.7500,67.5625,3,3,3,3
4005848951,-1.3500,8.0000,0.4200,-142.8750,-74.9375,-30.7500,54.0625,-36.3750,-20.0625,27.0,10.0000,81.2500,67.6875,3,3,3,3
4005858951,-1.3400,8.7800,-0.1900,-163.1250,-90.3750,-30.6875,54.0625,-36.3750,-20.0625,27.0,9.1875,77.6250,68.2500,3,3,3,3
4005868951,-1.5700,10.4500,-2.6700,-179.1250,-101.0000,-23.0000,54.0625,-36.3750,-20.0625,27.0,8.8125,75.6875,68.6875,3,3,3,3
4005878989,-1.5900,10.8800,-4.1000,-182.3125,-103.0625,-11.8750,54.0625,-36.3750,-20.0625,27.0,8.5625,73.9375,69.1250,3,3,3,3
4005889286,-1.5500,10.8100,-5.2300,-171.0000,-93.9375,-1.9375,54.0625,-36.3750,-20.0625,27.0,8.5625,73.9375,69.1250,3,3,3,3
4005899286,-1.3400,9.9900,-6.1900,-154.0000,-75.3750,3.8750,54.7500,-40.2500,-11.3750,27.0,8.3750,72.3125,69.5625,3,3,3,3
4005909286,-1.2200,9.1700,-6.3000,-138.2500,-52.8125,6.3125,54.7500,-40.2500,-11.3750,27.0,8.2500,69.6250,70.0000,3,3,3,3
4005919286,-1.2000,8.2700,-6.0500,-126.1250,-33.6250,6.3750,54.7500,-40.2500,-11.3750,27.0,8.1875,68.4375,70.0000,3,3,3,3
4005929286,-1.2700,7.6300,-5.4500,-123.8750,-19.0625,4.0000,54.7500,-40.2500,-11.3750,27.0,8.1875,67.0625,69.9375,3,3,3,3
4005939368,-1.1300,7.5800,-3.9300,-138.1875,-10.9375,2.0625,54.7500,-40.2500,-11.3750,27.0,8.1875,67.0625,69.9375,3,3,3,3
4005949368,-0.8100,8.1700,-3.6300,-166.4375,-9.1250,4.3750,56.2500,-43.0000,-2.5625,27.0,8.1875,65.4375,69.8750,3,3,3,3
4005959368,-0.7500,8.3100,-3.8700,-194.9375,-12.0000,12.8125,56.2500,-43.0000,-2.5625,27.0,8.3750,61.4375,70.0000,3,3,3,3
4005969368,-0.8500,8.4100,-4.4700,-211.0625,-17.4375,20.1250,56.2500,-43.0000,-2.5625,27.0,8.4375,59.3125,70.1250,3,3,3,3
4005979368,-1.2700,8.3900,-5.6800,-216.2500,-21.5625,24.1875,56.2500,-43.0000,-2.5625,27.0,8.5625,57.1875,70.3125,3,3,3,3
4005989548,-1.4900,8.0500,-6.3700,-214.0000,-22.1875,25.0625,56.2500,-43.0000,-2.5625,27.0,8.5625,57.1875,70.3125,3,3,3,3
4005999548,-1.6200,7.4400,-6.5500,-206.6250,-20.2500,21.5625,55.1875,-44.1875,2.6875,27.0,8.6250,55.1250,70.4375,3,3,3,3
4006009548,-1.6200,6.9700,-6.7600,-198.3750,-18.0000,15.2500,55.1875,-44.1875,2.6875,27.0,8.6250,51.3750,70.5000,3,3,3,3
4006019627,-1.3800,6.8100,-6.7000,-188.0000,-15.8125,10.3750,55.1875,-44.1875,2.6875,27.0,8.5625,49.6250,70.5000,3,3,3,3
4006029680,-1.2100,7.0100,-6.4700,-177.1875,-13.4375,8.7500,55.1875,-44.1875,2.6875,27.0,8.5625,47.9375,70.4375,3,3,3,3
4006039770,-1.0800,6.8200,-6.2300,-169.4375,-12.0625,8.5625,55.1875,-44.1875,2.6875,27.0,8.5625,47.9375,70.4375,3,3,3,3
4006049770,-1.3200,6.5400,-5.9400,-166.3750,-13.6875,7.2500,57.3750,-41.2500,11.6875,27.0,8.5625,46.3125,70.4375,2,3,3,3
4006059770,-1.2400,6.4900,-5.8000,-169.6250,-19.1875,6.3125,57.3750,-41.2500,11.6875,27.0,8.3125,42.8750,70.5000,2,3,3,3
4006069827,-1.0400,6.2200,-5.9600,-177.7500,-24.8125,9.0625,57.3750,-41.2500,11.6875,27.0,8.2500,41.0625,70.5625,2,3,3,3
4006079989,-0.7200,6.1000,-6.0400,-185.8750,-29.3125,14.0000,57.3750,-41.2500,11.6875,27.0,8.1250,39.1250,70.7500,2,3,3,3
4006090099,-0.6300,6.4000,-6.0700,-194.3750,-33.5625,21.5000,57.3750,-41.2500,11.6875,27.0,8.1250,39.1250,70.7500,2,3,3,3
4006100099,-1.1200,6.6600,-6.3000,-204.0625,-38.9375,29.1875,57.5000,-39.5000,17.5000,27.0,8.0000,37.0625,71.0000,2,3,3,3
4006110099,-1.4500,6.7000,-6.8200,-215.6875,-46.7500,34.5000,57.5000,-39.5000,17.5000,27.0,7.5625,32.6250,71.6875,2,3,3,3
4006120099,-1.4600,6.5300,-7.3800,-225.8125,-55.0000,36.5625,57.5000,-39.5000,17.5000,27.0,7.2500,30.3750,72.0625,2,3,3,3
4006130258,-1.2900,5.4500,-8.7700,-226.8750,-59.6875,38.3750,57.5000,-39.5000,17.5000,27.0,6.9375,28.2500,72.4375,2,3,3,3
4006140429,-1.1500,5.0800,-9.2700,-212.7500,-59.0625,40.8125,57.5000,-39.5000,17.5000,27.0,6.9375,28.2500,72.4375,2,3,3,3
4006150429,-1.0800,5.0200,-9.5300,-189.6875,-55.1250,44.8750,57.5000,-35.5625,24.5000,27.0,6.6875,26.3125,72.9375,2,3,3,3
4006160429,-1.1500,4.8000,-9.5200,-169.6250,-49.3750,51.0625,57.5000,-35.5625,24.5000,27.0,6.3125,23.0000,73.9375,2,3,3,3
4006170429,-0.9300,3.0200,-9.4400,-155.3125,-43.7500,54.6875,57.5000,-35.5625,24.5000,27.0,6.1250,21.5625,74.4375,2,3,3,3
4006180429,-0.7400,2.5800,-9.3700,-145.0625,-40.3125,53.3125,57.5000,-35.5625,24.5000,27.0,5.9375,20.1250,74.9375,2,3,3,3
4006190429,-0.6200,2.2200,-8.9500,-138.1250,-38.9375,50.4375,57.5000,-35.5625,24.5000,27.0,5.9375,20.1250,74.9375,2,3,3,3
4006200429,-0.5900,1.8300,-8.5500,-136.3125,-39.3750,48.1875,56.2500,-29.0625,30.6875,27.0,5.7500,18.7500,75.3750,2,3,3,3
4006210429,-0.5100,1.8100,-8.2700,-137.0625,-41.8125,48.5625,56.2500,-29.0625,30.6875,27.0,5.2500,15.9375,76.3750,2,3,3,3
4006220458,-0.3400,2.0500,-8.0700,-140.9375,-44.8750,51.3125,56.2500,-29.0625,30.6875,27.0,4.9375,14.5000,76.8750,2,3,3,3
4006230458,-0.1400,2.4900,-8.2500,-147.3125,-48.4375,55.4375,56.2500,-29.0625,30.6875,27.0,4.5625,12.9375,77.5000,2,3,3,3
4006240646,-0.3600,2.4400,-8.6000,-152.3125,-50.8750,59.6250,56.2500,-29.0625,30.6875,27.0,4.5625,12.9375,77.5000,2,3,3,3
4006250646,-0.5500,2.6500,-8.8900,-151.5000,-54.5000,62.2500,55.8750,-20.5625,35.0625,27.0,4.1875,11.4375,78.0625,2,3,3,3
4006260646,-0.4900,2.4000,-9.4200,-146.4375,-57.9375,66.5625,55.8750,-20.5625,35.0625,27.0,3.3125,8.6250,79.4375,2,3,3,3
4006270646,-0.2200,2.2700,-9.6900,-133.8125,-59.2500,72.5000,55.8750,-20.5625,35.0625,27.0,2.8750,7.4375,80.1875,2,3,3,3
4006280743,-0.0200,2.4600,-9.8800,-120.0625,-58.7500,79.6875,55.8750,-20.5625,35.0625,27.0,2.3750,6.3125,81.1250,2,3,3,3
4006290963,-0.1600,2.1800,-10.2000,-107.5000,-58.5625,90.3125,55.8750,-20.5625,35.0625,27.0,2.3750,6.3125,81.1250,2,3,3,3
4006300963,-0.0700,1.4400,-10.5700,-96.0000,-57.9375,100.5625,54.0625,-14.3750,39.0625,27.0,1.9375,5.3750,82.0625,2,3,3,3
4006310963,0.0200,0.7800,-10.9200,-84.2500,-55.8750,106.3750,54.0625,-14.3750,39.0625,27.0,1.0625,3.8125,84.1875,2,3,3,3
4006320975,0.0800,-0.3600,-11.0000,-71.8125,-50.0625,106.0625,54.0625,-14.3750,39.0625,27.0,0.7500,3.1875,85.1250,2,3,3,3
4006330975,0.0600,-0.4500,-10.7300,-60.0000,-41.2500,99.6250,54.0625,-14.3750,39.0625,27.0,0.5000,2.6875,86.0000,2,3,3,3
4006340988,0.0300,-0.4900,-10.3700,-49.1875,-32.6875,91.5625,54.0625,-14.3750,39.0625,27.0,0.5000,2.6875,86.0000,2,3,3,3
4006350988,0.3500,-0.3800,-9.4500,-39.6875,-27.1250,82.8125,53.3750,-6.2500,41.7500,27.0,0.2500,2.3125,86.8125,2,3,3,3
4006360988,0.6800,-0.1100,-9.0700,-31.6875,-25.8750,74.6250,53.3750,-6.2500,41.7500,27.0,0.0000,2.0000,87.5625,2,3,3,3
4006370988,0.9100,-0.0000,-8.8700,-27.3750,-29.4375,72.6250,53.3750,-6.2500,41.7500,27.0,-0.5000,1.5000,89.0000,2,3,3,3
4006380988,0.8200,-0.0700,-9.0800,-25.0625,-35.5625,73.7500,53.3750,-6.2500,41.7500,27.0,-0.8750,1.3125,89.6875,2,3,3,3
4006391355,0.6200,0.2000,-9.9400,-23.0000,-42.6875,73.3750,53.3750,-6.2500,41.7500,27.0,-0.8750,1.3125,89.6875,2,3,3,3
4006401355,0.6100,-0.0800,-10.3300,-21.5625,-51.1875,77.6250,51.7500,0.6875,41.8750,27.0,-1.3750,1.1250,90.4375,2,3,3,3
4006411355,0.4900,-0.3900,-11.1800,-25.5625,-54.8125,80.7500,51.7500,0.6875,41.8750,27.0,-2.3750,0.6250,92.0000,2,3,3,3
4006421394,0.4900,-0.8600,-11.5900,-28.7500,-48.8125,78.1875,51.7500,0.6875,41.8750,27.0,-2.7500,0.4375,92.6875,2,3,3,3
4006431394,0.2700,-0.9000,-11.3800,-25.3125,-41.5000,71.1250,51.7500,0.6875,41.8750,27.0,-3.0625,0.2500,93.3125,2,3,3,3
4006441691,0.4400,-0.6100,-11.4700,-18.0000,-33.7500,60.8125,51.7500,0.6875,41.8750,27.0,-3.0625,0.2500,93.3125,2,3,3,3
4006451691,0.5200,-0.4700,-11.1800,-12.2500,-23.6875,51.6250,49.6875,4.7500,42.3750,27.0,-3.3125,0.1875,93.8125,2,3,3,3
4006461691,0.5300,-0.2600,-10.7200,-8.6875,-14.5625,44.6250,49.6875,4.7500,42.3750,27.0,-3.5000,0.0625,94.6250,2,3,3,3
4006471691,0.3100,-0.3000,-10.2700,-5.7500,-8.3125,39.0625,49.6875,4.7500,42.3750,27.0,-3.5625,0.0625,94.9375,2,3,3,3
4006481691,0.0400,-0.4000,-9.8100,-3.3750,-3.0000,30.8750,49.6875,4.7500,42.3750,27.0,-3.5625,0.0625,95.1250,2,3,3,3
4006491691,0.0300,-0.3800,-9.4900,0.1875,-1.2500,19.4375,49.6875,4.7500,42.3750,27.0,-3.5625,0.0625,95.1250,2,3,3,3
4006501691,0.6400,-0.0500,-9.1900,4.8750,-5.5000,7.6250,47.7500,7.0000,42.0000,27.0,-3.6250,0.1250,95.1875,2,3,3,3
4006511691,0.9800,0.2400,-9.4700,8.0625,-13.5000,0.4375,47.7500,7.0000,42.0000,27.0,-3.9375,0.2500,95.1875,2,3,3,3
4006521705,1.2000,0.2600,-9.6300,5.1875,-19.0000,0.9375,47.7500,7.0000,42.0000,27.0,-4.1250,0.2500,95.2500,2,3,3,3
4006531802,1.3100,-0.0200,-9.8200,-1.6250,-19.8750,3.1875,47.7500,7.0000,42.0000,27.0,-4.3125,0.1875,95.2500,2,3,3,3
4006541854,0.7500,-0.6400,-10.0600,-7.6875,-17.6875,1.0000,47.7500,7.0000,42.0000,27.0,-4.3125,0.1875,95.2500,2,3,3,3
4006551854,0.5100,-0.6800,-9.9000,-9.3750,-14.1250,-4.9375,47.6875,8.5625,42.0625,27.0,-4.4375,0.0625,95.1875,2,3,3,3
4006561854,0.7500,-0.7000,-10.3100,-5.0625,-16.5625,-11.1875,47.6875,8.5625,42.0625,27.0,-4.5625,0.0000,95.0625,2,3,3,3
4006571854,1.0900,-0.2100,-10.3500,3.8750,-21.6250,-15.1875,47.6875,8.5625,42.0625,27.0,-5.0625,0.1250,94.8125,2,3,3,3
4006582112,1.2800,0.0400,-10.7500,10.0000,-25.0625,-11.8125,47.6875,8.5625,42.0625,27.0,-5.2500,0.2500,94.7500,2,3,3,3
4006592472,1.3200,0.2000,-10.8900,9.7500,-20.3125,-8.2500,47.6875,8.5625,42.0625,27.0,-5.2500,0.2500,94.7500,2,3,3,3
4006602472,1.2700,0.5200,-10.7700,10.3125,-11.9375,-5.3750,47.0000,9.0625,42.5000,27.0,-5.3750,0.3125,94.6875,2,3,3,3
4006612472,0.8600,0.6100,-10.2400,9.7500,-2.1250,-3.7500,47.0000,9.0625,42.5000,27.0,-5.3750,0.5000,94.5625,2,3,3,3
4006622472,0.9700,0.4100,-12.5300,10.0625,1.7500,-4.5000,47.0000,9.0625,42.5000,27.0,-5.1875,0.6250,94.5000,2,3,3,3
4006632480,-0.8200,-1.6500,-12.6300,13.3750,18.0625,-7.5625,47.0000,9.0625,42.5000,27.0,-4.6250,0.8125,94.3125,2,3,3,3
4006642754,-0.0300,0.1700,-9.9200,23.5625,58.9375,-16.2500,47.0000,9.0625,42.5000,27.0,-4.6250,0.8125,94.3125,2,3,3,3
4006652754,0.1300,-0.3800,-10.3400,29.8750,47.0625,-18.9375,47.0000,7.1875,42.5625,27.0,-4.1875,1.1250,94.1250,2,3,3,3
4006662754,1.1100,0.5400,-9.9600,38.4375,30.6250,-19.6250,47.0000,7.1875,42.5625,27.0,-3.6875,1.8125,93.7500,2,3,3,3
4006672907,0.8800,0.4000,-10.0200,36.1875,22.1875,-18.5625,47.0000,7.1875,42.5625,27.0,-3.5000,2.1250,93.5625,2,3,3,3
4006682912,0.7300,0.0100,-9.7400,30.8750,16.5000,-17.4375,47.0000,7.1875,42.5625,27.0,-3.3750,2.3125,93.3125,2,3,3,3
4006692933,0.6300,-0.3800,-9.9400,25.4375,11.8750,-22.6875,47.0000,7.1875,42.5625,27.0,-3.3750,2.3125,93.3125,2,3,3,3
4006702933,1.3600,0.3500,-9.9300,21.3750,10.3750,-32.2500,49.3750,5.8750,41.3750,27.0,-3.3125,2.5000,93.0000,2,3,3,3
4006712933,1.1000,1.0400,-10.0300,19.6875,8.8125,-35.5625,49.3750,5.8750,41.3750,27.0,-3.1875,2.8125,92.3750,2,3,3,3
4006723182,1.2500,1.2200,-9.7600,16.6875,8.0000,-30.6875,49.3750,5.8750,41.3750,27.0,-3.1250,3.0000,92.1250,2,3,3,3
4006733187,0.3800,0.6000,-10.1700,15.8750,7.6250,-24.1875,49.3750,5.8750,41.3750,27.0,-3.0625,3.1250,91.8750,2,3,3,3
4006743288,0.2600,0.4900,-10.2200,19.8125,8.9375,-22.2500,49.3750,5.8750,41.3750,27.0,-3.0625,3.1250,91.8750,2,3,3,3
4006753288,0.2200,0.5100,-10.3100,26.8125,12.0000,-24.6250,49.0000,2.5625,41.0625,27.0,-2.9375,3.3750,91.6250,2,3,3,3
4006763288,0.4200,0.6500,-10.5500,35.5625,16.0625,-27.6250,49.0000,2.5625,41.0625,27.0,-2.6250,4.1250,91.0625,2,3,3,3
4006773288,0.6400,1.0200,-9.6700,43.1875,23.9375,-30.6875,49.0000,2.5625,41.0625,27.0,-2.3125,4.5625,90.6875,2,3,3,3
4006783370,0.9800,1.5100,-9.4200,48.0000,31.1875,-32.6250,49.0000,2.5625,41.0625,27.0,-2.0000,4.9375,90.4375,2,3,3,3
4006793637,0.7600,1.5700,-8.6900,40.3125,38.1250,-27.8125,49.0000,2.5625,41.0625,27.0,-2.0000,4.9375,90.4375,2,3,3,3
4006803637,0.8600,0.7500,-8.6600,23.3750,34.1875,-16.3125,50.0625,0.5000,41.0000,27.0,-1.6875,5.1875,90.2500,2,3,3,3
4006813637,0.1200,-0.0300,-9.8400,0.5000,18.5625,-2.5625,50.0625,0.5000,41.0000,27.0,-1.3750,5.0625,90.1875,2,3,3,3
4006823637,-0.3600,-0.1400,-10.3600,-11.1250,8.8750,-1.8750,50.0625,0.5000,41.0000,27.0,-1.3125,5.0000,90.0625,2,3,3,3
4006833637,-0.4800,-0.1300,-10.5800,-9.1250,6.8750,-12.1250,50.0625,0.5000,41.0000,27.0,-1.3125,4.9375,89.8125,2,3,3,3
4006843637,-0.1200,0.5400,-10.2300,-1.8750,6.1875,-23.5625,50.0625,0.5000,41.0000,27.0,-1.3125,4.9375,89.8125,2,3,3,3
4006853637,-0.1500,0.8100,-9.6600,4.5625,6.5000,-31.6250,50.5000,-1.6875,40.1875,27.0,-1.2500,5.0000,89.5000,2,3,3,3
4006863637,-0.0200,0.9300,-9.5300,6.0625,5.6250,-34.2500,50.5000,-1.6875,40.1875,27.0,-1.2500,5.0625,89.1875,2,3,3,3
4006873637,0.3300,1.0800,-9.5700,3.3125,4.2500,-35.1875,50.5000,-1.6875,40.1875,27.0,-1.1875,5.0625,88.5000,2,3,3,3
4006883637,0.4700,1.1400,-9.6000,-0.1875,4.8750,-34.6875,50.5000,-1.6875,40.1875,27.0,-1.1875,5.0000,88.1875,2,3,3,3
4006893650,0.3500,1.0200,-9.6500,-3.0625,6.0000,-33.1250,50.5000,-1.6875,40.1875,27.0,-1.1875,5.0000,88.1875,2,3,3,3
4006903650,0.3700,1.2700,-9.6800,-4.7500,6.6250,-30.4375,50.0625,-2.5000,39.5000,27.0,-1.1250,5.0000,87.8750,2,3,3,3
4006913650,0.6100,1.9400,-9.7800,-7.1250,7.4375,-26.5625,50.0625,-2.5000,39.5000,27.0,-1.0625,4.8125,87.4375,2,3,3,3
4006923797,0.2600,1.2300,-9.9700,-9.9375,7.2500,-17.6250,50.0625,-2.5000,39.5000,27.0,-1.0000,4.6875,87.3750,2,3,3,3
4006933856,0.1100,0.9300,-9.9900,-10.3750,6.2500,-9.9375,50.0625,-2.5000,39.5000,27.0,-0.9375,4.6250,87.2500,2,3,3,3
4006944032,0.0900,0.8500,-10.0300,-8.1250,6.0625,-9.0000,50.0625,-2.5000,39.5000,27.0,-0.9375,4.6250,87.2500,2,3,3,3
4006954032,-0.0500,0.7100,-10.1300,-5.6250,5.5000,-9.8125,49.0000,-4.2500,39.5000,27.0,-0.8750,4.5625,87.1875,2,3,3,3
4006964032,-0.1900,0.8400,-9.8100,-1.3750,5.6875,-12.5000,49.0000,-4.2500,39.5000,27.0,-0.8125,4.5625,87.0625,2,3,3,3
4006974032,-0.2400,0.8700,-9.7300,0.5625,5.6250,-15.9375,49.0000,-4.2500,39.5000,27.0,-0.7500,4.5625,86.7500,2,3,3,3
4006984032,0.3000,0.8000,-9.9000,-0.5000,5.1875,-18.0625,49.0000,-4.2500,39.5000,27.0,-0.7500,4.5625,86.5625,2,3,3,3
4006994032,0.8600,1.1600,-9.8400,-0.5625,4.4375,-20.0000,49.0000,-4.2500,39.5000,27.0,-0.7500,4.5625,86.5625,2,3,3,3
4007004032,0.5700,0.7900,-10.0400,-0.8125,4.2500,-19.6250,50.3750,-5.0000,39.0625,27.0,-0.6875,4.5625,86.3750,2,3,3,3
4007014032,0.4700,0.7600,-10.2500,0.3125,3.5625,-17.0625,50.3750,-5.0000,39.0625,27.0,-0.6875,4.5000,86.1875,2,3,3,3
4007024032,0.5200,0.8000,-10.2200,4.8125,4.9375,-15.0000,50.3750,-5.0000,39.0625,27.0,-0.6250,4.6875,85.9375,2,3,3,3
4007034226,0.6600,1.2700,-9.6400,9.0625,6.5625,-13.0625,50.3750,-5.0000,39.0625,27.0,-0.5625,4.7500,85.8125,2,3,3,3
4007044695,0.6400,1.1800,-9.9000,7.7500,5.0625,-10.7500,50.3750,-5.0000,39.0625,27.0,-0.5625,4.7500,85.8125,2,3,3,3
4007054695,0.3700,0.9300,-9.9900,6.6250,3.9375,-7.5625,49.3750,-6.0000,37.8750,27.0,-0.5625,4.8125,85.7500,3,3,3,3
4007064695,0.2000,0.9000,-9.7900,7.7500,4.1250,-5.2500,49.3750,-6.0000,37.8750,27.0,-0.5000,4.8750,85.6875,3,3,3,3
4007074695,0.3400,0.9000,-9.8100,6.8125,3.7500,-3.4375,49.3750,-6.0000,37.8750,27.0,-0.4375,5.0000,85.6250,3,3,3,3
4007084695,0.0900,0.7500,-10.2400,6.8125,4.0000,-0.0000,49.3750,-6.0000,37.8750,27.0,-0.3750,5.1250,85.6875,3,3,3,3
4007094695,0.1900,0.9300,-9.3800,9.4375,4.4375,2.0625,49.3750,-6.0000,37.8750,27.0,-0.3750,5.1250,85.6875,3,3,3,3
4007104695,-0.0200,1.0800,-9.1500,5.8750,2.3125,3.0000,49.6875,-5.5625,38.2500,27.0,-0.3750,5.1875,85.6875,3,3,3,3
4007114695,0.1100,0.6600,-9.9400,-5.4375,-2.7500,2.4375,49.6875,-5.5625,38.2500,27.0,-0.4375,5.0000,85.6875,3,3,3,3
4007124695,0.1100,0.6300,-9.8400,-11.0000,-4.5000,-1.6875,49.6875,-5.5625,38.2500,27.0,-0.5000,4.8750,85.6875,3,3,3,3
4007134695,0.1700,0.6200,-9.6700,-11.3125,-5.0000,-4.9375,49.6875,-5.5625,38.2500,27.0,-0.5625,4.7500,85.5625,3,3,3,3
4007144695,0.1500,0.7300,-10.3900,-12.6875,-5.7500,-8.3750,49.6875,-5.5625,38.2500,27.0,-0.5625,4.7500,85.5625,3,3,3,3
4007154695,0.0800,0.6800,-10.3300,-10.1250,-4.8125,-9.7500,49.3750,-6.6875,38.7500,27.0,-0.6250,4.6875,85.5000,3,3,3,3
4007164695,0.0800,0.7100,-10.0900,-3.1875,-1.5000,-9.0625,49.3750,-6.6875,38.7500,27.0,-0.6250,4.6250,85.4375,3,3,3,3
4007174695,0.2200,0.8700,-9.8400,1.8750,1.1250,-8.8125,49.3750,-6.6875,38.7500,27.0,-0.6250,4.6875,85.2500,3,3,3,3
4007185029,0.0800,0.6300,-9.8600,3.1875,1.8750,-8.9375,49.3750,-6.6875,38.7500,27.0,-0.6250,4.7500,85.1250,3,3,3,3
4007195125,0.0800,0.6800,-9.8100,3.6250,2.0625,-9.5000,49.3750,-6.6875,38.7500,27.0,-0.6250,4.7500,85.1250,3,3,3,3
4007205125,0.1900,1.2900,-9.9700,3.0000,1.9375,-11.0625,50.0625,-6.6875,40.0000,27.0,-0.6250,4.7500,85.0625,3,3,3,3
4007215125,0.1900,1.3900,-9.7700,3.5625,2.3125,-9.2500,50.0625,-6.6875,40.0000,27.0,-0.5625,4.8125,85.0000,3,3,3,3
4007225125,0.1100,1.2100,-9.6700,3.4375,1.9375,-4.8750,50.0625,-6.6875,40.0000,27.0,-0.5625,4.8125,84.8750,3,3,3,3
4007235212,0.1000,0.9700,-9.6200,1.2500,0.9375,-1.8125,50.0625,-6.6875,40.0000,27.0,-0.5625,4.8125,84.8750,3,3,3,3
4007245261,0.1300,0.8900,-9.8100,-1.0625,-0.5000,-0.1875,50.0625,-6.6875,40.0000,27.0,-0.5625,4.8125,84.8750,3,3,3,3
4007255261,0.1600,0.8000,-9.8800,-2.4375,-1.2500,-0.1250,50.0625,-7.0625,38.2500,27.0,-0.5625,4.8125,84.9375,3,3,3,3
4007265261,0.1400,0.7300,-9.9700,-2.8750,-1.1875,-0.5000,50.0625,-7.0625,38.2500,27.0,-0.5625,4.7500,84.9375,3,3,3,3
4007275261,0.1500,0.7800,-10.0100,-2.1875,-1.0625,-0.9375,50.0625,-7.0625,38.2500,27.0,-0.6250,4.7500,84.8750,3,3,3,3
4007285261,0.1500,0.8400,-9.9400,-0.2500,-0.1250,-1.5000,50.0625,-7.0625,38.2500,27.0,-0.6250,4.7500,84.8750,3,3,3,3
4007295304,0.1300,0.8800,-9.7700,1.3750,0.6875,-1.5625,50.0625,-7.0625,38.2500,27.0,-0.6250,4.7500,84.8750,3,3,3,3
4007305304,0.1100,0.8700,-9.8000,1.1250,0.8750,-1.3750,49.3750,-7.0625,39.0625,27.0,-0.5625,4.7500,84.8750,3,3,3,3
4007315304,0.1500,0.9300,-9.8300,-0.0625,-0.0000,-1.7500,49.3750,-7.0625,39.0625,27.0,-0.5625,4.7500,84.8750,3,3,3,3
4007325304,0.1500,0.8800,-9.8100,-0.6250,-0.1250,-1.5000,49.3750,-7.0625,39.0625,27.0,-0.5625,4.7500,84.8750,3,3,3,3
4007335304,0.1400,0.7700,-9.8100,-1.0625,-0.3750,-1.5625,49.3750,-7.0625,39.0625,27.0,-0.6250,4.7500,84.8125,3,3,3,3
4007345304,0.1300,0.7500,-9.9700,-1.7500,-1.0000,-1.7500,49.3750,-7.0625,39.0625,27.0,-0.6250,4.7500,84.8125,3,3,3,3
4007355304,0.1500,0.8300,-9.9300,-1.5000,-0.8125,-2.3125,49.0000,-6.6875,38.2500,27.0,-0.6250,4.7500,84.8125,3,3,3,3
4007365304,0.1400,0.9100,-9.8300,-0.7500,-0.1875,-2.5625,49.0000,-6.6875,38.2500,27.0,-0.6250,4.7500,84.8125,3,3,3,3
4007375304,0.1600,1.0300,-9.8800,-0.5625,-0.0625,-2.2500,49.0000,-6.6875,38.2500,27.0,-0.6250,4.7500,84.8125,3,3,3,3
4007385304,0.1200,0.9500,-9.8400,0.1250,0.1250,-1.6250,49.0000,-6.6875,38.2500,27.0,-0.6250,4.7500,84.7500,3,3,3,3
4007395304,0.1200,0.8700,-9.8500,0.6250,0.3750,-0.6250,49.0000,-6.6875,38.2500,27.0,-0.6250,4.7500,84.7500,3,3,3,3
4007405304,0.1200,0.8700,-9.8700,0.3125,0.1875,-0.1875,49.3750,-7.0625,37.8750,27.0,-0.6250,4.7500,84.7500,3,3,3,3
4007415304,0.1200,0.8500,-9.8700,-0.3750,-0.2500,-0.1875,49.3750,-7.0625,37.8750,27.0,-0.6250,4.7500,84.7500,3,3,3,3
4007425304,0.1500,0.8700,-9.8500,-0.5625,-0.2500,-0.1875,49.3750,-7.0625,37.8750,27.0,-0.6250,4.7500,84.7500,3,3,3,3
4007435304,0.1500,0.8700,-9.8700,-0.2500,-0.1875,-0.1875,49.3750,-7.0625,37.8750,27.0,-0.6250,4.7500,84.7500,3,3,3,3
4007445304,0.1700,0.8500,-9.8700,-0.0625,-0.1250,-0.1250,49.3750,-7.0625,37.8750,27.0,-0.6250,4.7500,84.7500,3,3,3,3
4007455304,0.1600,0.8500,-9.8500,-0.0000,-0.0000,-0.1250,49.3750,-7.3750,39.3750,27.0,-0.6250,4.7500,84.8125,3,3,3,3
4007465304,0.1600,0.8800,-9.8600,0.2500,0.1250,-0.0625,49.3750,-7.3750,39.3750,27.0,-0.6250,4.7500,84.8125,3,3,3,3
4007475304,0.1500,0.8800,-9.8200,0.0625,-0.0000,-0.1250,49.3750,-7.3750,39.3750,27.0,-0.6250,4.7500,84.8125,3,3,3,3
4007485304,0.1400,0.9000,-9.8500,0.0625,-0.0000,-0.1250,49.3750,-7.3750,39.3750,27.0,-0.6250,4.7500,84.8125,3,3,3,3
4007495304,0.1300,0.9000,-9.8600,0.0625,-0.1250,-0.0000,49.3750,-7.3750,39.3750,27.0,-0.6250,4.7500,84.8125,3,3,3,3
4007505304,0.1400,0.8600,-9.8600,-0.0625,0.0625,-0.1875,49.0000,-7.3750,39.5000,27.0,-0.6250,4.7500,84.8125,3,3,3,3
4007515304,0.1400,0.8800,-9.8600,-0.0625,0.0625,-0.3125,49.0000,-7.3750,39.5000,27.0,-0.6250,4.7500,84.8125,3,3,3,3
4007525304,0.1200,0.8700,-9.8500,-0.1875,-0.0625,-0.3125,49.0000,-7.3750,39.5000,27.0,-0.6250,4.7500,84.8125,3,3,3,3
4007535304,0.1100,0.8200,-9.8600,-0.2500,-0.2500,-0.3125,49.0000,-7.3750,39.5000,27.0,-0.6250,4.7500,84.8125,3,3,3,3
4007545304,0.1200,0.8500,-9.8800,-0.1875,-0.1875,-0.3125,49.0000,-7.3750,39.5000,27.0,-0.6250,4.7500,84.8125,3,3,3,3
4007555304,0.1300,0.8400,-9.8700,-0.0000,-0.1250,-0.3125,48.6875,-7.3750,38.6875,27.0,-0.6250,4.7500,84.8125,3,3,3,3
4007565304,0.1400,0.8400,-9.8500,0.1875,0.0625,-0.4375,48.6875,-7.3750,38.6875,27.0,-0.6250,4.7500,84.8125,3,3,3,3
4007575304,0.1400,0.8600,-9.8500,-0.1250,0.1250,-0.1250,48.6875,-7.3750,38.6875,27.0,-0.6250,4.7500,84.8125,3,3,3,3
4007585304,0.1300,0.8200,-9.8600,-0.1250,0.0625,-0.0625,48.6875,-7.3750,38.6875,27.0,-0.6250,4.7500,84.8125,3,3,3,3
4007595304,0.1700,0.8800,-9.8600,-0.0000,-0.0625,-0.0000,48.6875,-7.3750,38.6875,27.0,-0.6250,4.7500,84.8125,3,3,3,3
4007605304,0.1500,0.8800,-9.8700,-0.0000,-0.0625,-0.2500,49.3750,-7.0625,38.6875,27.0,-0.6250,4.7500,84.8125,3,3,3,3
4007615304,0.1300,0.8800,-9.8500,-0.0000,0.1875,-0.0000,49.3750,-7.0625,38.6875,27.0,-0.6250,4.7500,84.8125,3,3,3,3
4007625304,0.1400,0.8800,-9.8300,0.0625,0.0625,-0.0625,49.3750,-7.0625,38.6875,27.0,-0.6250,4.7500,84.8125,3,3,3,3
4007635304,0.1400,0.8800,-9.8500,-0.0000,-0.0000,-0.0000,49.3750,-7.0625,38.6875,27.0,-0.6250,4.7500,84.8125,3,3,3,3
4007645304,0.1100,0.8700,-9.8600,-0.0625,0.0625,-0.0625,49.3750,-7.0625,38.6875,27.0,-0.6250,4.7500,84.8125,3,3,3,3
4007655304,0.1200,0.8800,-9.8700,-0.0000,-0.0000,0.0625,50.0625,-6.3750,38.2500,27.0,-0.6250,4.7500,84.8750,3,3,3,3
4007665304,0.1100,0.8700,-9.8700,-0.1250,-0.1250,0.0625,50.0625,-6.3750,38.2500,27.0,-0.6250,4.7500,84.8750,3,3,3,3
4007675304,0.1200,0.8500,-9.8500,-0.2500,0.0625,-0.0625,50.0625,-6.3750,38.2500,27.0,-0.6250,4.7500,84.8750,3,3,3,3
4007685304,0.1000,0.8200,-9.8600,-0.0625,0.0625,-0.1875,50.0625,-6.3750,38.2500,27.0,-0.6250,4.7500,84.8750,3,3,3,3
4007695304,0.1300,0.8300,-9.8600,-0.1250,0.0625,-0.2500,50.0625,-6.3750,38.2500,27.0,-0.6250,4.7500,84.8750,3,3,3,3
4007705304,0.1400,0.8300,-9.8600,-0.4375,0.0625,-0.1250,48.6875,-7.0625,38.6875,27.0,-0.6250,4.7500,84.8750,3,3,3,3
4007715304,0.1300,0.8300,-9.8600,-0.4375,0.0625,-0.1250,48.6875,-7.0625,38.6875,27.0,-0.6250,4.7500,84.8750,3,3,3,3
4007725304,0.1500,0.8300,-9.8500,-0.3750,-0.0000,-0.1250,48.6875,-7.0625,38.6875,27.0,-0.6250,4.7500,84.8750,3,3,3,3
4007735304,0.1700,0.8100,-9.8500,-0.3750,-0.1250,-0.1250,48.6875,-7.0625,38.6875,27.0,-0.6250,4.7500,84.8750,3,3,3,3
4007745304,0.1600,0.8700,-9.8500,-0.3125,-0.1250,-0.3125,48.6875,-7.0625,38.6875,27.0,-0.6250,4.7500,84.8750,3,3,3,3
4007755304,0.1600,0.8500,-9.8700,-0.0000,-0.0000,-0.3125,49.0000,-7.7500,38.2500,27.0,-0.6250,4.7500,84.8750,3,3,3,3
4007765304,0.1400,0.8800,-9.8700,0.1250,0.1875,-0.3125,49.0000,-7.7500,38.2500,27.0,-0.6250,4.7500,84.8750,3,3,3,3
4007775304,0.1100,0.8700,-9.8400,0.1875,0.0625,-0.3125,49.0000,-7.7500,38.2500,27.0,-0.6250,4.7500,84.8750,3,3,3,3
4007785304,0.1200,0.8600,-9.8800,-0.0625,-0.1250,-0.1875,49.0000,-7.7500,38.2500,27.0,-0.6250,4.7500,84.8750,3,3,3,3
4007795304,0.1200,0.8500,-9.8700,-0.1875,-0.1250,-0.1875,49.0000,-7.7500,38.2500,27.0,-0.6250,4.7500,84.8750,3,3,3,3
4007805304,0.1200,0.8600,-9.8600,-0.0000,-0.1875,-0.1875,49.3750,-7.7500,38.2500,27.0,-0.6250,4.7500,84.8750,3,3,3,3
4007815304,0.1200,0.8700,-9.8600,-0.1250,-0.1250,-0.1250,49.3750,-7.7500,38.2500,27.0,-0.6250,4.7500,84.8750,3,3,3,3
4007825304,0.1400,0.8700,-9.8400,0.1250,-0.1875,-0.1250,49.3750,-7.7500,38.2500,27.0,-0.6250,4.7500,84.8750,3,3,3,3
4007835304,0.1300,0.8600,-9.8500,0.1250,-0.0625,-0.0625,49.3750,-7.7500,38.2500,27.0,-0.6250,4.7500,84.8750,3,3,3,3
4007845304,0.1600,0.9000,-9.8500,-0.0625,0.1875,-0.1250,49.3750,-7.7500,38.2500,27.0,-0.6250,4.7500,84.8750,3,3,3,3
4007855304,0.1600,0.8800,-9.8600,-0.0625,-0.0000,-0.2500,49.0000,-6.6875,39.0625,27.0,-0.6250,4.7500,84.9375,3,3,3,3
4007865304,0.1500,0.8600,-9.8400,-0.1250,0.1875,-0.1875,49.0000,-6.6875,39.0625,27.0,-0.6250,4.7500,84.9375,3,3,3,3
4007875304,0.1600,0.9000,-9.8500,-0.0625,-0.0000,-0.0000,49.0000,-6.6875,39.0625,27.0,-0.6250,4.7500,84.9375,3,3,3,3
4007885304,0.1300,0.8600,-9.8600,0.0625,0.0625,-0.0625,49.0000,-6.6875,39.0625,27.0,-0.6250,4.7500,84.9375,3,3,3,3
4007895304,0.1300,0.8900,-9.8500,-0.0000,-0.0000,-0.1250,49.0000,-6.6875,39.0625,27.0,-0.6250,4.7500,84.9375,3,3,3,3
4007905304,0.1300,0.8700,-9.9100,-0.0625,0.1250,-0.0625,49.3750,-7.3750,38.6875,27.0,-0.6250,4.7500,84.9375,3,3,3,3
4007915304,0.1100,0.8800,-9.8400,0.2500,-0.0000,0.0625,49.3750,-7.3750,38.6875,27.0,-0.6250,4.7500,84.9375,3,3,3,3
4007925304,0.1300,0.8900,-9.8400,0.0625,-0.0625,-0.0625,49.3750,-7.3750,38.6875,27.0,-0.6250,4.7500,84.9375,3,3,3,3
4007935304,0.1400,0.8500,-9.8500,-0.1250,-0.0000,-0.1250,49.3750,-7.3750,38.6875,27.0,-0.6250,4.7500,84.9375,3,3,3,3
4007945304,0.1500,0.8500,-9.8800,-0.2500,0.0625,0.0625,49.3750,-7.3750,38.6875,27.0,-0.6250,4.7500,84.9375,3,3,3,3
4007955304,0.1400,0.8200,-9.8800,-0.2500,0.1250,0.1250,49.0000,-7.3750,39.0625,27.0,-0.6250,4.7500,84.9375,3,3,3,3
4007965304,0.1600,0.8300,-9.8400,-0.1250,-0.0625,-0.0000,49.0000,-7.3750,39.0625,27.0,-0.6250,4.7500,84.9375,3,3,3,3
4007975304,0.1700,0.8400,-9.8300,-0.0000,-0.1250,-0.0000,49.0000,-7.3750,39.0625,27.0,-0.6250,4.7500,84.9375,3,3,3,3
4007985304,0.1600,0.8200,-9.8500,-0.0000,0.0625,0.1250,49.0000,-7.3750,39.0625,27.0,-0.6250,4.7500,84.9375,3,3,3,3
4007995304,0.1500,0.8200,-9.8600,0.1250,-0.0625,0.0625,49.0000,-7.3750,39.0625,27.0,-0.6250,4.7500,84.9375,3,3,3,3
4008005304,0.1400,0.8700,-9.8400,0.0625,-0.0000,-0.0625,49.0000,-8.1875,38.2500,27.0,-0.6250,4.7500,84.9375,3,3,3,3
4008015304,0.1300,0.8800,-9.8200,0.1875,-0.0000,-0.0625,49.0000,-8.1875,38.2500,27.0,-0.6250,4.7500,84.9375,3,3,3,3
4008025304,0.1400,0.8900,-9.8200,0.0625,0.0625,0.1250,49.0000,-8.1875,38.2500,27.0,-0.6250,4.7500,84.9375,3,3,3,3
4008035304,0.1300,0.9000,-9.8400,-0.0625,-0.0000,0.0625,49.0000,-8.1875,38.2500,27.0,-0.6250,4.7500,84.9375,3,3,3,3
4008045304,0.1200,0.8900,-9.8600,0.0625,-0.0625,-0.0625,49.0000,-8.1875,38.2500,27.0,-0.6250,4.7500,84.9375,3,3,3,3
4008055304,0.1200,0.8700,-9.8700,-0.0000,-0.1875,-0.0000,49.3750,-7.3750,38.6875,27.0,-0.6250,4.7500,84.9375,3,3,3,3
4008065304,0.1100,0.8700,-9.8700,-0.1250,0.0625,-0.0000,49.3750,-7.3750,38.6875,27.0,-0.6250,4.7500,84.9375,3,3,3,3
4008075304,0.1300,0.8400,-9.8300,-0.1250,-0.1875,-0.0000,49.3750,-7.3750,38.6875,27.0,-0.6250,4.7500,84.9375,3,3,3,3
4008085304,0.1500,0.8400,-9.8700,-0.1250,-0.0000,0.1250,49.3750,-7.3750,38.6875,27.0,-0.6250,4.7500,84.9375,3,3,3,3
4008095304,0.1100,0.8500,-9.8600,-0.1250,0.0625,0.0625,49.3750,-7.3750,38.6875,27.0,-0.6250,4.7500,84.9375,3,3,3,3
4008105304,0.1400,0.8700,-9.8700,-0.0000,-0.0625,-0.0625,49.3750,-7.7500,38.6875,27.0,-0.6250,4.7500,84.9375,3,3,3,3
4008115304,0.1500,0.8700,-9.8400,-0.0000,-0.0625,-0.0000,49.3750,-7.7500,38.6875,27.0,-0.6250,4.7500,84.9375,3,3,3,3
4008125304,0.1500,0.8800,-9.8400,-0.0625,-0.0000,0.0625,49.3750,-7.7500,38.6875,27.0,-0.6250,4.7500,84.9375,3,3,3,3
4008135304,0.1300,0.8600,-9.8600,-0.0000,-0.0000,-0.0000,49.3750,-7.7500,38.6875,27.0,-0.6250,4.7500,84.9375,3,3,3,3
4008145304,0.1200,0.8800,-9.8400,0.0625,-0.0625,-0.0000,49.3750,-7.7500,38.6875,27.0,-0.6250,4.7500,84.9375,3,3,3,3
4008155304,0.1200,0.8800,-9.8400,-0.0000,-0.0625,-0.0625,48.2500,-7.0625,39.5000,27.0,-0.6250,4.7500,84.9375,3,3,3,3
4008165304,0.1600,0.8700,-9.8700,-0.1875,-0.1875,0.0625,48.2500,-7.0625,39.5000,27.0,-0.6250,4.7500,84.9375,3,3,3,3
4008175304,0.1400,0.8600,-9.9000,-0.0000,-0.1250,0.0625,48.2500,-7.0625,39.5000,27.0,-0.6250,4.7500,84.9375,3,3,3,3
4008185304,0.1400,0.8700,-9.8300,-0.0000,-0.1250,-0.0000,48.2500,-7.0625,39.5000,27.0,-0.6250,4.7500,84.9375,3,3,3,3
4008195304,0.1400,0.8300,-9.8600,-0.0625,-0.0000,-0.0625,48.2500,-7.0625,39.5000,27.0,-0.6250,4.7500,84.9375,3,3,3,3
4008205304,0.1200,0.8500,-9.8800,-0.0625,-0.2500,-0.1875,48.2500,-7.0625,40.5625,27.0,-0.6250,4.7500,84.9375,3,3,3,3
4008215304,0.1400,0.8400,-9.8900,-0.1250,-0.0625,-0.1250,48.2500,-7.0625,40.5625,27.0,-0.6250,4.7500,84.9375,3,3,3,3
4008225304,0.1200,0.8400,-9.8700,-0.1250,-0.0000,0.0625,48.2500,-7.0625,40.5625,27.0,-0.6250,4.7500,84.9375,3,3,3,3
4008235304,0.1300,0.8400,-9.8200,-0.0625,-0.0625,-0.0000,48.2500,-7.0625,40.5625,27.0,-0.6250,4.7500,84.9375,3,3,3,3
4008245304,0.1300,0.8400,-9.8600,-0.0000,-0.1875,-0.1250,48.2500,-7.0625,40.5625,27.0,-0.6250,4.7500,84.9375,3,3,3,3
4008255304,0.1200,0.8200,-9.8600,-0.0000,-0.1250,-0.0625,49.3750,-8.1875,39.0625,27.0,-0.6250,4.7500,84.9375,3,3,3,3
4008265304,0.1600,0.8500,-9.8700,-0.0625,0.1250,-0.0000,49.3750,-8.1875,39.0625,27.0,-0.6250,4.7500,84.9375,3,3,3,3
4008275304,0.1400,0.8300,-9.8700,0.0625,0.1250,0.0625,49.3750,-8.1875,39.0625,27.0,-0.6250,4.7500,84.9375,3,3,3,3
4008285304,0.1400,0.9000,-9.8300,-0.1250,-0.0000,-0.1250,49.3750,-8.1875,39.0625,27.0,-0.6250,4.7500,84.9375,3,3,3,3
4008295304,0.1300,0.8700,-9.8200,-0.0625,-0.0000,0.0625,49.3750,-8.1875,39.0625,27.0,-0.6250,4.7500,84.9375,3,3,3,3
4008305304,0.1600,0.8800,-9.8700,-0.0625,-0.0625,-0.0000,49.6875,-8.5625,39.0625,27.0,-0.6250,4.7500,84.9375,3,3,3,3
4008315304,0.1400,0.8800,-9.8700,-0.0625,-0.0000,-0.0000,49.6875,-8.5625,39.0625,27.0,-0.6250,4.7500,84.9375,3,3,3,3
4008325304,0.1500,0.8900,-9.8700,-0.1250,-0.0625,0.1250,49.6875,-8.5625,39.0625,27.0,-0.6250,4.7500,84.9375,3,3,3,3
4008335304,0.1600,0.8700,-9.8400,-0.0000,-0.0000,-0.0000,49.6875,-8.5625,39.0625,27.0,-0.6250,4.7500,84.9375,3,3,3,3
4008345304,0.1200,0.8400,-9.8600,-0.0625,0.1250,0.0625,49.6875,-8.5625,39.0625,27.0,-0.6250,4.7500,84.9375,3,3,3,3
4008355304,0.1300,0.8600,-9.8800,0.0625,0.0625,-0.0625,48.5625,-7.3750,38.6875,27.0,-0.6250,4.7500,84.9375,3,3,3,3
4008365304,0.1300,0.8200,-9.8700,-0.0000,0.1250,-0.0625,48.5625,-7.3750,38.6875,27.0,-0.6250,4.7500,84.9375,3,3,3,3
4008375304,0.1300,0.8100,-9.8600,-0.2500,-0.0625,0.0625,48.5625,-7.3750,38.6875,27.0,-0.6250,4.7500,84.9375,3,3,3,3
4008385304,0.1100,0.8600,-9.8200,-0.1875,-0.0000,-0.0000,48.5625,-7.3750,38.6875,27.0,-0.6250,4.7500,84.9375,3,3,3,3
4008395304,0.1300,0.8400,-9.8500,0.0625,0.1250,-0.0625,48.5625,-7.3750,38.6875,27.0,-0.6250,4.7500,84.9375,3,3,3,3
4008405304,0.1400,0.8700,-9.8500,0.0625,0.0625,-0.0000,49.0000,-7.3750,38.2500,27.0,-0.6250,4.7500,84.9375,3,3,3,3
4008415304,0.1300,0.8400,-9.8700,-0.2500,-0.0625,-0.0000,49.0000,-7.3750,38.2500,27.0,-0.6250,4.7500,84.9375,3,3,3,3
4008425304,0.1300,0.8700,-9.8700,-0.0625,0.0625,0.0625,49.0000,-7.3750,38.2500,27.0,-0.6250,4.7500,84.9375,3,3,3,3
4008435304,0.1400,0.8400,-9.8400,-0.0625,-0.0625,-0.0625,49.0000,-7.3750,38.2500,27.0,-0.6250,4.7500,84.9375,3,3,3,3
4008445304,0.1400,0.8600,-9.8500,0.0625,-0.3125,-0.0000,49.0000,-7.3750,38.2500,27.0,-0.6250,4.7500,84.9375,3,3,3,3
4008455304,0.1400,0.8500,-9.8600,0.0625,-0.3125,-0.0000,48.6875,-7.7500,39.0625,27.0,-0.6250,4.7500,84.9375,3,3,3,3
4008465304,0.1500,0.8500,-9.8700,0.1250,-0.1250,-0.1250,48.6875,-7.7500,39.0625,27.0,-0.6250,4.7500,84.9375,3,3,3,3
4008475304,0.1400,0.8400,-9.8500,0.1875,-0.1250,-0.0000,48.6875,-7.7500,39.0625,27.0,-0.6250,4.7500,84.9375,3,3,3,3
4008485304,0.1300,0.8800,-9.8300,0.0625,0.0625,-0.0625,48.6875,-7.7500,39.0625,27.0,-0.6250,4.7500,84.9375,3,3,3,3
4008495304,0.1400,0.8700,-9.8500,0.1875,0.0625,-0.0000,48.6875,-7.7500,39.0625,27.0,-0.6250,4.7500,84.9375,3,3,3,3
4008505304,0.1400,0.8500,-9.8500,-0.1250,0.1875,-0.0625,49.0000,-8.1875,38.6875,27.0,-0.6250,4.7500,84.9375,3,3,3,3
4008515304,0.1400,0.8600,-9.8600,-0.1250,-0.0000,-0.0000,49.0000,-8.1875,38.6875,27.0,-0.6250,4.7500,84.9375,3,3,3,3
4008525304,0.1400,0.8700,-9.8700,-0.2500,0.1250,0.0625,49.0000,-8.1875,38.6875,27.0,-0.6250,4.7500,84.9375,3,3,3,3
4008535304,0.1200,0.8700,-9.8500,0.0625,0.1250,-0.0625,49.0000,-8.1875,38.6875,27.0,-0.6250,4.7500,84.9375,3,3,3,3
4008545304,0.1300,0.8800,-9.8400,-0.1250,-0.0000,0.1250,49.0000,-8.1875,38.6875,27.0,-0.6250,4.7500,84.9375,3,3,3,3
4008555304,0.1600,0.8600,-9.8700,-0.1250,-0.0000,0.1250,49.0000,-8.1875,38.6875,27.0,-0.6250,4.7500,84.9375,3,3,3,3
4008565304,0.1300,0.8300,-9.8700,-0.2500,-0.0625,0.1250,48.6875,-7.3750,39.0625,27.0,-0.6250,4.7500,84.9375,3,3,3,3
4008575304,0.1400,0.8200,-9.8500,-0.1250,-0.0000,0.0625,48.6875,-7.3750,39.0625,27.0,-0.6250,4.7500,84.9375,3,3,3,3
4008585304,0.1400,0.8400,-9.8300,0.0625,0.0625,-0.0625,48.6875,-7.3750,39.0625,27.0,-0.6250,4.7500,84.9375,3,3,3,3
4008595304,0.1300,0.8400,-9.8600,-0.0625,0.0625,-0.0000,48.6875,-7.3750,39.0625,27.0,-0.6250,4.7500,84.9375,3,3,3,3
4008605304,0.1200,0.8300,-9.8700,-0.1250,-0.0000,-0.0000,48.6875,-7.3750,39.0625,27.0,-0.6250,4.7500,84.9375,3,3,3,3
4008615304,0.1400,0.8600,-9.8700,-0.0625,-0.0000,-0.0000,50.0625,-8.1875,38.6875,27.0,-0.6250,4.7500,84.9375,3,3,3,3
4008625304,0.1300,0.8700,-9.8500,0.2500,-0.0625,0.0625,50.0625,-8.1875,38.6875,27.0,-0.6250,4.7500,84.9375,3,3,3,3
4008635304,0.1200,0.8600,-9.8300,-0.0625,-0.0000,0.0625,50.0625,-8.1875,38.6875,27.0,-0.6250,4.7500,84.9375,3,3,3,3
4008645304,0.1400,0.8600,-9.8500,-0.1875,0.0625,-0.0000,50.0625,-8.1875,38.6875,27.0,-0.6250,4.7500,84.9375,3,3,3,3
4008655304,0.1500,0.8700,-9.8500,-0.0000,-0.0000,0.0625,50.0625,-8.1875,38.6875,27.0,-0.6250,4.7500,84.9375,3,3,3,3
4008665304,0.1300,0.8900,-9.8400,-0.0000,0.1250,-0.0000,49.6875,-7.3750,38.2500,27.0,-0.6250,4.7500,84.9375,3,3,3,3
4008675304,0.1500,0.8800,-9.8400,0.0625,-0.0000,-0.0625,49.6875,-7.3750,38.2500,27.0,-0.6250,4.7500,84.9375,3,3,3,3
4008685304,0.1300,0.8800,-9.8300,0.0625,-0.0625,-0.0000,49.6875,-7.3750,38.2500,27.0,-0.6250,4.7500,84.9375,3,3,3,3
4008695304,0.1400,0.8800,-9.8700,-0.0625,-0.1250,-0.0000,49.6875,-7.3750,38.2500,27.0,-0.6250,4.7500,84.9375,3,3,3,3
4008705304,0.1500,0.8800,-9.8700,0.0625,-0.1250,-0.0000,49.6875,-7.3750,38.2500,27.0,-0.6250,4.7500,84.9375,3,3,3,3
4008715304,0.1600,0.8600,-9.8600,-0.0000,-0.0000,0.0625,49.3750,-7.0625,38.2500,27.0,-0.6250,4.7500,84.9375,3,3,3,3
4008725304,0.1500,0.8600,-9.8700,-0.0000,0.1250,-0.0000,49.3750,-7.0625,38.2500,27.0,-0.6250,4.7500,84.9375,3,3,3,3
4008735304,0.1400,0.8500,-9.8400,0.0625,-0.0000,-0.0625,49.3750,-7.0625,38.2500,27.0,-0.6250,4.7500,84.9375,3,3,3,3
4008745304,0.1300,0.8300,-9.8800,-0.0000,-0.0000,0.0625,49.3750,-7.0625,38.2500,27.0,-0.6250,4.7500,84.9375,3,3,3,3
4008755304,0.1400,0.8600,-9.8600,0.1250,-0.1250,-0.0000,49.3750,-7.0625,38.2500,27.0,-0.6250,4.7500,84.9375,3,3,3,3
4008765304,0.1400,0.8400,-9.8700,-0.0000,-0.0625,0.0625,49.3750,-8.1875,39.8750,27.0,-0.6250,4.7500,84.9375,3,3,3,3
4008775304,0.1300,0.8400,-9.8700,0.0625,0.0625,-0.0000,49.3750,-8.1875,39.8750,27.0,-0.6250,4.7500,84.9375,3,3,3,3
4008785304,0.1200,0.8500,-9.8400,0.0625,-0.0625,0.1250,49.3750,-8.1875,39.8750,27.0,-0.6250,4.7500,84.9375,3,3,3,3
4008795304,0.1200,0.8400,-9.8400,-0.0000,-0.0625,-0.0625,49.3750,-8.1875,39.8750,27.0,-0.6250,4.7500,84.9375,3,3,3,3
4008805304,0.1500,0.8500,-9.8600,0.1250,-0.0000,0.0625,49.3750,-8.1875,39.8750,27.0,-0.6250,4.7500,84.9375,3,3,3,3
4008815304,0.1400,0.8500,-9.8700,0.1250,0.0625,-0.0000,49.0000,-7.7500,38.2500,27.0,-0.6250,4.7500,84.9375,3,3,3,3
4008825304,0.1500,0.8700,-9.9000,-0.0000,0.1250,-0.0000,49.0000,-7.7500,38.2500,27.0,-0.6250,4.7500,84.9375,3,3,3,3
4008835304,0.1600,0.8700,-9.8500,0.1250,0.0625,-0.0000,49.0000,-7.7500,38.2500,27.0,-0.6250,4.7500,84.9375,3,3,3,3
4008845304,0.1500,0.8400,-9.8500,-0.0625,0.0625,-0.0625,49.0000,-7.7500,38.2500,27.0,-0.6250,4.7500,84.9375,3,3,3,3
4008855304,0.1300,0.8600,-9.8500,-0.0000,-0.1250,-0.0625,49.0000,-7.7500,38.2500,27.0,-0.6250,4.7500,84.9375,3,3,3,3
4008865304,0.1500,0.8400,-9.8500,0.1250,0.0625,0.0625,49.0000,-7.3750,38.2500,27.0,-0.6250,4.7500,84.9375,3,3,3,3
4008875304,0.1500,0.8700,-9.8700,0.1250,0.1250,-0.0000,49.0000,-7.3750,38.2500,27.0,-0.6250,4.7500,84.9375,3,3,3,3
4008885304,0.1400,0.8700,-9.8100,-0.0000,-0.0000,0.1250,49.0000,-7.3750,38.2500,27.0,-0.6250,4.7500,84.9375,3,3,3,3
4008895304,0.1500,0.8400,-9.8700,0.1250,-0.0625,-0.0000,49.0000,-7.3750,38.2500,27.0,-0.6250,4.7500,84.9375,3,3,3,3
4008905304,0.1300,0.8500,-9.8700,-0.0625,-0.0000,0.0625,49.0000,-7.3750,38.2500,27.0,-0.6250,4.7500,84.9375,3,3,3,3
4008915304,0.1300,0.8400,-9.8900,-0.1250,0.0625,-0.0625,49.6875,-7.0625,38.2500,27.0,-0.6250,4.7500,84.9375,3,3,3,3
4008925304,0.1400,0.8600,-9.8700,-0.0000,-0.1250,0.0625,49.6875,-7.0625,38.2500,27.0,-0.6250,4.7500,84.9375,3,3,3,3
4008935304,0.1100,0.8500,-9.8500,-0.0000,-0.0625,-0.0000,49.6875,-7.0625,38.2500,27.0,-0.6250,4.7500,84.9375,3,3,3,3
4008945304,0.1400,0.8600,-9.8500,0.0625,0.1250,0.1250,49.6875,-7.0625,38.2500,27.0,-0.6250,4.7500,84.9375,3,3,3,3
4008955304,0.1100,0.8300,-9.8700,0.1250,0.1875,-0.0625,49.6875,-7.0625,38.2500,27.0,-0.6250,4.7500,84.9375,3,3,3,3
4008965304,0.1400,0.8400,-9.8600,0.1250,0.0625,-0.0000,49.3750,-7.0625,38.6875,27.0,-0.6250,4.7500,84.9375,3,3,3,3
4008975304,0.1400,0.8400,-9.8700,0.0625,0.2500,-0.1875,49.3750,-7.0625,38.6875,27.0,-0.6250,4.7500,84.9375,3,3,3,3
4008985304,0.1400,0.8300,-9.8400,-0.0625,-0.1250,-0.0625,49.3750,-7.0625,38.6875,27.0,-0.6250,4.7500,84.9375,3,3,3,3
4008995304,0.1400,0.8600,-9.8600,-0.0625,0.1875,-0.0625,49.3750,-7.0625,38.6875,27.0,-0.6250,4.7500,84.9375,3,3,3,3
4009005304,0.1500,0.8800,-9.8600,0.1250,-0.0625,-0.1250,49.3750,-7.0625,38.6875,27.0,-0.6250,4.7500,84.9375,3,3,3,3
4009015304,0.1600,0.8700,-9.8800,0.1875,-0.0625,-0.0625,50.3750,-7.0625,38.2500,27.0,-0.6250,4.7500,84.9375,3,3,3,3
4009025304,0.1500,0.8800,-9.8600,-0.1875,-0.0625,-0.1875,50.3750,-7.0625,38.2500,27.0,-0.6250,4.7500,84.9375,3,3,3,3
4009035304,0.1300,0.8500,-9.8300,-0.0625,0.1250,-0.0625,50.3750,-7.0625,38.2500,27.0,-0.6250,4.7500,84.9375,3,3,3,3
4009045304,0.1400,0.8500,-9.8300,-0.0000,0.0625,-0.0000,50.3750,-7.0625,38.2500,27.0,-0.6250,4.7500,84.9375,3,3,3,3
4009055304,0.1500,0.8600,-9.8600,-0.0625,-0.0000,-0.0625,50.3750,-7.0625,38.2500,27.0,-0.6250,4.7500,84.9375,3,3,3,3
4009065304,0.1200,0.8400,-9.8600,-0.0000,0.1250,-0.0625,49.0000,-7.3750,38.2500,27.0,-0.6250,4.7500,84.9375,3,3,3,3
4009075304,0.1500,0.8600,-9.8700,-0.0000,0.1875,-0.0000,49.0000,-7.3750,38.2500,27.0,-0.6250,4.7500,84.9375,3,3,3,3
4009085304,0.1200,0.8700,-9.8400,0.1250,-0.0625,0.0625,49.0000,-7.3750,38.2500,27.0,-0.6250,4.7500,84.9375,3,3,3,3
4009095304,0.1500,0.8400,-9.8700,0.1875,-0.1250,0.1250,49.0000,-7.3750,38.2500,27.0,-0.6250,4.7500,84.9375,3,3,3,3
4009105304,0.1200,0.8700,-9.8800,0.1250,-0.0625,-0.0625,49.0000,-7.3750,38.2500,27.0,-0.6250,4.7500,84.9375,3,3,3,3
4009115304,0.1600,0.8600,-9.8600,-0.0625,-0.0625,-0.0000,49.0000,-6.3750,37.5000,27.0,-0.6250,4.7500,84.9375,3,3,3,3
4009125304,0.1500,0.8800,-9.8300,-0.0000,-0.1875,0.1250,49.0000,-6.3750,37.5000,27.0,-0.6250,4.7500,84.9375,3,3,3,3
4009135304,0.1600,0.8300,-9.8400,-0.0625,-0.0625,0.0625,49.0000,-6.3750,37.5000,27.0,-0.6250,4.7500,84.9375,3,3,3,3
4009145304,0.1300,0.8500,-9.8600,0.1875,-0.0625,-0.0000,49.0000,-6.3750,37.5000,27.0,-0.6250,4.7500,84.9375,3,3,3,3
4009155304,0.1500,0.8600,-9.8700,-0.0625,-0.0000,-0.0625,49.0000,-6.3750,37.5000,27.0,-0.6250,4.7500,84.9375,3,3,3,3
4009165304,0.1300,0.8500,-9.8600,0.1250,-0.1250,-0.0625,48.5625,-6.6875,39.8750,27.0,-0.6250,4.7500,84.9375,3,3,3,3
4009175304,0.1400,0.8600,-9.8600,-0.1875,0.2500,0.0625,48.5625,-6.6875,39.8750,27.0,-0.6250,4.7500,84.9375,3,3,3,3
4009185304,0.1300,0.8500,-9.8200,0.0625,-0.0000,-0.0000,48.5625,-6.6875,39.8750,27.0,-0.6250,4.7500,84.9375,3,3,3,3
4009195304,0.1300,0.8300,-9.8500,-0.1250,0.1875,-0.0625,48.5625,-6.6875,39.8750,27.0,-0.6250,4.7500,84.9375,3,3,3,3
4009205304,0.1300,0.8600,-9.8900,-0.3125,-0.0000,-0.0000,48.5625,-6.6875,39.8750,27.0,-0.6250,4.7500,84.9375,3,3,3,3
4009215304,0.1300,0.8700,-9.8400,-0.1875,-0.0625,0.0625,49.0000,-7.3750,38.2500,27.0,-0.6250,4.7500,84.9375,3,3,3,3
4009225304,0.1400,0.8500,-9.8500,-0.0625,-0.0625,-0.0000,49.0000,-7.3750,38.2500,27.0,-0.6250,4.7500,84.9375,3,3,3,3
4009235304,0.1400,0.8300,-9.8500,-0.0000,-0.0625,-0.0000,49.0000,-7.3750,38.2500,27.0,-0.6250,4.7500,84.9375,3,3,3,3
4009245304,0.1500,0.8500,-9.8300,-0.0000,0.0625,-0.0625,49.0000,-7.3750,38.2500,27.0,-0.6250,4.7500,84.9375,3,3,3,3
4009255304,0.1400,0.8600,-9.8900,-0.0625,-0.0000,-0.0000,49.0000,-7.3750,38.2500,27.0,-0.6250,4.7500,84.9375,3,3,3,3
4009265304,0.1500,0.8600,-9.8600,-0.0000,-0.0000,0.0625,49.3750,-7.0625,37.8750,27.0,-0.6250,4.7500,84.9375,3,3,3,3
4009275304,0.1400,0.8700,-9.8700,-0.2500,0.0625,0.0625,49.3750,-7.0625,37.8750,27.0,-0.6250,4.7500,84.9375,3,3,3,3
4009285304,0.1400,0.8500,-9.8400,-0.0000,0.1250,0.0625,49.3750,-7.0625,37.8750,27.0,-0.6250,4.7500,84.9375,3,3,3,3
4009295304,0.1600,0.8600,-9.8500,-0.0000,-0.0000,0.0625,49.3750,-7.0625,37.8750,27.0,-0.6250,4.7500,84.9375,3,3,3,3
4009305304,0.1400,0.8700,-9.8200,0.0625,-0.0625,-0.0000,49.3750,-7.0625,37.8750,27.0,-0.6250,4.7500,84.9375,3,3,3,3
4009315304,0.1600,0.8700,-9.8700,-0.1875,-0.0625,-0.0000,49.6875,-7.0625,38.6875,27.0,-0.6250,4.7500,84.9375,3,3,3,3
4009325304,0.1300,0.8500,-9.8600,-0.0625,-0.0625,-0.0000,49.6875,-7.0625,38.6875,27.0,-0.6250,4.7500,84.9375,3,3,3,3
4009335304,0.1200,0.8400,-9.8600,-0.1250,0.0625,-0.0000,49.6875,-7.0625,38.6875,27.0,-0.6250,4.7500,84.9375,3,3,3,3
4009345304,0.1500,0.8300,-9.8700,-0.1250,-0.0625,0.1250,49.6875,-7.0625,38.6875,27.0,-0.6250,4.7500,84.9375,3,3,3,3
4009355304,0.1600,0.8600,-9.8600,0.1250,0.0625,0.0625,49.6875,-7.0625,38.6875,27.0,-0.6250,4.7500,84.9375,3,3,3,3
4009365304,0.1400,0.8500,-9.8400,-0.0000,0.0625,-0.0000,50.3750,-7.0625,39.5000,27.0,-0.6250,4.7500,84.9375,3,3,3,3
4009375304,0.1500,0.8800,-9.8700,-0.0625,-0.0625,0.0625,50.3750,-7.0625,39.5000,27.0,-0.6250,4.7500,84.9375,3,3,3,3
4009385304,0.1500,0.8700,-9.8400,-0.0000,0.0625,-0.0625,50.3750,-7.0625,39.5000,27.0,-0.6250,4.7500,84.9375,3,3,3,3
4009395304,0.1400,0.8700,-9.8300,-0.0000,-0.0000,0.1875,50.3750,-7.0625,39.5000,27.0,-0.6250,4.7500,84.9375,3,3,3,3
4009405304,0.1400,0.8700,-9.8500,-0.0625,-0.1875,-0.0000,50.3750,-7.0625,39.5000,27.0,-0.6250,4.7500,84.9375,3,3,3,3
4009415304,0.1500,0.8500,-9.8700,-0.1250,-0.0000,0.0625,50.0625,-8.1875,38.2500,27.0,-0.6250,4.7500,84.9375,3,3,3,3
4009425304,0.1400,0.8600,-9.8600,-0.1250,-0.0625,0.1250,50.0625,-8.1875,38.2500,27.0,-0.6250,4.7500,84.9375,3,3,3,3
4009435304,0.1400,0.8600,-9.8500,-0.1250,-0.2500,0.0625,50.0625,-8.1875,38.2500,27.0,-0.6250,4.7500,84.9375,3,3,3,3
4009445304,0.1300,0.8300,-9.8700,-0.0625,-0.0625,-0.0000,50.0625,-8.1875,38.2500,27.0,-0.6250,4.7500,84.9375,3,3,3,3
4009455304,0.1300,0.8500,-9.8500,0.0625,-0.0000,0.0625,50.0625,-8.1875,38.2500,27.0,-0.6250,4.7500,84.9375,3,3,3,3
4009465304,0.1200,0.8600,-9.8800,-0.0625,0.1250,-0.0000,49.0000,-7.0625,38.6875,27.0,-0.6250,4.7500,84.9375,3,3,3,3
4009475304,0.1300,0.8700,-9.8600,0.0625,0.1875,-0.0000,49.0000,-7.0625,38.6875,27.0,-0.6250,4.7500,84.9375,3,3,3,3
4009485304,0.1500,0.8500,-9.8500,0.0625,0.1250,0.0625,49.0000,-7.0625,38.6875,27.0,-0.6250,4.7500,84.9375,3,3,3,3
4009495304,0.1700,0.8500,-9.8400,0.1250,-0.1250,-0.0000,49.0000,-7.0625,38.6875,27.0,-0.6250,4.7500,84.9375,3,3,3,3
4009505304,0.1400,0.8600,-9.8600,-0.1250,-0.1875,-0.0625,49.0000,-7.0625,38.6875,27.0,-0.6250,4.7500,84.9375,3,3,3,3
4009515304,0.1400,0.8700,-9.8600,-0.0625,0.1250,-0.0000,49.0000,-7.7500,38.6875,27.0,-0.6250,4.7500,84.9375,3,3,3,3
4009525304,0.1400,0.8800,-9.8600,-0.0000,-0.0000,-0.0625,49.0000,-7.7500,38.6875,27.0,-0.6250,4.7500,84.9375,3,3,3,3
4009535304,0.1500,0.8600,-9.8300,0.0625,-0.1875,0.0625,49.0000,-7.7500,38.6875,27.0,-0.6250,4.7500,84.9375,3,3,3,3
4009545304,0.1400,0.8200,-9.8600,-0.0000,-0.0625,0.0625,49.0000,-7.7500,38.6875,27.0,-0.6250,4.7500,84.9375,3,3,3,3
4009555304,0.1400,0.8400,-9.8700,0.0625,-0.0625,0.0625,49.0000,-7.7500,38.6875,27.0,-0.6250,4.7500,84.9375,3,3,3,3
4009565304,0.1300,0.8500,-9.8600,-0.1250,-0.0625,-0.0000,48.2500,-7.3750,38.6875,27.0,-0.6250,4.7500,84.9375,3,3,3,3
4009575304,0.1300,0.8500,-9.8300,-0.0000,-0.0625,-0.0000,48.2500,-7.3750,38.6875,27.0,-0.6250,4.7500,84.9375,3,3,3,3
4009585304,0.1300,0.8600,-9.8300,-0.3125,-0.0000,-0.0000,48.2500,-7.3750,38.6875,27.0,-0.6250,4.7500,84.9375,3,3,3,3
4009595304,0.1400,0.8500,-9.9000,-0.0000,-0.0625,-0.0000,48.2500,-7.3750,38.6875,27.0,-0.6250,4.7500,84.9375,3,3,3,3
4009605304,0.1200,0.8400,-9.8800,-0.2500,-0.1250,0.1250,48.2500,-7.3750,38.6875,27.0,-0.6250,4.7500,84.9375,3,3,3,3
4009615304,0.1000,0.8600,-9.8700,-0.0000,-0.1250,-0.0625,48.6875,-7.0625,39.0625,27.0,-0.6250,4.7500,84.9375,3,3,3,3
4009625304,0.1200,0.8500,-9.8800,-0.0000,-0.0000,-0.1875,48.6875,-7.0625,39.0625,27.0,-0.6250,4.7500,84.9375,3,3,3,3
4009635304,0.1500,0.8800,-9.8700,0.1250,0.1875,-0.0000,48.6875,-7.0625,39.0625,27.0,-0.6250,4.7500,84.9375,3,3,3,3
4009645304,0.1600,0.9000,-9.8400,0.0625,-0.1250,-0.1250,48.6875,-7.0625,39.0625,27.0,-0.6250,4.7500,84.9375,3,3,3,3
4009655304,0.1500,0.9000,-9.8000,0.0625,-0.1250,0.0625,48.6875,-7.0625,39.0625,27.0,-0.6250,4.7500,84.9375,3,3,3,3
4009665304,0.1600,0.8700,-9.9000,-0.1250,-0.0000,-0.0000,48.5625,-8.5625,39.8750,27.0,-0.6250,4.7500,84.9375,3,3,3,3
4009675304,0.1500,0.8800,-9.8900,-0.1250,0.0625,-0.0625,48.5625,-8.5625,39.8750,27.0,-0.6250,4.7500,84.9375,3,3,3,3
4009685304,0.1500,0.8700,-9.8400,-0.1250,0.0625,-0.0625,48.5625,-8.5625,39.8750,27.0,-0.6250,4.7500,84.9375,3,3,3,3
4009695304,0.1200,0.8300,-9.8400,-0.1250,-0.0000,-0.0000,48.5625,-8.5625,39.8750,27.0,-0.6250,4.7500,84.9375,3,3,3,3
4009705304,0.1300,0.8200,-9.8600,-0.0625,-0.0625,-0.0625,48.5625,-8.5625,39.8750,27.0,-0.6250,4.7500,84.9375,3,3,3,3
4009715304,0.1100,0.8200,-9.8500,0.0625,-0.0625,0.1250,48.2500,-7.3750,39.0625,27.0,-0.6250,4.7500,84.9375,3,3,3,3
4009725304,0.1000,0.8200,-9.8600,0.0625,0.0625,0.0625,48.2500,-7.3750,39.0625,27.0,-0.6250,4.7500,84.9375,3,3,3,3
4009735304,0.1300,0.8400,-9.8500,-0.0000,0.1250,-0.0625,48.2500,-7.3750,39.0625,27.0,-0.6250,4.7500,84.9375,3,3,3,3
4009745304,0.0900,0.8600,-9.8700,-0.0625,0.0625,0.0625,48.2500,-7.3750,39.0625,27.0,-0.6250,4.7500,84.9375,3,3,3,3
